Product_ID,Product_Name,Category,Sub_Category,Price,Supplier
PROD00001,Tata Cricket Bat,Sports,Cricket Bat,24799,BigBasket
PROD00002,LG Women Dress,Fashion,Women Dress,6333,Flipkart Seller
PROD00003,Mi Cricket Bat,Sports,Cricket Bat,14325,Reliance Retail
PROD00004,Bajaj Mobile,Electronics,Mobile,65990,ITC Limited
PROD00005,Apple Academic Book,Books,Academic Book,964,ITC Limited
PROD00006,Dell Shampoo,Beauty,Shampoo,4927,BigBasket
PROD00007,Sony Rice,Grocery,Rice,2909,Vijay Sales
PROD00008,LG Dining Table,Home & Kitchen,Dining Table,14610,Croma
PROD00009,Aashirvaad Mobile,Electronics,Mobile,30353,Croma
PROD00010,OnePlus Tea Powder,Grocery,Tea Powder,1133,Reliance Retail
PROD00011,Apple Badminton Racket,Sports,Badminton Racket,4590,Vijay Sales
PROD00012,Adidas Television,Electronics,Television,99800,Godrej Consumer
PROD00013,Reliance Men T-Shirt,Fashion,Men T-Shirt,5717,DMart
PROD00014,Prestige Tea Powder,Grocery,Tea Powder,1003,Flipkart Seller
PROD00015,Dell Perfume,Beauty,Perfume,3088,Amazon Seller
PROD00016,Bajaj Dining Table,Home & Kitchen,Dining Table,44420,BigBasket
PROD00017,OnePlus Cricket Bat,Sports,Cricket Bat,21306,Amazon Seller
PROD00018,Sony Novel,Books,Novel,2043,Vijay Sales
PROD00019,Puma LED Lamp,Home & Kitchen,LED Lamp,45366,Croma
PROD00020,Puma Rice,Grocery,Rice,181,Croma
PROD00021,Prestige Perfume,Beauty,Perfume,1828,Godrej Consumer
PROD00022,Bajaj Dumbbell,Sports,Dumbbell,21977,Tata Consumer
PROD00023,LG Lipstick,Beauty,Lipstick,2269,Amazon Seller
PROD00024,Apple Handbag,Fashion,Handbag,2452,Godrej Consumer
PROD00025,Amul Lipstick,Beauty,Lipstick,1896,Amazon Seller
PROD00026,Prestige Children Book,Books,Children Book,342,Flipkart Seller
PROD02656,LG Mobile,Electronics,Mobile,119964,Amazon Seller
PROD00028,OnePlus Lipstick,Beauty,Lipstick,3934,ITC Limited
PROD00029,Tata LED Lamp,Home & Kitchen,LED Lamp,45083,Flipkart Seller
PROD00030,Boat Dumbbell,Sports,Dumbbell,4155,BigBasket
PROD00031,Dell Shampoo,Beauty,Shampoo,126,BigBasket
PROD00032,Lenovo Novel,Books,Novel,585,BigBasket
PROD00033,OnePlus Spices,Grocery,Spices,864,Amazon Seller
PROD00034,Apple Pressure Cooker,Home & Kitchen,Pressure Cooker,35257,Reliance Retail
PROD00035,HP Biography,Books,Biography,229,Flipkart Seller
PROD00036,Puma Dining Table,Home & Kitchen,Dining Table,4296,DMart
PROD00037,Prestige Academic Book,Books,Academic Book,2140,Flipkart Seller
PROD00038,LG Spices,Grocery,Spices,575,Tata Consumer
PROD00039,Nike Novel,Books,Novel,2311,Godrej Consumer
PROD00040,Apple Shampoo,Beauty,Shampoo,1747,BigBasket
PROD00041,Dell Perfume,Beauty,Perfume,4339,Tata Consumer
PROD00042,Puma Laptop,Electronics,Laptop,21784,Croma
PROD00043,Apple Television,Electronics,Television,65323,Godrej Consumer
PROD00044,Prestige Men T-Shirt,Fashion,Men T-Shirt,6098,Reliance Retail
PROD00045,Reliance Men T-Shirt,Fashion,Men T-Shirt,7342,Croma
PROD00046,Puma Television,Electronics,Television,78001,Tata Consumer
PROD00047,LG Handbag,Fashion,Handbag,6225,Godrej Consumer
PROD00048,Puma Children Book,Books,Children Book,2087,Vijay Sales
PROD00049,Samsung Men T-Shirt,Fashion,Men T-Shirt,5698,Vijay Sales
PROD00050,Godrej Sofa,Home & Kitchen,Sofa,31106,Reliance Retail
PROD00051,Reliance Cricket Bat,Sports,Cricket Bat,13693,Croma
PROD00052,Puma Rice,Grocery,Rice,834,DMart
PROD00053,LG Children Book,Books,Children Book,1878,Amazon Seller
PROD00054,Puma Sofa,Home & Kitchen,Sofa,5440,
PROD00055,Samsung Spices,Grocery,Spices,257,ITC Limited
PROD00056,Prestige Rice,Grocery,Rice,1018,Amazon Seller
PROD00057,HP Lipstick,Beauty,Lipstick,1851,Vijay Sales
PROD00058,Aashirvaad Laptop,Electronics,Laptop,5565,Vijay Sales
PROD00059,Adidas Sofa,Home & Kitchen,Sofa,28222,ITC Limited
PROD00060,LG Badminton Racket,Sports,Badminton Racket,6722,BigBasket
PROD00061,Mi Men T-Shirt,FASHION,Men T-Shirt,6327,ITC Limited
PROD00062,Reliance Smart Watch,Electronics,Smart Watch,18144,Godrej Consumer
PROD00063,Reliance Shampoo,Beauty,Shampoo,4260,Flipkart Seller
PROD00064,Prestige Cooking Oil,Grocery,Cooking Oil,2487,Flipkart Seller
PROD00065,Aashirvaad Football,Sports,Football,4428,Godrej Consumer
PROD00066,OnePlus Handbag,Fashion,Handbag,625,Godrej Consumer
PROD00067,Mi Headphones,Electronics,Headphones,142044,Croma
PROD00068,Boat Pressure Cooker,Home & Kitchen,Pressure Cooker,16142,BigBasket
PROD00069,Adidas Shampoo,Beauty,Shampoo,3845,Croma
PROD00070,Tata Rice,Grocery,Rice,1927,Godrej Consumer
PROD00071,Prestige Academic Book,Books,Academic Book,2352,DMart
PROD00072,LG Biography,Books,Biography,1579,Flipkart Seller
PROD00073,Adidas Jeans,Fashion,Jeans,1592,Tata Consumer
PROD00074,Adidas Spices,Grocery,Spices,2555,ITC Limited
PROD00075,Adidas Television,Electronics,Television,32154,Amazon Seller
PROD00076,Samsung Mixer Grinder,Home & Kitchen,Mixer Grinder,49155,ITC Limited
PROD00077,Adidas Jeans,Fashion,Jeans,5254,DMart
PROD00078,Bajaj Dumbbell,Sports,Dumbbell,23027,BigBasket
PROD00079,Nike Children Book,Books,Children Book,358,Flipkart Seller
PROD00080,Nike Badminton Racket,Sports,Badminton Racket,1944,Reliance Retail
PROD00081,Nike Pressure Cooker,Home & Kitchen,Pressure Cooker,11089,Tata Consumer
PROD00082,Apple Children Book,Books,Children Book,189,Flipkart Seller
PROD00083,Apple Laptop,Electronics,Laptop,14444,Croma
PROD00084,Godrej Novel,Books,Novel,672,Reliance Retail
PROD00085,Reliance Dining Table,Home & Kitchen,Dining Table,23949,DMart
PROD00086,Samsung Football,Sports,Football,12089,ITC Limited
PROD00087,OnePlus Biscuits,Grocery,Biscuits,683,DMart
PROD00088,Sony Cooking Oil,Grocery,Cooking Oil,1738,Reliance Retail
PROD00089,Godrej Jeans,Fashion,Jeans,6871,DMart
PROD00090,Samsung Pressure Cooker,Home & Kitchen,Pressure Cooker,25570,Reliance Retail
PROD00091,Puma Biscuits,Grocery,Biscuits,867,Tata Consumer
PROD00092,Puma Dining Table,Home & Kitchen,Dining Table,15109,Reliance Retail
PROD00093,Aashirvaad Football,Sports,Football,11256,BigBasket
PROD00094,Nike Rice,Grocery,Rice,1488,ITC Limited
PROD00095,Tata Perfume,Beauty,Perfume,1044,BigBasket
PROD05123,Puma Shampoo,Beauty,Shampoo,1237,Tata Consumer
PROD00097,Amul Children Book,Books,Children Book,1434,Vijay Sales
PROD00098,Aashirvaad Academic Book,Books,Academic Book,928,BigBasket
PROD00099,Tata Headphones,Electronics,Headphones,141293,ITC Limited
PROD00100,Amul Football,Sports,Football,14632,Flipkart Seller
PROD00101,OnePlus Dumbbell,Sports,Dumbbell,10786,Flipkart Seller
PROD00102,Lenovo Dumbbell,Sports,Dumbbell,10634,Vijay Sales
PROD00103,Adidas Sofa,Home & Kitchen,Sofa,36833,Amazon Seller
PROD00104,Aashirvaad Shoes,Fashion,Shoes,5848,Amazon Seller
PROD00105,Aashirvaad Biography,Books,Biography,2394,Reliance Retail
PROD00106,Bajaj Dining Table,Home & Kitchen,Dining Table,28673,Godrej Consumer
PROD00107,Dell Biography,Books,Biography,1959,Tata Consumer
PROD00108,Lenovo Football,Sports,Football,16005,Amazon Seller
PROD00109,Adidas Cricket Bat,Sports,Cricket Bat,17390,Godrej Consumer
PROD00110,Puma Mixer Grinder,Home & Kitchen,Mixer Grinder,44592,BigBasket
PROD00111,LG Women Dress,Fashion,Women Dress,500,Reliance Retail
PROD00112,OnePlus Shoes,Fashion,Shoes,7261,Flipkart Seller
PROD00113,Mi Lipstick,Beauty,Lipstick,1692,Vijay Sales
PROD00114,Puma Lipstick,Beauty,Lipstick,1308,Reliance Retail
PROD00115,Godrej Rice,Grocery,Rice,946,Amazon Seller
PROD00116,Dell Spices,Grocery,Spices,255,ITC Limited
PROD00117,Dell Men T-Shirt,Fashion,Men T-Shirt,1392,Tata Consumer
PROD00118,Dell Dumbbell,Sports,Dumbbell,20575,ITC Limited
PROD00119,Sony Lipstick,Beauty,Lipstick,3988,Tata Consumer
PROD00120,Nike Pressure Cooker,Home & Kitchen,Pressure Cooker,34663,Tata Consumer
PROD00121,Nike Football,Sports,Football,14913,Flipkart Seller
PROD00122,Puma Dumbbell,Sports,Dumbbell,9403,Croma
PROD00123,Prestige LED Lamp,Home & Kitchen,LED Lamp,9568,Amazon Seller
PROD00124,LG Shoes,Fashion,Shoes,6086,DMart
PROD00125,Godrej Headphones,Electronics,Headphones,91738,ITC Limited
PROD00126,Reliance Lipstick,Beauty,Lipstick,1794,Vijay Sales
PROD00127,Mi Face Wash,Beauty,Face Wash,3216,Tata Consumer
PROD00128,Adidas Smart Watch,Electronics,Smart Watch,107232,Vijay Sales
PROD00129,HP Novel,Books,Novel,1048,BigBasket
PROD00130,Tata Lipstick,Beauty,Lipstick,3285,Croma
PROD00131,Sony Badminton Racket,Sports,Badminton Racket,28041,Tata Consumer
PROD00132,Apple Handbag,Fashion,Handbag,520,Vijay Sales
PROD00133,Prestige Academic Book,Books,Academic Book,1905,Amazon Seller
PROD00134,Sony Biscuits,Grocery,Biscuits,255,BigBasket
PROD00135,Bajaj Perfume,Beauty,Perfume,3824,Croma
PROD00136,Nike Sofa,Home & Kitchen,Sofa,49783,Vijay Sales
PROD00137,HP Mixer Grinder,Home & Kitchen,Mixer Grinder,1770,ITC Limited
PROD00138,Puma Smart Watch,Electronics,Smart Watch,22987,Reliance Retail
PROD00139,Puma Rice,Grocery,Rice,866,Reliance Retail
PROD00140,Puma Novel,Books,Novel,667,Tata Consumer
PROD00141,Mi Cricket Bat,Sports,Cricket Bat,7642,Tata Consumer
PROD00142,Amul Dumbbell,Sports,Dumbbell,5998,Godrej Consumer
PROD00143,Sony Academic Book,Books,Academic Book,1424,Flipkart Seller
PROD00144,Adidas Academic Book,Books,Academic Book,1687,Vijay Sales
PROD00145,Prestige Football,Sports,Football,19901,DMart
PROD00146,OnePlus Smart Watch,Electronics,Smart Watch,36733,Godrej Consumer
PROD00147,Amul Rice,Grocery,Rice,2232,Vijay Sales
PROD00148,Prestige Dumbbell,Sports,Dumbbell,17079,Croma
PROD00149,HP Headphones,Electronics,Headphones,32666,Vijay Sales
PROD00150,LG Sofa,Home & Kitchen,Sofa,29040,Amazon Seller
PROD00151,OnePlus Dumbbell,Sports,Dumbbell,26983,ITC Limited
PROD00152,Dell Biscuits,Grocery,Biscuits,1834,Godrej Consumer
PROD00153,Puma Dining Table,Home & Kitchen,Dining Table,6179,BigBasket
PROD00154,Dell Shampoo,Beauty,Shampoo,4768,Godrej Consumer
PROD00155,Boat Badminton Racket,Sports,Badminton Racket,1440,Tata Consumer
PROD00156,Sony Tea Powder,Grocery,Tea Powder,2047,DMart
PROD00157,Boat Dining Table,Home & Kitchen,Dining Table,18827,Godrej Consumer
PROD00158,Apple Dumbbell,Sports,Dumbbell,832,ITC Limited
PROD00159,Puma Men T-Shirt,Fashion,Men T-Shirt,6198,Vijay Sales
PROD00160,HP Shampoo,Beauty,Shampoo,4120,Tata Consumer
PROD00161,Prestige Rice,Grocery,Rice,1255,DMart
PROD00162,Adidas Shampoo,Beauty,Shampoo,4864,Croma
PROD00163,Godrej Perfume,Beauty,Perfume,4608,Croma
PROD00164,Nike Sofa,Home & Kitchen,Sofa,20594,BigBasket
PROD00165,Bajaj Men T-Shirt,Fashion,Men T-Shirt,2884,Flipkart Seller
PROD00166,Bajaj Football,Sports,Football,7590,Tata Consumer
PROD00167,Lenovo LED Lamp,Home & Kitchen,LED Lamp,39611,BigBasket
PROD00168,Adidas Laptop,Electronics,Laptop,64633,Croma
PROD00169,Tata Jeans,Fashion,Jeans,6100,ITC Limited
PROD00170,Reliance Jeans,Fashion,Jeans,746,ITC Limited
PROD00171,HP Pressure Cooker,Home & Kitchen,Pressure Cooker,7223,Reliance Retail
PROD00172,HP Biography,Books,Biography,2110,Tata Consumer
PROD00173,Reliance Pressure Cooker,Home & Kitchen,Pressure Cooker,17046,Tata Consumer
PROD00174,Aashirvaad Mobile,Electronics,Mobile,133908,Flipkart Seller
PROD00175,LG Academic Book,Books,Academic Book,761,Godrej Consumer
PROD00176,Puma Mixer Grinder,Home & Kitchen,,8262,ITC Limited
PROD00177,OnePlus Biscuits,Grocery,Biscuits,2491,Godrej Consumer
PROD00178,Aashirvaad Handbag,Fashion,Handbag,3990,Tata Consumer
PROD00179,Godrej LED Lamp,Home & Kitchen,LED Lamp,20513,Godrej Consumer
PROD00180,OnePlus Academic Book,Books,Academic Book,556,DMart
PROD00181,Nike Football,Sports,Football,22140,Flipkart Seller
PROD00182,Sony Women Dress,Fashion,Women Dress,4821,Flipkart Seller
PROD00183,Godrej Men T-Shirt,Fashion,Men T-Shirt,3990,Godrej Consumer
PROD00184,Reliance Perfume,Beauty,Perfume,1996,BigBasket
PROD00185,Dell Dumbbell,Sports,Dumbbell,2832,DMart
PROD00186,Bajaj LED Lamp,Home & Kitchen,LED Lamp,28361,Flipkart Seller
PROD00187,LG Novel,Books,Novel,1238,Amazon Seller
PROD00188,Sony Mobile,Electronics,Mobile,85638,Godrej Consumer
PROD00189,Dell Dumbbell,Sports,Dumbbell,4574,Tata Consumer
PROD00190,Aashirvaad Dumbbell,Sports,Dumbbell,9420,ITC Limited
PROD00191,Dell Children Book,Books,Children Book,479,Godrej Consumer
PROD00192,Boat Headphones,Electronics,Headphones,70632,Reliance Retail
PROD00193,Mi Laptop,Electronics,Laptop,10438,BigBasket
PROD00194,Sony Academic Book,Books,Academic Book,2077,ITC Limited
PROD00195,Nike Badminton Racket,Sports,Badminton Racket,6447,Godrej Consumer
PROD00196,Prestige Lipstick,Beauty,Lipstick,3950,Croma
PROD00197,Boat Perfume,Beauty,Perfume,956,Amazon Seller
PROD00198,HP Sofa,Home & Kitchen,Sofa,19388,Vijay Sales
PROD00199,Reliance Spices,Grocery,Spices,1912,Flipkart Seller
PROD00200,Boat Dining Table,Home & Kitchen,Dining Table,8097,Vijay Sales
PROD00201,Tata Spices,Grocery,Spices,2743,ITC Limited
PROD00202,Reliance Lipstick,Beauty,Lipstick,1636,ITC Limited
PROD00203,HP LED Lamp,Home & Kitchen,LED Lamp,41486,Tata Consumer
PROD00204,Bajaj Rice,Grocery,Rice,1143,ITC Limited
PROD00205,,Fashion,Jeans,7515,Tata Consumer
PROD00206,OnePlus Mobile,Electronics,Mobile,67730,Amazon Seller
PROD00207,Tata LED Lamp,Home & Kitchen,LED Lamp,36692,Vijay Sales
PROD00208,Samsung Laptop,Electronics,Laptop,125965,Flipkart Seller
PROD00209,HP Football,Sports,Football,23981,BigBasket
PROD00210,Godrej Biography,Books,Biography,2126,Tata Consumer
PROD00211,Apple Shoes,Fashion,Shoes,1484,Vijay Sales
PROD00212,Lenovo Handbag,Fashion,Handbag,6413,Amazon Seller
PROD00213,Nike Rice,Grocery,Rice,1749,Croma
PROD00214,Nike Spices,Grocery,Spices,60,BigBasket
PROD00215,Mi Dumbbell,Sports,Dumbbell,19502,Tata Consumer
PROD00216,Dell Cooking Oil,Grocery,Cooking Oil,2256,Tata Consumer
PROD00217,Apple Dining Table,Home & Kitchen,Dining Table,36114,Vijay Sales
PROD00218,Bajaj Perfume,Beauty,Perfume,2056,Godrej Consumer
PROD00219,Godrej Shampoo,Beauty,Shampoo,457,
PROD00220,Aashirvaad Badminton Racket,Sports,Badminton Racket,13151,Amazon Seller
PROD00221,LG Face Wash,Beauty,Face Wash,4214,Godrej Consumer
PROD00222,Dell Mixer Grinder,Home & Kitchen,Mixer Grinder,7034,ITC Limited
PROD00223,LG Face Wash,Beauty,Face Wash,3458,Amazon Seller
PROD00224,Nike Headphones,Electronics,Headphones,93751,Godrej Consumer
PROD00225,Prestige Badminton Racket,Sports,Badminton Racket,28410,Croma
PROD00226,Aashirvaad Spices,Grocery,Spices,1347,Tata Consumer
PROD00227,Reliance Spices,Grocery,Spices,2579,Flipkart Seller
PROD00228,Puma Jeans,Fashion,Jeans,6417,Flipkart Seller
PROD00229,Samsung Face Wash,Beauty,Face Wash,3734,Amazon Seller
PROD00230,Tata Dumbbell,Sports,Dumbbell,2007,Croma
PROD00231,Adidas Rice,Grocery,Rice,1518,Croma
PROD00232,Puma Shampoo,Beauty,Shampoo,4451,Vijay Sales
PROD00233,Sony Novel,Books,Novel,867,Flipkart Seller
PROD00234,OnePlus Children Book,Books,Children Book,1136,Tata Consumer
PROD00235,Puma Novel,Books,Novel,2038,BigBasket
PROD00236,Tata Perfume,Beauty,Perfume,3911,BigBasket
PROD00237,Prestige Football,Sports,Football,14974,Croma
PROD00238,Godrej Biography,Books,Biography,1174,Tata Consumer
PROD00239,Bajaj Tea Powder,Grocery,Tea Powder,1625,Tata Consumer
PROD00240,Aashirvaad Laptop,Electronics,Laptop,99098,Godrej Consumer
PROD00241,Tata Dining Table,Home & Kitchen,Dining Table,43637,Vijay Sales
PROD00242,Mi Mixer Grinder,Home & Kitchen,Mixer Grinder,45444,Reliance Retail
PROD00243,Adidas Children Book,Books,Children Book,1092,Godrej Consumer
PROD00244,Puma Tea Powder,Grocery,Tea Powder,2657,DMart
PROD00245,,Books,Biography,547,Reliance Retail
PROD00246,Reliance Sofa,Home & Kitchen,Sofa,38482,Croma
PROD00247,Prestige Football,Sports,Football,10170,Croma
PROD00248,Sony Badminton Racket,Sports,Badminton Racket,7079,Amazon Seller
PROD00249,Amul Spices,Grocery,Spices,2224,ITC Limited
PROD00250,Nike Pressure Cooker,Home & Kitchen,Pressure Cooker,32078,BigBasket
PROD00251,Samsung Dumbbell,Sports,Dumbbell,15846,Flipkart Seller
PROD00252,Aashirvaad Women Dress,Fashion,Women Dress,7228,ITC Limited
PROD00253,Aashirvaad Mixer Grinder,Home & Kitchen,Mixer Grinder,1412,BigBasket
PROD00254,Dell Academic Book,Books,Academic Book,1659,BigBasket
PROD00255,Amul Children Book,Books,Children Book,593,DMart
PROD00256,OnePlus Face Wash,Beauty,Face Wash,4699,Croma
PROD00257,Prestige Novel,Books,Novel,2051,BigBasket
PROD00258,Samsung Badminton Racket,Sports,Badminton Racket,5080,Reliance Retail
PROD00259,HP Smart Watch,Electronics,Smart Watch,35440,Flipkart Seller
PROD00260,LG Handbag,Fashion,Handbag,3483,Tata Consumer
PROD00261,,Home & Kitchen,LED Lamp,38991,Amazon Seller
PROD00262,HP Face Wash,Beauty,Face Wash,3443,BigBasket
PROD00263,Bajaj Smart Watch,Electronics,Smart Watch,121230,Tata Consumer
PROD00264,Samsung Jeans,Fashion,Jeans,5917,Croma
PROD00265,Reliance Biography,Books,Biography,1780,BigBasket
PROD00266,Dell Men T-Shirt,fashion,Men T-Shirt,1050,DMart
PROD00267,Reliance Cricket Bat,Sports,Cricket Bat,26281,Croma
PROD00268,Mi Women Dress,Fashion,Women Dress,0,Flipkart Seller
PROD00269,Bajaj Spices,Grocery,Spices,2451,DMart
PROD00270,Boat Cooking Oil,Grocery,Cooking Oil,654,Godrej Consumer
PROD00271,LG Smart Watch,Electronics,Smart Watch,39076,ITC Limited
PROD00272,Samsung Pressure Cooker,Home & Kitchen,Pressure Cooker,43823,Reliance Retail
PROD00273,Amul Men T-Shirt,Fashion,Men T-Shirt,6771,DMart
PROD00274,Tata Biography,Books,Biography,863,BigBasket
PROD00275,Godrej Laptop,Electronics,Laptop,142910,Flipkart Seller
PROD00276,HP Cricket Bat,Sports,Cricket Bat,15189,Croma
PROD00277,Dell Academic Book,Books,Academic Book,2213,DMart
PROD00278,Lenovo Academic Book,Books,Academic Book,1385,Tata Consumer
PROD00279,Reliance Cricket Bat,Sports,Cricket Bat,16195,Vijay Sales
PROD00280,HP Face Wash,Beauty,Face Wash,3733,Flipkart Seller
PROD00281,OnePlus Smart Watch,Electronics,Smart Watch,43884,Flipkart Seller
PROD00282,OnePlus Jeans,Fashion,Jeans,5486,Godrej Consumer
PROD00283,Aashirvaad Biography,Books,Biography,2323,BigBasket
PROD00284,Samsung Lipstick,Beauty,Lipstick,1037,ITC Limited
PROD00285,Godrej Football,Sports,Football,15296,DMart
PROD00286,Dell Perfume,Beauty,Perfume,3366,Vijay Sales
PROD00287,Boat Cricket Bat,Sports,Cricket Bat,14484,Croma
PROD00288,Amul Dumbbell,Sports,Dumbbell,5501,Tata Consumer
PROD00289,Prestige Mobile,Electronics,Mobile,29439,Vijay Sales
PROD00290,LG Smart Watch,Electronics,Smart Watch,20723,Godrej Consumer
PROD00291,Samsung Biography,Books,Biography,1832,Croma
PROD00292,Reliance Biscuits,Grocery,Biscuits,1228,Godrej Consumer
PROD00293,Samsung Dining Table,Home & Kitchen,Dining Table,38374,ITC Limited
PROD00294,HP Women Dress,Fashion,Women Dress,2137,Flipkart Seller
PROD00295,Amul LED Lamp,Home & Kitchen,LED Lamp,8029,BigBasket
PROD00296,Godrej Novel,Books,Novel,2447,Godrej Consumer
PROD00297,OnePlus Academic Book,Books,Academic Book,1245,Reliance Retail
PROD00298,Adidas Jeans,Fashion,Jeans,7849,Croma
PROD00299,Sony Mixer Grinder,Home & Kitchen,Mixer Grinder,9888,Godrej Consumer
PROD00300,Prestige Badminton Racket,Sports,Badminton Racket,5148,Reliance Retail
PROD00301,Bajaj Television,Electronics,Television,103617,Vijay Sales
PROD00302,Sony Perfume,Beauty,Perfume,3131,BigBasket
PROD00303,Mi Dumbbell,Sports,Dumbbell,20037,Flipkart Seller
PROD00304,Sony Laptop,Electronics,Laptop,18044,Flipkart Seller
PROD00305,Godrej Sofa,Home & Kitchen,Sofa,32328,Godrej Consumer
PROD00306,Nike Lipstick,Beauty,Lipstick,1865,ITC Limited
PROD00307,Godrej Smart Watch,Electronics,Smart Watch,34069,BigBasket
PROD00308,Lenovo Badminton Racket,Sports,Badminton Racket,22360,BigBasket
PROD00309,Aashirvaad Laptop,Electronics,Laptop,19360,Reliance Retail
PROD00310,Bajaj Jeans,Fashion,Jeans,6586,Amazon Seller
PROD00311,Adidas Tea Powder,Grocery,Tea Powder,1393,Flipkart Seller
PROD00312,Godrej Headphones,Electronics,Headphones,51057,Amazon Seller
PROD00313,Lenovo Shampoo,Beauty,Shampoo,4677,Croma
PROD00314,Reliance Headphones,Electronics,Headphones,119352,Reliance Retail
PROD00315,Boat Face Wash,Beauty,Face Wash,4816,Vijay Sales
PROD00316,Godrej Children Book,Books,Children Book,1335,Flipkart Seller
PROD00317,Boat Face Wash,Beauty,Face Wash,1507,Godrej Consumer
PROD00318,Prestige Perfume,Beauty,Perfume,3677,Flipkart Seller
PROD00319,Mi Shoes,Fashion,Shoes,3580,ITC Limited
PROD00320,Adidas Headphones,Electronics,Headphones,94001,DMart
PROD00321,Prestige Pressure Cooker,Home & Kitchen,Pressure Cooker,33955,Flipkart Seller
PROD00322,Amul Novel,Books,Novel,1588,Amazon Seller
PROD00323,LG Men T-Shirt,Fashion,Men T-Shirt,2396,DMart
PROD00324,LG Handbag,Fashion,Handbag,6527,Flipkart Seller
PROD00325,Dell Shoes,Fashion,Shoes,6480,Godrej Consumer
PROD00326,Dell Spices,Grocery,Spices,2839,Godrej Consumer
PROD00327,Boat Dumbbell,Sports,Dumbbell,5446,Tata Consumer
PROD00328,Dell Headphones,Electronics,Headphones,84382,BigBasket
PROD00329,Amul Academic Book,Books,Academic Book,2228,Flipkart Seller
PROD00330,Dell Sofa,Home & Kitchen,Sofa,2964,Reliance Retail
PROD00331,Prestige Dining Table,Home & Kitchen,Dining Table,42748,Flipkart Seller
PROD00332,Dell Children Book,Books,Children Book,2420,Reliance Retail
PROD00333,Boat Shampoo,Beauty,Shampoo,3996,ITC Limited
PROD00334,Dell Men T-Shirt,Fashion,Men T-Shirt,1147,Croma
PROD00335,Lenovo Cricket Bat,Sports,Cricket Bat,21672,Amazon Seller
PROD00336,Dell Laptop,Electronics,Laptop,120191,ITC Limited
PROD00337,Amul Novel,Books,Novel,1677,BigBasket
PROD00338,Boat Lipstick,Beauty,Lipstick,4997,Reliance Retail
PROD00339,Prestige Tea Powder,Grocery,Tea Powder,1400,Flipkart Seller
PROD00340,Adidas Children Book,Books,Children Book,1182,Godrej Consumer
PROD00341,Boat Cooking Oil,Grocery,Cooking Oil,383,Godrej Consumer
PROD00342,Amul Football,Sports,Football,10665,Vijay Sales
PROD00343,Prestige Handbag,Fashion,Handbag,2836,ITC Limited
PROD00344,LG Perfume,Beauty,Perfume,4412,Flipkart Seller
PROD00345,Lenovo Badminton Racket,Sports,Badminton Racket,12356,Reliance Retail
PROD00346,Sony Dining Table,Home & Kitchen,Dining Table,14537,Croma
PROD00347,Bajaj Biscuits,Grocery,Biscuits,977,Amazon Seller
PROD00348,Adidas Men T-Shirt,Fashion,Men T-Shirt,7217,Flipkart Seller
PROD00349,Boat Academic Book,Books,Academic Book,686,Godrej Consumer
PROD00350,Sony Shampoo,Beauty,Shampoo,1581,Godrej Consumer
PROD00351,Dell Cooking Oil,Grocery,Cooking Oil,228,Vijay Sales
PROD00352,Dell Pressure Cooker,Home & Kitchen,Pressure Cooker,40515,BigBasket
PROD00353,Puma Biscuits,Grocery,Biscuits,2237,DMart
PROD00354,Bajaj Sofa,Home & Kitchen,Sofa,24606,Godrej Consumer
PROD00355,Adidas Lipstick,Beauty,Lipstick,3228,ITC Limited
PROD00356,Sony Children Book,Books,Children Book,967,Godrej Consumer
PROD00357,Reliance Jeans,Fashion,Jeans,5552,Tata Consumer
PROD00358,Apple Tea Powder,Grocery,Tea Powder,470,ITC Limited
PROD00359,Adidas Rice,Grocery,Rice,393,Amazon Seller
PROD00360,Lenovo Sofa,Home & Kitchen,Sofa,10156,Vijay Sales
PROD00361,Dell Laptop,Electronics,Laptop,-3213,Reliance Retail
PROD00362,Aashirvaad Face Wash,Beauty,Face Wash,4212,Croma
PROD00363,Prestige Shoes,Fashion,Shoes,3371,DMart
PROD00364,Samsung Smart Watch,Electronics,Smart Watch,92894,Amazon Seller
PROD00365,Adidas Men T-Shirt,Fashion,Men T-Shirt,7815,Tata Consumer
PROD00366,HP Football,Sports,Football,15199,Godrej Consumer
PROD00367,Tata Mobile,Electronics,Mobile,72088,DMart
PROD00368,Apple Cooking Oil,Grocery,Cooking Oil,2543,ITC Limited
PROD00369,Adidas Face Wash,Beauty,Face Wash,2046,BigBasket
PROD00370,Puma Mobile,Electronics,Mobile,115054,Godrej Consumer
PROD00371,Samsung Face Wash,Beauty,Face Wash,4194,Godrej Consumer
PROD00372,Lenovo Academic Book,Books,Academic Book,1140,Amazon Seller
PROD00373,Tata Sofa,Home & Kitchen,Sofa,40792,Croma
PROD00374,Godrej Handbag,Fashion,Handbag,1834,Flipkart Seller
PROD00375,Prestige Biography,Books,Biography,2304,ITC Limited
PROD00376,Aashirvaad Academic Book,Books,Academic Book,2075,Reliance Retail
PROD00377,Amul Badminton Racket,Sports,Badminton Racket,8811,Reliance Retail
PROD00378,Amul Mixer Grinder,Home & Kitchen,Mixer Grinder,16302,Flipkart Seller
PROD00379,Boat Spices,Grocery,Spices,596,Reliance Retail
PROD00380,Boat LED Lamp,Home & Kitchen,LED Lamp,42626,Amazon Seller
PROD00381,HP Biscuits,Grocery,Biscuits,2637,Amazon Seller
PROD00382,Prestige Cooking Oil,Grocery,Cooking Oil,2982,Tata Consumer
PROD00383,Bajaj Smart Watch,Electronics,Smart Watch,16483,DMart
PROD00384,Adidas Smart Watch,Electronics,Smart Watch,140104,Vijay Sales
PROD00385,HP Spices,Grocery,Spices,1087,Reliance Retail
PROD00386,Adidas Cooking Oil,Grocery,Cooking Oil,1512,Reliance Retail
PROD00387,Nike Tea Powder,Grocery,Tea Powder,559,Croma
PROD00388,Dell Lipstick,Beauty,Lipstick,3267,Croma
PROD00389,HP Shoes,Fashion,Shoes,3309,ITC Limited
PROD00390,Godrej Mixer Grinder,Home & Kitchen,Mixer Grinder,5672,Vijay Sales
PROD00391,Apple Novel,Books,Novel,1353,Croma
PROD00392,Boat Mobile,Electronics,Mobile,82500,BigBasket
PROD00393,Sony Lipstick,Beauty,Lipstick,3736,Croma
PROD00394,Amul Face Wash,Beauty,Face Wash,3663,BigBasket
PROD00395,Prestige Cricket Bat,Sports,Cricket Bat,22493,Vijay Sales
PROD00396,Sony LED Lamp,Home & Kitchen,LED Lamp,2540,Amazon Seller
PROD00397,Dell Spices,Grocery,Spices,192,Amazon Seller
PROD00398,Amul Laptop,Electronics,Laptop,99935,Vijay Sales
PROD00399,OnePlus Academic Book,Books,Academic Book,778,Tata Consumer
PROD00400,Dell Dining Table,Home & Kitchen,Dining Table,5538,Godrej Consumer
PROD00401,Amul Handbag,Fashion,Handbag,3560,Croma
PROD00402,Puma Dumbbell,Sports,Dumbbell,4217,Reliance Retail
PROD00403,HP Football,Sports,Football,17465,Vijay Sales
PROD00404,Nike Academic Book,Books,Academic Book,1216,Tata Consumer
PROD00405,Adidas Handbag,Fashion,Handbag,5985,Tata Consumer
PROD00406,LG Men T-Shirt,Fashion,Men T-Shirt,7286,Flipkart Seller
PROD00407,Dell Shampoo,Beauty,Shampoo,819,Croma
PROD00408,Prestige Dumbbell,Sports,Dumbbell,18522,ITC Limited
PROD00409,Sony Dining Table,Home & Kitchen,Dining Table,47149,Amazon Seller
PROD00410,Lenovo Tea Powder,Grocery,Tea Powder,968,Flipkart Seller
PROD00411,Puma Women Dress,Fashion,Women Dress,6774,Tata Consumer
PROD00412,Apple Smart Watch,Electronics,Smart Watch,101707,Tata Consumer
PROD00413,LG Spices,Grocery,Spices,2556,Flipkart Seller
PROD00414,Aashirvaad Smart Watch,Electronics,Smart Watch,130479,ITC Limited
PROD00415,Mi Lipstick,Beauty,Lipstick,704,Amazon Seller
PROD00416,Dell Mixer Grinder,Home & Kitchen,Mixer Grinder,31028,ITC Limited
PROD00417,Apple Pressure Cooker,Home & Kitchen,Pressure Cooker,42429,Godrej Consumer
PROD00418,Godrej Women Dress,Fashion,Women Dress,4419,Reliance Retail
PROD00419,Lenovo Rice,Grocery,Rice,676,BigBasket
PROD00420,Boat Women Dress,Fashion,Women Dress,7957,DMart
PROD00421,Adidas LED Lamp,Home & Kitchen,LED Lamp,5668,BigBasket
PROD00422,Nike Handbag,Fashion,Handbag,1325,BigBasket
PROD00423,Lenovo Academic Book,Books,Academic Book,840,Godrej Consumer
PROD00424,Sony Novel,Books,Novel,1532,Godrej Consumer
PROD00425,Prestige Mobile,Electronics,Mobile,16917,Godrej Consumer
PROD00426,Mi Pressure Cooker,Home & Kitchen,Pressure Cooker,27801,Godrej Consumer
PROD00427,HP Cricket Bat,Sports,Cricket Bat,29630,ITC Limited
PROD00428,HP Dining Table,Home & Kitchen,Dining Table,16548,Vijay Sales
PROD00429,Prestige Sofa,Home & Kitchen,Sofa,45628,Reliance Retail
PROD00430,Godrej Shoes,Fashion,Shoes,4266,Tata Consumer
PROD00431,OnePlus Jeans,Fashion,Jeans,1476,Croma
PROD00432,Amul Tea Powder,Grocery,Tea Powder,1683,Amazon Seller
PROD00433,Lenovo Tea Powder,Grocery,Tea Powder,2350,Flipkart Seller
PROD00434,Dell Pressure Cooker,Home & Kitchen,Pressure Cooker,8529,BigBasket
PROD00435,LG Shampoo,Beauty,Shampoo,893,Reliance Retail
PROD00436,OnePlus Sofa,Home & Kitchen,Sofa,27902,DMart
PROD00437,Boat Cooking Oil,Grocery,Cooking Oil,2416,Croma
PROD00438,HP Women Dress,Fashion,Women Dress,4516,Tata Consumer
PROD00439,HP Perfume,Beauty,Perfume,289,Flipkart Seller
PROD00440,Puma Lipstick,Beauty,Lipstick,1862,Godrej Consumer
PROD00441,Reliance Mixer Grinder,Home & Kitchen,Mixer Grinder,18938,Tata Consumer
PROD00442,Adidas Children Book,Books,Children Book,2348,Reliance Retail
PROD00443,Godrej Rice,Grocery,Rice,598,BigBasket
PROD00444,Aashirvaad Dumbbell,Sports,Dumbbell,12491,Reliance Retail
PROD00445,Mi Face Wash,Beauty,Face Wash,4702,DMart
PROD00446,Adidas LED Lamp,Home & Kitchen,LED Lamp,5318,Vijay Sales
PROD00447,Apple Children Book,Books,Children Book,1295,Godrej Consumer
PROD00448,LG Cricket Bat,Sports,Cricket Bat,3668,Vijay Sales
PROD00449,Apple Dining Table,Home & Kitchen,Dining Table,24460,Amazon Seller
PROD00450,Lenovo Handbag,Fashion,Handbag,3588,ITC Limited
PROD00451,Reliance Mobile,Electronics,Mobile,40923,Croma
PROD00452,Lenovo Biscuits,Grocery,Biscuits,1921,Amazon Seller
PROD00453,Boat Novel,Books,Novel,1454,Amazon Seller
PROD00454,Mi Perfume,Beauty,Perfume,2855,ITC Limited
PROD00455,Apple Spices,Grocery,Spices,2056,Godrej Consumer
PROD00456,Tata Sofa,Home & Kitchen,Sofa,24640,Croma
PROD00457,Godrej Cricket Bat,Sports,Cricket Bat,19626,BigBasket
PROD00458,OnePlus Rice,Grocery,Rice,1993,BigBasket
PROD00459,Reliance Football,Sports,Football,19620,Tata Consumer
PROD00460,OnePlus Handbag,Fashion,Handbag,6645,Vijay Sales
PROD00461,Reliance Women Dress,Fashion,Women Dress,4990,Flipkart Seller
PROD00462,Dell Men T-Shirt,Fashion,Men T-Shirt,2869,Vijay Sales
PROD00463,Bajaj Shoes,Fashion,Shoes,3661,ITC Limited
PROD00464,HP Spices,Grocery,Spices,305,Amazon Seller
PROD00465,Apple Novel,Books,Novel,0,Tata Consumer
PROD00466,Boat Children Book,Books,Children Book,859,Tata Consumer
PROD00467,Apple Biography,Books,Biography,1601,BigBasket
PROD00468,Bajaj Children Book,Books,Children Book,1159,BigBasket
PROD00469,Puma Biography,Books,Biography,1369,BigBasket
PROD00470,HP Football,Sports,Football,10888,Tata Consumer
PROD00471,Nike LED Lamp,Home & Kitchen,LED Lamp,19360,Flipkart Seller
PROD00472,Aashirvaad Children Book,Books,Children Book,1563,Amazon Seller
PROD00473,Adidas Mixer Grinder,Home & Kitchen,Mixer Grinder,47301,Flipkart Seller
PROD00474,Nike Sofa,Home & Kitchen,Sofa,49477,Tata Consumer
PROD00475,Apple Women Dress,Fashion,Women Dress,2521,ITC Limited
PROD00476,LG Dumbbell,Sports,Dumbbell,4079,Godrej Consumer
PROD00477,Puma Football,Sports,Football,2163,ITC Limited
PROD00478,Reliance Women Dress,Fashion,Women Dress,1120,Vijay Sales
PROD00479,Samsung Sofa,Home & Kitchen,Sofa,45142,Amazon Seller
PROD00480,Sony Television,Electronics,Television,111668,Tata Consumer
PROD00481,Adidas Shampoo,Beauty,Shampoo,2731,BigBasket
PROD00482,Prestige Cricket Bat,Sports,Cricket Bat,21874,Godrej Consumer
PROD00483,Reliance Handbag,Fashion,Handbag,7781,Amazon Seller
PROD00484,Reliance Shampoo,Beauty,Shampoo,3352,Tata Consumer
PROD00485,Reliance Jeans,,Jeans,375,BigBasket
PROD00486,Boat Academic Book,Books,Academic Book,1315,Tata Consumer
PROD00487,LG Badminton Racket,Sports,Badminton Racket,28387,ITC Limited
PROD00488,Bajaj Perfume,Beauty,Perfume,1022,Croma
PROD00489,Nike Shoes,Fashion,Shoes,6186,Amazon Seller
PROD00490,Adidas Smart Watch,Electronics,Smart Watch,55636,Amazon Seller
PROD00491,Godrej Children Book,Books,Children Book,2260,Croma
PROD00492,Samsung Headphones,Electronics,Headphones,53439,Amazon Seller
PROD00493,Puma Perfume,Beauty,Perfume,155,BigBasket
PROD00494,Dell Shampoo,Beauty,Shampoo,2287,Croma
PROD00495,Mi LED Lamp, HOME & KITCHEN ,LED Lamp,1249,BigBasket
PROD00496,Puma Dumbbell,Sports,Dumbbell,2535,Flipkart Seller
PROD00497,Sony Perfume,Beauty,Perfume,3421,ITC Limited
PROD00498,Samsung Dumbbell,Sports,Dumbbell,21429,BigBasket
PROD00499,Puma LED Lamp,Home & Kitchen,LED Lamp,14860,Amazon Seller
PROD00500,Dell Shampoo,Beauty,Shampoo,3160,Vijay Sales
PROD00501,Apple Badminton Racket,Sports,Badminton Racket,26779,DMart
PROD00502,OnePlus Cooking Oil,Grocery,Cooking Oil,385,ITC Limited
PROD00503,Prestige Perfume,Beauty,Perfume,4721,Flipkart Seller
PROD00504,Lenovo Television,Electronics,Television,57994,Godrej Consumer
PROD00505,Sony Novel,Books,Novel,1493,ITC Limited
PROD00506,Bajaj Face Wash,Beauty,Face Wash,4877,Tata Consumer
PROD00507,Dell Television,Electronics,Television,19584,Tata Consumer
PROD00508,Godrej Handbag,Fashion,Handbag,4042,Godrej Consumer
PROD00509,Dell Television,Electronics,Television,85784,Reliance Retail
PROD00510,Tata Perfume,Beauty,Perfume,1885,Godrej Consumer
PROD00511,Godrej Mobile,Electronics,Mobile,95316,Flipkart Seller
PROD00512,Prestige Academic Book,Books,Academic Book,2083,Reliance Retail
PROD00513,Sony Sofa,Home & Kitchen,Sofa,9375,Vijay Sales
PROD00514,Dell Sofa,Home & Kitchen,Sofa,25239,Vijay Sales
PROD00515,LG Television,Electronics,Television,96165,Flipkart Seller
PROD00516,Aashirvaad Handbag,Fashion,Handbag,4632,Amazon Seller
PROD00517,Tata Football,Sports,Football,25278,Reliance Retail
PROD00518,Apple Sofa,Home & Kitchen,Sofa,28295,ITC Limited
PROD00519,Puma Shampoo,Beauty,Shampoo,3873,Croma
PROD00520,Bajaj Jeans,Fashion,Jeans,7979,Flipkart Seller
PROD00521,OnePlus Headphones,Electronics,Headphones,9101,DMart
PROD00522,Samsung Men T-Shirt,Fashion,Men T-Shirt,5165,Reliance Retail
PROD00523,Puma Face Wash,Beauty,Face Wash,462,Vijay Sales
PROD00524,Apple Shampoo,Beauty,Shampoo,1879,Reliance Retail
PROD00525,Adidas Handbag,Fashion,Handbag,2218,Godrej Consumer
PROD00526,OnePlus LED Lamp,Home & Kitchen,LED Lamp,44575,Croma
PROD00527,LG Jeans,Fashion,Jeans,5708,ITC Limited
PROD00528,Adidas Shoes,Fashion,Shoes,2554,Reliance Retail
PROD00529,Godrej Novel,Books,Novel,2426,Tata Consumer
PROD00530,Aashirvaad Smart Watch,Electronics,Smart Watch,142484,Croma
PROD00531,Godrej Badminton Racket,Sports,Badminton Racket,5389,BigBasket
PROD00532,Apple Shampoo,Beauty,Shampoo,3979,DMart
PROD00533,Adidas Cooking Oil,Grocery,Cooking Oil,2948,Amazon Seller
PROD00534,Reliance Biscuits,Grocery,Biscuits,2353,Vijay Sales
PROD00535,Aashirvaad Shampoo,Beauty,Shampoo,2089,BigBasket
PROD00536,Prestige Jeans,Fashion,,7854,Tata Consumer
PROD00537,Prestige Tea Powder,Grocery,Tea Powder,2243,DMart
PROD00538,Aashirvaad Smart Watch,Electronics,Smart Watch,15367,Flipkart Seller
PROD00539,Apple Handbag,Fashion,Handbag,2077,Tata Consumer
PROD00540,Adidas Jeans,Fashion,Jeans,7746,Reliance Retail
PROD00541,Samsung Women Dress,Fashion,Women Dress,6418,Tata Consumer
PROD00542,Bajaj Handbag,Fashion,Handbag,3549,DMart
PROD00543,Adidas Biography,Books,Biography,1709,Tata Consumer
PROD00544,Adidas Biography,Books,Biography,1221,Croma
PROD00545,Dell Children Book,Books,Children Book,553,Tata Consumer
PROD00546,Bajaj Tea Powder,Grocery,Tea Powder,1568,Croma
PROD00547,Mi Face Wash,Beauty,Face Wash,1912,Amazon Seller
PROD00548,Apple Smart Watch,Electronics,Smart Watch,114465,BigBasket
PROD00549,Boat Women Dress,Fashion,Women Dress,0,Vijay Sales
PROD00550,HP Novel,Books,Novel,2405,Croma
PROD00551,HP Sofa,Home & Kitchen,Sofa,30700,Amazon Seller
PROD00552,Sony Dumbbell,Sports,Dumbbell,5086,ITC Limited
PROD00553,Apple Shampoo,Beauty,Shampoo,581,ITC Limited
PROD00554,Reliance Mobile,Electronics,Mobile,6673,Vijay Sales
PROD00555,Prestige Women Dress,Fashion,Women Dress,6093,Amazon Seller
PROD00556,Lenovo Laptop,Electronics,Laptop,124540,Croma
PROD00557,OnePlus Television,Electronics,Television,131669,Tata Consumer
PROD00558,Apple Mobile,Electronics,Mobile,149610,Vijay Sales
PROD00559,Lenovo Mobile,Electronics,Mobile,77021,ITC Limited
PROD00560,Lenovo Mixer Grinder,Home & Kitchen,Mixer Grinder,46234,Vijay Sales
PROD00561,Samsung Cooking Oil,Grocery,Cooking Oil,444,ITC Limited
PROD00562,Bajaj Women Dress,Fashion,Women Dress,5377,ITC Limited
PROD00563,Nike Dining Table,Home & Kitchen,Dining Table,26511,Flipkart Seller
PROD00564,Dell Sofa,Home & Kitchen,Sofa,37527,DMart
PROD00565,Adidas Football,Sports,Football,22914,Flipkart Seller
PROD00566,Prestige Cricket Bat,Sports,Cricket Bat,13780,Vijay Sales
PROD00567,Reliance Lipstick,beauty,Lipstick,177,Amazon Seller
PROD00568,Godrej Headphones,Electronics,Headphones,91840,Godrej Consumer
PROD00569,Lenovo Rice,Grocery,Rice,224,DMart
PROD00570,HP Handbag,Fashion,Handbag,2520,Reliance Retail
PROD00571,Apple Smart Watch,Electronics,Smart Watch,13625,Amazon Seller
PROD00572,Tata Tea Powder,Grocery,Tea Powder,898,Godrej Consumer
PROD00573,Prestige Shoes,Fashion,Shoes,2751,Amazon Seller
PROD00574,Mi Novel,Books,Novel,1743,ITC Limited
PROD00575,LG Sofa,Home & Kitchen,Sofa,45674,Flipkart Seller
PROD00576,Reliance Biography,Books,Biography,550,Vijay Sales
PROD00577,Boat Men T-Shirt,Fashion,Men T-Shirt,5257,Godrej Consumer
PROD00578,Boat Children Book,,Children Book,271,BigBasket
PROD00579,HP Biscuits,Grocery,Biscuits,984,Croma
PROD00580,Godrej Children Book,Books,Children Book,910,Godrej Consumer
PROD00581,Prestige Badminton Racket,Sports,Badminton Racket,25802,Godrej Consumer
PROD00582,Prestige Pressure Cooker,Home & Kitchen,Pressure Cooker,5876,BigBasket
PROD00583,LG Shoes,Fashion,Shoes,6359,Vijay Sales
PROD00584,Samsung Dining Table,Home & Kitchen,Dining Table,6497,Reliance Retail
PROD00585,Amul Sofa,Home & Kitchen,Sofa,18179,Flipkart Seller
PROD00586,Sony Men T-Shirt,Fashion,Men T-Shirt,3830,Tata Consumer
PROD00587,Samsung Children Book,Books,Children Book,257,Flipkart Seller
PROD00588,Prestige LED Lamp,Home & Kitchen,LED Lamp,39620,Godrej Consumer
PROD00589,Aashirvaad Tea Powder,Grocery,Tea Powder,100,BigBasket
PROD00590,Prestige Lipstick,Beauty,Lipstick,4683,DMart
PROD00591,Aashirvaad Novel,Books,Novel,844,Amazon Seller
PROD00592,Nike Dining Table,Home & Kitchen,Dining Table,32817,Amazon Seller
PROD00593,Godrej Laptop,Electronics,Laptop,77341,Vijay Sales
PROD00594,Prestige Sofa,Home & Kitchen,Sofa,24166,BigBasket
PROD00595,OnePlus Shoes,Fashion,Shoes,5351,DMart
PROD00596,LG Face Wash, BEAUTY ,Face Wash,2595,Reliance Retail
PROD00597,OnePlus Perfume, BEAUTY ,Perfume,3212,Croma
PROD00598,Godrej Perfume,Beauty,Perfume,4969,Amazon Seller
PROD00599,OnePlus Dining Table,Home & Kitchen,Dining Table,46066,DMart
PROD00600,Sony Perfume,Beauty,Perfume,3362,Croma
PROD00601,Mi Sofa,Home & Kitchen,Sofa,16387,Croma
PROD00602,Aashirvaad Perfume,Beauty,Perfume,3090,Flipkart Seller
PROD00603,Mi Novel,Books,Novel,2384,Amazon Seller
PROD00604,Dell Cricket Bat,Sports,Cricket Bat,23711,DMart
PROD00605,Prestige Perfume,Beauty,Perfume,3451,Tata Consumer
PROD00606,Puma Jeans,Fashion,Jeans,2369,Amazon Seller
PROD00607,Aashirvaad Badminton Racket,Sports,Badminton Racket,2923,Tata Consumer
PROD00608,Mi Children Book,Books,Children Book,1791,ITC Limited
PROD00609,Apple Children Book,Books,Children Book,300,Croma
PROD00610,Samsung Cricket Bat,Sports,Cricket Bat,25697,DMart
PROD00611,Sony Dumbbell,Sports,Dumbbell,21700,Godrej Consumer
PROD00612,Aashirvaad Television,Electronics,Television,91926,Vijay Sales
PROD00613,Samsung Mobile,Electronics,Mobile,72826,DMart
PROD00614,Dell Novel,Books,Novel,1682,Vijay Sales
PROD00615,Amul Shampoo,Beauty,Shampoo,301,Tata Consumer
PROD00616,Godrej Smart Watch,Electronics,Smart Watch,27506,Flipkart Seller
PROD00617,Amul Cooking Oil,Grocery,Cooking Oil,1327,Croma
PROD00618,Lenovo Shampoo,Beauty,Shampoo,4056,Croma
PROD00619,Dell Face Wash,Beauty,Face Wash,3806,Croma
PROD00620,Reliance Smart Watch,Electronics,Smart Watch,35168,Reliance Retail
PROD00621,Samsung Tea Powder,Grocery,Tea Powder,2823,Amazon Seller
PROD00622,Lenovo Football,Sports,Football,6216,ITC Limited
PROD00623,Apple Jeans,Fashion,Jeans,3792,Tata Consumer
PROD00624,Sony Shoes,Fashion,Shoes,1826,Vijay Sales
PROD00625,OnePlus Face Wash,Beauty,Face Wash,1716,Tata Consumer
PROD00626,Aashirvaad Children Book,Books,Children Book,168,DMart
PROD00627,Prestige Jeans,Fashion,Jeans,5029,Flipkart Seller
PROD00628,Sony Spices,Grocery,Spices,1548,Croma
PROD00629,Samsung Shoes,Fashion,Shoes,2449,Tata Consumer
PROD00630,OnePlus Biography,Books,Biography,1741,Godrej Consumer
PROD00631,Amul Face Wash,Beauty,Face Wash,2983,Tata Consumer
PROD00632,Adidas Novel,Books,Novel,497,Amazon Seller
PROD00633,Puma Mixer Grinder,Home & Kitchen,Mixer Grinder,20513,Flipkart Seller
PROD00634,LG Jeans,Fashion,Jeans,4484,Vijay Sales
PROD00635,Mi Shampoo,Beauty,Shampoo,3243,Vijay Sales
PROD00636,Apple Shoes,Fashion,Shoes,5980,Amazon Seller
PROD00637,HP Novel,Books,Novel,1333,Amazon Seller
PROD00638,Dell Jeans,Fashion,Jeans,5374,Reliance Retail
PROD00639,Tata Tea Powder,Grocery,Tea Powder,2034,Amazon Seller
PROD00640,Apple Shoes,Fashion,Shoes,4440,Tata Consumer
PROD00641,Godrej Lipstick,Beauty,Lipstick,3736,Tata Consumer
PROD00642,Mi Men T-Shirt,Fashion,Men T-Shirt,552,DMart
PROD00643,Nike Mixer Grinder,Home & Kitchen,Mixer Grinder,15235,ITC Limited
PROD00644,Dell Pressure Cooker,Home & Kitchen,Pressure Cooker,37570,Tata Consumer
PROD00645,Mi Academic Book,Books,Academic Book,617,BigBasket
PROD00646,Amul Spices,Grocery,Spices,2270,Reliance Retail
PROD00647,Apple Biscuits,Grocery,Biscuits,945,Vijay Sales
PROD00648,Adidas Laptop,Electronics,Laptop,13449,Tata Consumer
PROD00649,Prestige Dining Table,Home & Kitchen,Dining Table,29274,Flipkart Seller
PROD00650,Bajaj Cooking Oil,Grocery,Cooking Oil,2458,Croma
PROD00651,Godrej Spices,Grocery,Spices,-3132,Godrej Consumer
PROD00652,Bajaj Women Dress,Fashion,Women Dress,6898,Reliance Retail
PROD00653,Apple Biography,Books,Biography,1301,Godrej Consumer
PROD00654,Boat Novel,Books,Novel,1348,BigBasket
PROD00655,Lenovo Biography,Books,Biography,540,Amazon Seller
PROD00656,Reliance Biscuits,Grocery,Biscuits,1185,Amazon Seller
PROD00657,Puma Football,Sports,Football,5292,Croma
PROD00658,Aashirvaad Cooking Oil,,Cooking Oil,2054,Amazon Seller
PROD00659,Godrej Biography,Books,Biography,1686,Tata Consumer
PROD00660,Aashirvaad Mobile,Electronics,Mobile,140164,BigBasket
PROD00661,Dell Dumbbell,Sports,Dumbbell,16492,Croma
PROD00662,Prestige Academic Book,Books,Academic Book,2027,Croma
PROD00663,Apple Rice,Grocery,Rice,1679,DMart
PROD00664,HP Shampoo,Beauty,Shampoo,2299,Croma
PROD00665,Boat Tea Powder,Grocery,Tea Powder,2291,Godrej Consumer
PROD00666,HP Handbag,Fashion,Handbag,6757,Croma
PROD00667,Reliance Cricket Bat,Sports,Cricket Bat,3762,Tata Consumer
PROD00668,Sony Mobile,Electronics,Mobile,120680,Tata Consumer
PROD00669,Bajaj Headphones,Electronics,Headphones,39580,BigBasket
PROD00670,Prestige Jeans,Fashion,Jeans,5662,Croma
PROD00671,Amul Mixer Grinder,Home & Kitchen,Mixer Grinder,44049,Amazon Seller
PROD00672,Adidas Headphones,Electronics,Headphones,66379,Vijay Sales
PROD00673,Samsung Cricket Bat,Sports,Cricket Bat,535,DMart
PROD00674,LG Face Wash,Beauty,Face Wash,4963,DMart
PROD00675,Tata Children Book,Books,Children Book,183,Croma
PROD00676,Godrej Rice,Grocery,Rice,2892,Amazon Seller
PROD00677,Puma Face Wash,Beauty,Face Wash,3238,Flipkart Seller
PROD00678,Samsung Cricket Bat,Sports,Cricket Bat,10767,Croma
PROD00679,Aashirvaad Pressure Cooker,Home & Kitchen,Pressure Cooker,49858,Amazon Seller
PROD00680,Prestige Football,Sports,Football,17883,Godrej Consumer
PROD00681,Sony Television,Electronics,Television,120369,Croma
PROD00682,LG Football,Sports,Football,13990,Godrej Consumer
PROD00683,Bajaj Badminton Racket,Sports,Badminton Racket,3340,Flipkart Seller
PROD00684,Mi Men T-Shirt,Fashion,Men T-Shirt,6280,Vijay Sales
PROD00685,Boat Sofa,Home & Kitchen,Sofa,9663,DMart
PROD00686,Puma Mixer Grinder,Home & Kitchen,Mixer Grinder,36767,Godrej Consumer
PROD00687,Tata Biography,Books,Biography,1385,DMart
PROD00688,Aashirvaad Novel,Books,Novel,1360,Reliance Retail
PROD00689,HP Cooking Oil,Grocery,Cooking Oil,1630,Flipkart Seller
PROD00690,OnePlus Shoes,Fashion,Shoes,881,ITC Limited
PROD00691,Boat Smart Watch,Electronics,Smart Watch,39598,Vijay Sales
PROD00692,Godrej Spices,Grocery,Spices,1546,ITC Limited
PROD00693,HP Football,Sports,Football,25743,Flipkart Seller
PROD00694,Prestige Television,Electronics,Television,8615,BigBasket
PROD00695,Reliance Men T-Shirt,Fashion,Men T-Shirt,6765,Vijay Sales
PROD00696,Lenovo Biography,Books,Biography,1851,Vijay Sales
PROD00697,Prestige Badminton Racket,Sports,Badminton Racket,21489,ITC Limited
PROD00698,Nike Novel,Books,Novel,492,BigBasket
PROD00699,Bajaj Television,Electronics,Television,45731,ITC Limited
PROD00700,Mi Sofa,Home & Kitchen,Sofa,42069,Flipkart Seller
PROD00701,Puma Sofa,Home & Kitchen,Sofa,4294,DMart
PROD00702,Samsung Headphones,Electronics,Headphones,123848,Godrej Consumer
PROD00703,Adidas Academic Book,Books,Academic Book,869,Flipkart Seller
PROD00704,Tata Laptop,Electronics,Laptop,47947,Tata Consumer
PROD00705,Lenovo LED Lamp,Home & Kitchen,LED Lamp,47736,BigBasket
PROD00706,LG Jeans,Fashion,Jeans,6442,BigBasket
PROD00707,Tata Cricket Bat,Sports,Cricket Bat,11477,Vijay Sales
PROD00708,Prestige LED Lamp,Home & Kitchen,LED Lamp,17732,Godrej Consumer
PROD00709,HP Cricket Bat,Sports,Cricket Bat,15415,ITC Limited
PROD00710,HP Mixer Grinder,Home & Kitchen,Mixer Grinder,37651,Amazon Seller
PROD00711,Nike Pressure Cooker,Home & Kitchen,Pressure Cooker,7243,Godrej Consumer
PROD00712,Puma Cricket Bat,Sports,Cricket Bat,24773,ITC Limited
PROD00713,,Electronics,Mobile,69107,Reliance Retail
PROD00714,Aashirvaad Perfume,Beauty,Perfume,1329,Amazon Seller
PROD00715,Apple Rice,,Rice,2974,Vijay Sales
PROD00716,Puma Jeans,Fashion,Jeans,3709,Croma
PROD00717,Mi Mixer Grinder,Home & Kitchen,Mixer Grinder,24932,Flipkart Seller
PROD00718,Sony Academic Book,Books,Academic Book,1064,ITC Limited
PROD00719,Prestige Headphones,Electronics,Headphones,126921,BigBasket
PROD00720,Boat Tea Powder,Grocery,Tea Powder,403,ITC Limited
PROD00721,Amul Face Wash,Beauty,Face Wash,1743,BigBasket
PROD00722,OnePlus Biography,Books,Biography,1143,Tata Consumer
PROD00723,HP LED Lamp,Home & Kitchen,LED Lamp,13307,ITC Limited
PROD00724,LG Cooking Oil,Grocery,Cooking Oil,76,Vijay Sales
PROD00725,Apple Laptop,Electronics,Laptop,95812,Reliance Retail
PROD00726,Aashirvaad Mixer Grinder,Home & Kitchen,Mixer Grinder,48870,BigBasket
PROD00727,Lenovo Laptop,Electronics,Laptop,67434,Vijay Sales
PROD00728,LG Face Wash,Beauty,Face Wash,2392,Flipkart Seller
PROD00729,Lenovo Laptop,Electronics,Laptop,113280,Croma
PROD00730,Mi Face Wash,Beauty,Face Wash,882,ITC Limited
PROD00731,Prestige Shoes,Fashion,Shoes,5148,Godrej Consumer
PROD00732,LG Headphones,Electronics,Headphones,67068,BigBasket
PROD00733,Aashirvaad Dining Table,Home & Kitchen,Dining Table,46422,Croma
PROD00734,Nike Sofa,Home & Kitchen,Sofa,15809,Flipkart Seller
PROD00735,Mi Women Dress,Fashion,Women Dress,1192,Amazon Seller
PROD00736,Dell Laptop,Electronics,Laptop,127173,Croma
PROD00737,Apple Face Wash,Beauty,Face Wash,3035,DMart
PROD00738,Dell Perfume,Beauty,Perfume,2270,Flipkart Seller
PROD00739,Adidas Laptop,Electronics,Laptop,15572,DMart
PROD00740,LG Tea Powder,Grocery,Tea Powder,423,DMart
PROD00741,Lenovo Sofa,Home & Kitchen,Sofa,3708,BigBasket
PROD00742,Tata Pressure Cooker,Home & Kitchen,Pressure Cooker,27002,Tata Consumer
PROD00743,Samsung Novel,Books,Novel,2042,Flipkart Seller
PROD00744,Samsung Cooking Oil,Grocery,Cooking Oil,98,Reliance Retail
PROD00745,LG Cooking Oil,Grocery,Cooking Oil,861,Vijay Sales
PROD00746,Mi Mixer Grinder,Home & Kitchen,Mixer Grinder,38911,BigBasket
PROD00747,Tata Rice,Grocery,Rice,314,DMart
PROD00748,LG Badminton Racket,Sports,Badminton Racket,3513,Croma
PROD00749,Dell Mobile,Electronics,Mobile,18274,Amazon Seller
PROD00750,Aashirvaad Children Book,Books,Children Book,2182,Reliance Retail
PROD00751,Sony Lipstick,Beauty,Lipstick,2999,DMart
PROD00752,Nike Jeans,Fashion,Jeans,3953,Amazon Seller
PROD00753,OnePlus Television,Electronics,Television,69431,BigBasket
PROD00754,Apple Lipstick,Beauty,Lipstick,4024,Reliance Retail
PROD00755,Aashirvaad Smart Watch,Electronics,Smart Watch,40975,Vijay Sales
PROD00756,Puma Handbag,Fashion,Handbag,5467,ITC Limited
PROD00757,Aashirvaad Rice,Grocery,Rice,2971,Croma
PROD00758,Amul Lipstick,Beauty,Lipstick,4733,ITC Limited
PROD00759,Nike Sofa,Home & Kitchen,Sofa,12284,Reliance Retail
PROD00760,Puma LED Lamp,Home & Kitchen,LED Lamp,2420,BigBasket
PROD00761,Lenovo Headphones,Electronics,Headphones,98698,Godrej Consumer
PROD00762,Samsung Women Dress,Fashion,Women Dress,2330,DMart
PROD00763,Reliance LED Lamp,Home & Kitchen,LED Lamp,14879,Godrej Consumer
PROD00764,Amul Biscuits,Grocery,Biscuits,761,Amazon Seller
PROD00765,Boat Handbag,Fashion,Handbag,6904,Croma
PROD00766,Amul Academic Book,Books,Academic Book,-669,Godrej Consumer
PROD00767,Bajaj Handbag,Fashion,Handbag,7154,Tata Consumer
PROD00768,,Books,Biography,2158,Reliance Retail
PROD00769,Puma Mobile,Electronics,Mobile,62359,Reliance Retail
PROD00770,Tata Children Book,Books,Children Book,1508,Godrej Consumer
PROD00771,Boat Women Dress,Fashion,Women Dress,6173,Amazon Seller
PROD00772,Reliance Tea Powder,Grocery,Tea Powder,139,Amazon Seller
PROD00773,Samsung Novel,Books,Novel,2305,Croma
PROD00774,Aashirvaad Smart Watch,Electronics,Smart Watch,31484,Croma
PROD00775,LG Dining Table,Home & Kitchen,Dining Table,10822,Vijay Sales
PROD00776,Boat Biscuits,Grocery,Biscuits,763,ITC Limited
PROD00777,Puma Dumbbell,Sports,Dumbbell,22308,Godrej Consumer
PROD00778,Aashirvaad Cooking Oil,Grocery,Cooking Oil,1306,BigBasket
PROD00779,Tata Women Dress,Fashion,Women Dress,6050,Godrej Consumer
PROD00780,Sony Face Wash,Beauty,Face Wash,2706,Godrej Consumer
PROD00781,Samsung Handbag,Fashion,Handbag,7973,Tata Consumer
PROD00782,Prestige Jeans,Fashion,Jeans,2249,Croma
PROD00783,Prestige Pressure Cooker,Home & Kitchen,Pressure Cooker,46962,Croma
PROD00784,Nike Face Wash,Beauty,Face Wash,1817,DMart
PROD00785,Amul Cricket Bat,Sports,Cricket Bat,8910,Flipkart Seller
PROD00786,Reliance Cricket Bat,Sports,Cricket Bat,13146,Tata Consumer
PROD00787,Sony Badminton Racket,Sports,Badminton Racket,29484,Vijay Sales
PROD00788,Amul Lipstick,Beauty,Lipstick,4573,Vijay Sales
PROD00789,Mi Headphones,Electronics,Headphones,64135,Amazon Seller
PROD00790,Reliance Face Wash,Beauty,Face Wash,2515,Reliance Retail
PROD00791,Samsung Dining Table,Home & Kitchen,Dining Table,5362,Croma
PROD00792,Sony Shoes,Fashion,Shoes,6296,Flipkart Seller
PROD00793,Boat Academic Book,Books,Academic Book,2127,Reliance Retail
PROD00794,OnePlus Shampoo,Beauty,Shampoo,3656,Amazon Seller
PROD00795,Boat Mobile,Electronics,Mobile,58883,DMart
PROD00796,Adidas Perfume,Beauty,Perfume,2536,DMart
PROD00797,Aashirvaad Mobile,Electronics,Mobile,149090,Tata Consumer
PROD00798,Amul Men T-Shirt,Fashion,Men T-Shirt,331,Vijay Sales
PROD00799,OnePlus Smart Watch,Electronics,Smart Watch,130915,DMart
PROD00800,Bajaj Mobile,Electronics,Mobile,-1966,BigBasket
PROD00801,Samsung Headphones,Electronics,Headphones,85832,Vijay Sales
PROD00802,Nike Lipstick,Beauty,Lipstick,846,ITC Limited
PROD00803,Amul Shampoo,Beauty,Shampoo,3224,Croma
PROD00804,Reliance Shoes,Fashion,Shoes,2456,Tata Consumer
PROD00805,Puma Perfume,Beauty,Perfume,2300,Godrej Consumer
PROD00806,Samsung Laptop,Electronics,Laptop,27467,Croma
PROD00807,Godrej Spices,Grocery,Spices,2465,DMart
PROD00808,Aashirvaad Academic Book,Books,Academic Book,2290,Vijay Sales
PROD00809,Mi Children Book,Books,Children Book,1115,Tata Consumer
PROD00810,Aashirvaad Mixer Grinder,Home & Kitchen,Mixer Grinder,47312,Reliance Retail
PROD00811,Samsung Novel,Books,Novel,1989,Amazon Seller
PROD00812,Bajaj Women Dress,Fashion,Women Dress,1333,Reliance Retail
PROD00813,Godrej Face Wash,Beauty,Face Wash,1754,Amazon Seller
PROD00814,Nike Spices,Grocery,Spices,1359,Flipkart Seller
PROD00815,Apple Headphones,Electronics,Headphones,109164,ITC Limited
PROD00816,Lenovo Dining Table,Home & Kitchen,Dining Table,30525,Reliance Retail
PROD00817,Mi Spices,Grocery,Spices,2190,Vijay Sales
PROD00818,LG Headphones,Electronics,Headphones,43849,Godrej Consumer
PROD00819,Samsung Academic Book,Books,Academic Book,2454,Flipkart Seller
PROD00820,Apple Tea Powder,Grocery,Tea Powder,1458,Vijay Sales
PROD00821,HP Sofa,Home & Kitchen,Sofa,37988,Godrej Consumer
PROD00822,Sony Face Wash,Beauty,Face Wash,2356,Vijay Sales
PROD00823,OnePlus Handbag,Fashion,Handbag,5877,Vijay Sales
PROD00824,Boat Headphones,Electronics,Headphones,67279,Reliance Retail
PROD00825,Nike Badminton Racket,Sports,Badminton Racket,29893,Croma
PROD00826,Adidas Smart Watch,Electronics,Smart Watch,86513,BigBasket
PROD00827,Samsung Biscuits,Grocery,Biscuits,983,Amazon Seller
PROD00828,Boat Sofa,Home & Kitchen,Sofa,18156,Vijay Sales
PROD00829,Bajaj Academic Book,Books,Academic Book,1959,DMart
PROD00830,HP Biscuits,Grocery,Biscuits,2165,Croma
PROD00831,Lenovo Rice,Grocery,Rice,701,Flipkart Seller
PROD00832,Aashirvaad LED Lamp,Home & Kitchen,LED Lamp,9389,ITC Limited
PROD00833,Sony Academic Book,Books,Academic Book,939,DMart
PROD00834,Puma Rice,Grocery,Rice,185,Tata Consumer
PROD00835,Bajaj Smart Watch,Electronics,Smart Watch,76821,Croma
PROD00836,Lenovo Biscuits,Grocery,Biscuits,1675,Flipkart Seller
PROD00837,Puma Cricket Bat,Sports,Cricket Bat,12704,Tata Consumer
PROD00838,Sony Children Book,Books,Children Book,2093,Godrej Consumer
PROD00839,Amul Biography,Books,Biography,819,BigBasket
PROD00840,,Sports,Cricket Bat,1399,Vijay Sales
PROD00841,Mi Laptop,Electronics,Laptop,61182,DMart
PROD00842,Bajaj Football,Sports,Football,9317,Vijay Sales
PROD00843,Tata Academic Book,Books,Academic Book,2091,Amazon Seller
PROD00844,OnePlus Football,Sports,Football,26742,Reliance Retail
PROD00845,OnePlus Jeans,Fashion,Jeans,6895,BigBasket
PROD00846,Godrej Dumbbell,Sports,Dumbbell,-1675,Vijay Sales
PROD00847,Dell Tea Powder,Grocery,Tea Powder,1082,DMart
PROD00848,Lenovo Perfume,Beauty,Perfume,3353,Godrej Consumer
PROD00849,Lenovo Mobile,Electronics,Mobile,103102,ITC Limited
PROD00850,Adidas Dumbbell,Sports,Dumbbell,22926,Flipkart Seller
PROD00851,Boat Face Wash,Beauty,Face Wash,2364,Croma
PROD00852,Nike Tea Powder,Grocery,Tea Powder,2737,BigBasket
PROD00853,Lenovo Women Dress,Fashion,Women Dress,6570,DMart
PROD00854,Aashirvaad Television,Electronics,Television,88777,Amazon Seller
PROD00855,HP Cricket Bat,Sports,Cricket Bat,10186,BigBasket
PROD00856,Aashirvaad Lipstick,Beauty,Lipstick,389,Godrej Consumer
PROD00857,Boat Football,Sports,Football,24307,DMart
PROD00858,Amul Badminton Racket,Sports,Badminton Racket,17123,BigBasket
PROD00859,Apple Cooking Oil,Grocery,Cooking Oil,791,BigBasket
PROD00860,LG Headphones,Electronics,Headphones,72804,ITC Limited
PROD00861,Boat Cooking Oil,Grocery,Cooking Oil,2730,Flipkart Seller
PROD00862,Puma Jeans,Fashion,Jeans,6396,BigBasket
PROD00863,Amul Perfume,Beauty,Perfume,2234,Godrej Consumer
PROD00864,Samsung Sofa,Home & Kitchen,Sofa,31337,Reliance Retail
PROD00865,Mi Spices,Grocery,Spices,2592,Flipkart Seller
PROD00866,Lenovo Shampoo,Beauty,Shampoo,1081,Vijay Sales
PROD00867,Godrej Biography,Books,Biography,371,Amazon Seller
PROD00868,Boat Women Dress,Fashion,Women Dress,3652,Godrej Consumer
PROD00869,Boat Shampoo,Beauty,Shampoo,1577,Flipkart Seller
PROD00870,Sony Perfume,Beauty,Perfume,2667,Reliance Retail
PROD00871,Nike Headphones,Electronics,Headphones,59888,Amazon Seller
PROD00872,HP Novel,Books,Novel,510,Amazon Seller
PROD00873,Godrej Children Book,Books,Children Book,1802,Vijay Sales
PROD00874,Tata Lipstick,Beauty,Lipstick,409,ITC Limited
PROD00875,Tata Jeans,Fashion,Jeans,7607,Croma
PROD00876,Bajaj Spices,Grocery,Spices,123,Reliance Retail
PROD00877,Puma Football,Sports,Football,23225,Croma
PROD00878,Samsung Pressure Cooker,Home & Kitchen,Pressure Cooker,25636,ITC Limited
PROD00879,Sony Biography,Books,Biography,417,Reliance Retail
PROD00880,Dell Dining Table,Home & Kitchen,Dining Table,48199,ITC Limited
PROD00881,Godrej Biography,Books,Biography,698,Croma
PROD00882,Bajaj Perfume,Beauty,Perfume,1450,Vijay Sales
PROD00883,Puma Laptop,Electronics,Laptop,39394,DMart
PROD00884,Mi Cricket Bat,Sports,Cricket Bat,17035,Amazon Seller
PROD00885,Reliance Smart Watch,Electronics,Smart Watch,103354,BigBasket
PROD00886,OnePlus Spices,Grocery,Spices,249,Godrej Consumer
PROD00887,Tata Mobile,Electronics,Mobile,17644,Flipkart Seller
PROD00888,Aashirvaad Lipstick,Beauty,Lipstick,1112,ITC Limited
PROD00889,LG Sofa,Home & Kitchen,Sofa,13967,Reliance Retail
PROD00890,Samsung Sofa,Home & Kitchen,Sofa,43916,ITC Limited
PROD00891,OnePlus LED Lamp,Home & Kitchen,LED Lamp,46422,Amazon Seller
PROD00892,Lenovo Face Wash,Beauty,Face Wash,1064,BigBasket
PROD00893,HP Mobile,Electronics,Mobile,57074,Godrej Consumer
PROD00894,Lenovo Jeans,Fashion,Jeans,1952,Croma
PROD00895,Adidas Badminton Racket,Sports,Badminton Racket,5755,Reliance Retail
PROD00896,Bajaj Children Book,Books,Children Book,2118,Croma
PROD00897,Tata Men T-Shirt,Fashion,Men T-Shirt,5802,Flipkart Seller
PROD00898,HP Television,Electronics,Television,44097,Flipkart Seller
PROD00899,Prestige Spices,Grocery,Spices,464,BigBasket
PROD00900,Dell Football,Sports,Football,10200,BigBasket
PROD00901,Samsung Face Wash,Beauty,Face Wash,1531,Reliance Retail
PROD00902,Amul Tea Powder,Grocery,Tea Powder,2822,Croma
PROD00903,Samsung Face Wash,Beauty,Face Wash,475,Reliance Retail
PROD00904,Sony Cooking Oil,Grocery,Cooking Oil,1396,Croma
PROD00905,Prestige Perfume,Beauty,Perfume,3152,Croma
PROD00906,Aashirvaad Men T-Shirt,Fashion,Men T-Shirt,3578,Tata Consumer
PROD00907,HP Sofa,Home & Kitchen,Sofa,28139,Amazon Seller
PROD00908,Reliance Laptop,Electronics,Laptop,46784,Flipkart Seller
PROD00909,Mi Lipstick,Beauty,Lipstick,3689,Amazon Seller
PROD00910,Amul Children Book,Books,Children Book,268,Amazon Seller
PROD00911,Samsung Lipstick,Beauty,Lipstick,3469,Tata Consumer
PROD00912,Nike Mobile,Electronics,Mobile,87375,Reliance Retail
PROD00913,,Sports,Football,17509,ITC Limited
PROD00914,Godrej Cricket Bat,Sports,Cricket Bat,22183,DMart
PROD00915,Aashirvaad Perfume,Beauty,Perfume,1317,ITC Limited
PROD00916,Tata Academic Book,Books,Academic Book,792,ITC Limited
PROD00917,HP Biscuits,Grocery,Biscuits,727,Flipkart Seller
PROD00918,Boat Biscuits,Grocery,Biscuits,1036,Croma
PROD00919,Lenovo Mixer Grinder,Home & Kitchen,Mixer Grinder,15095,ITC Limited
PROD00920,Aashirvaad Badminton Racket,Sports,Badminton Racket,27274,DMart
PROD00921,Dell Headphones,Electronics,Headphones,122466,Flipkart Seller
PROD00922,Dell Biscuits,Grocery,Biscuits,1344,Flipkart Seller
PROD00923,Samsung Face Wash,Beauty,Face Wash,3404,Vijay Sales
PROD00924,Apple Television,Electronics,Television,5044,Flipkart Seller
PROD00925,OnePlus Spices,Grocery,Spices,2661,BigBasket
PROD00926,Dell Novel,Books,Novel,1546,Croma
PROD00927,Puma Rice,Grocery,Rice,1911,Croma
PROD00928,Amul Children Book,Books,Children Book,2003,Flipkart Seller
PROD00929,Tata Laptop,Electronics,Laptop,94484,Croma
PROD00930,Apple Tea Powder,Grocery,Tea Powder,2188,Croma
PROD01324,Adidas Mixer Grinder,Home & Kitchen,Mixer Grinder,20179,ITC Limited
PROD00932,Godrej Shampoo,Beauty,Shampoo,976,BigBasket
PROD00933,Bajaj Novel,Books,Novel,644,Vijay Sales
PROD00934,Bajaj Shoes,Fashion,Shoes,6171,Croma
PROD00935,Reliance Headphones,Electronics,Headphones,37301,Tata Consumer
PROD00936,HP Shampoo,Beauty,Shampoo,135,ITC Limited
PROD00937,Apple Cricket Bat,Sports,Cricket Bat,14682,Godrej Consumer
PROD00938,Mi Shampoo,Beauty,Shampoo,1522,Amazon Seller
PROD00939,OnePlus Headphones,Electronics,Headphones,89369,ITC Limited
PROD00940,OnePlus Lipstick,Beauty,Lipstick,2133,BigBasket
PROD00941,Adidas Perfume,Beauty,Perfume,3809,Amazon Seller
PROD00942,OnePlus Shoes,Fashion,Shoes,6034,ITC Limited
PROD00943,Boat LED Lamp,Home & Kitchen,LED Lamp,47153,ITC Limited
PROD00944,Bajaj Football,Sports,Football,7371,Godrej Consumer
PROD00945,Amul Dumbbell,Sports,Dumbbell,22532,Amazon Seller
PROD00946,Lenovo Football,Sports,Football,18276,Croma
PROD00947,Amul Cricket Bat,Sports,Cricket Bat,18924,Tata Consumer
PROD00948,Apple Children Book,Books,Children Book,1321,Vijay Sales
PROD00949,Lenovo Rice,Grocery,Rice,486,Reliance Retail
PROD00950,Reliance Shampoo,Beauty,Shampoo,563,DMart
PROD00951,Adidas Pressure Cooker,Home & Kitchen,Pressure Cooker,45286,BigBasket
PROD00952,Adidas Men T-Shirt,Fashion,Men T-Shirt,1971,ITC Limited
PROD00953,Dell Smart Watch,Electronics,Smart Watch,31864,Godrej Consumer
PROD00954,Puma Spices,Grocery,Spices,2700,ITC Limited
PROD00955,Lenovo Shampoo,Beauty,Shampoo,2456,Reliance Retail
PROD05235,Nike Television,Electronics,Television,46036,BigBasket
PROD00957,Nike Mobile,Electronics,Mobile,58238,Godrej Consumer
PROD00958,Puma Biscuits,Grocery,Biscuits,2645,Croma
PROD00959,Apple Spices,Grocery,Spices,2521,DMart
PROD00960,Adidas Cooking Oil,Grocery,Cooking Oil,1888,Amazon Seller
PROD00961,Sony Cricket Bat,Sports,Cricket Bat,6194,ITC Limited
PROD00962,Reliance Headphones,Electronics,Headphones,117330,BigBasket
PROD00963,LG Biography,Books,Biography,809,Godrej Consumer
PROD00964,Tata Tea Powder,Grocery,Tea Powder,1403,Tata Consumer
PROD00965,Reliance Football,Sports,Football,5536,Croma
PROD00966,OnePlus Academic Book,Books,Academic Book,1383,Tata Consumer
PROD00967,Apple Spices,Grocery,Spices,1516,Flipkart Seller
PROD00968,Lenovo Tea Powder,Grocery,Tea Powder,950,Amazon Seller
PROD00969,Lenovo Academic Book,Books,Academic Book,802,Vijay Sales
PROD00970,Prestige Children Book,Books,Children Book,1581,DMart
PROD00971,Boat Jeans,Fashion,Jeans,3255,BigBasket
PROD00972,Lenovo Handbag,Fashion,Handbag,4190,ITC Limited
PROD00973,Samsung Rice,Grocery,Rice,2789,Croma
PROD00974,OnePlus Shampoo,Beauty,Shampoo,2097,Reliance Retail
PROD00975,Aashirvaad Dumbbell,Sports,Dumbbell,26590,Flipkart Seller
PROD00976,Apple Perfume,Beauty,Perfume,2416,Reliance Retail
PROD00977,Lenovo Biography,Books,Biography,2233,Tata Consumer
PROD00978,Adidas Face Wash,Beauty,Face Wash,1677,Croma
PROD00979,Samsung Academic Book,Books,Academic Book,835,ITC Limited
PROD00980,Prestige Academic Book,Books,Academic Book,1013,DMart
PROD00981,Samsung Biscuits,Grocery,Biscuits,892,ITC Limited
PROD00982,Prestige Biscuits,Grocery,Biscuits,2860,Amazon Seller
PROD00983,Boat Headphones,Electronics,Headphones,14931,Flipkart Seller
PROD00984,Sony Mobile,Electronics,Mobile,71036,ITC Limited
PROD00985,Puma Television,Electronics,Television,72803,Vijay Sales
PROD00986,Aashirvaad Lipstick,Beauty,Lipstick,3647,Croma
PROD00987,Samsung Headphones,Electronics,Headphones,145203,Reliance Retail
PROD00988,Mi Cricket Bat,Sports,Cricket Bat,1991,Flipkart Seller
PROD00989,Samsung LED Lamp,Home & Kitchen,LED Lamp,19494,BigBasket
PROD00990,Adidas Academic Book,Books,Academic Book,1942,Vijay Sales
PROD00991,HP Face Wash,Beauty,Face Wash,1380,ITC Limited
PROD00992,Aashirvaad Women Dress,Fashion,Women Dress,6827,ITC Limited
PROD00993,Adidas Pressure Cooker,Home & Kitchen,Pressure Cooker,44886,Croma
PROD00994,Apple Television,Electronics,Television,42060,Flipkart Seller
PROD00995,Mi Mobile,Electronics,Mobile,108306,ITC Limited
PROD00996,Adidas Academic Book,Books,Academic Book,1010,Croma
PROD00997,Lenovo Shoes,Fashion,Shoes,1466,Amazon Seller
PROD00998,OnePlus Women Dress,Fashion,Women Dress,7138,BigBasket
PROD00999,Sony Men T-Shirt,Fashion,Men T-Shirt,5796,Godrej Consumer
PROD01000,Apple Rice,Grocery,Rice,1939,ITC Limited
PROD01001,Prestige Smart Watch,Electronics,Smart Watch,70716,Flipkart Seller
PROD01002,HP Handbag,Fashion,Handbag,3010,Croma
PROD01003,Samsung Women Dress,Fashion,Women Dress,2635,Godrej Consumer
PROD01004,Boat Laptop,Electronics,Laptop,132365,Tata Consumer
PROD01005,Adidas LED Lamp,Home & Kitchen,LED Lamp,45946,Godrej Consumer
PROD01006,Mi Handbag,Fashion,Handbag,3285,Croma
PROD01007,Tata Shampoo,Beauty,Shampoo,2665,DMart
PROD01008,Godrej Cooking Oil,Grocery,Cooking Oil,1183,Croma
PROD01009,HP Jeans,Fashion,Jeans,4091,Tata Consumer
PROD01010,HP Dining Table,Home & Kitchen,Dining Table,36654,Flipkart Seller
PROD01011,Prestige Handbag,Fashion,Handbag,7195,BigBasket
PROD01012,Apple Cooking Oil,Grocery,Cooking Oil,854,BigBasket
PROD01013,Prestige Cricket Bat,Sports,Cricket Bat,29732,Reliance Retail
PROD01014,Tata Spices,Grocery,Spices,2433,Godrej Consumer
PROD01015,Reliance Shampoo,Beauty,Shampoo,4618,BigBasket
PROD01016,LG Children Book,Books,Children Book,1648,Vijay Sales
PROD01017,Adidas Handbag,Fashion,,1396,Tata Consumer
PROD01018,Aashirvaad Academic Book,Books,Academic Book,1640,ITC Limited
PROD01019,OnePlus Laptop,Electronics,Laptop,48474,ITC Limited
PROD01020,Sony Shoes,Fashion,Shoes,1767,Godrej Consumer
PROD01021,HP Novel,Books,Novel,1619,Reliance Retail
PROD01022,Puma Shoes,Fashion,Shoes,814,BigBasket
PROD01023,Reliance Pressure Cooker,Home & Kitchen,Pressure Cooker,44316,DMart
PROD01024,Aashirvaad Biography,Books,Biography,2073,Tata Consumer
PROD01025,Boat Mobile,Electronics,Mobile,32059,ITC Limited
PROD01026,Nike Dumbbell,Sports,Dumbbell,19460,ITC Limited
PROD01027,Aashirvaad Novel,Books,Novel,1700,Croma
PROD01028,Lenovo Academic Book,Books,Academic Book,1180,Vijay Sales
PROD01029,Aashirvaad Handbag,Fashion,Handbag,3190,Croma
PROD01030,OnePlus Lipstick,Beauty,Lipstick,154,ITC Limited
PROD01031,Sony Shoes,Fashion,Shoes,2184,Flipkart Seller
PROD01032,Bajaj Biography,Books,Biography,-3088,Amazon Seller
PROD01033,OnePlus Jeans,Fashion,Jeans,6176,Flipkart Seller
PROD01034,Godrej Football,Sports,Football,27080,Croma
PROD01035,HP Cricket Bat,Sports,Cricket Bat,22625,Tata Consumer
PROD01036,Mi Shampoo,Beauty,Shampoo,1420,Vijay Sales
PROD01037,Reliance Laptop,Electronics,Laptop,38524,Godrej Consumer
PROD01038,LG Novel,Books,Novel,2249,Reliance Retail
PROD01039,Reliance Novel,Books,Novel,831,BigBasket
PROD01040,Aashirvaad Handbag,Fashion,Handbag,5209,Godrej Consumer
PROD01041,Adidas Cricket Bat,Sports,Cricket Bat,3309,DMart
PROD01042,HP Lipstick,Beauty,Lipstick,1497,DMart
PROD01043,OnePlus Biscuits,Grocery,Biscuits,634,Godrej Consumer
PROD01044,OnePlus Cooking Oil,Grocery,Cooking Oil,2751,ITC Limited
PROD01045,Boat Pressure Cooker,Home & Kitchen,Pressure Cooker,30218,Godrej Consumer
PROD01046,Puma Academic Book,Books,Academic Book,1699,Vijay Sales
PROD01047,Tata Men T-Shirt,Fashion,Men T-Shirt,1957,ITC Limited
PROD01048,Godrej Spices,Grocery,Spices,662,Godrej Consumer
PROD01049,HP Laptop,Electronics,Laptop,15233,ITC Limited
PROD01050,Prestige Academic Book,Books,Academic Book,2125,Amazon Seller
PROD01051,Godrej Academic Book,Books,Academic Book,2288,Vijay Sales
PROD01052,Lenovo Mixer Grinder,Home & Kitchen,Mixer Grinder,28612,DMart
PROD01053,Aashirvaad Biscuits,,Biscuits,1485,Godrej Consumer
PROD01054,Samsung Spices,Grocery,Spices,1792,Amazon Seller
PROD01055,Puma Sofa,Home & Kitchen,Sofa,5993,BigBasket
PROD01056,Nike Children Book,Books,Children Book,924,Reliance Retail
PROD01057,Mi Cricket Bat,Sports,Cricket Bat,17622,Flipkart Seller
PROD01058,Aashirvaad Academic Book,Books,Academic Book,991,Croma
PROD01059,Samsung Perfume,Beauty,Perfume,1367,Vijay Sales
PROD01060,Nike Dumbbell,Sports,Dumbbell,28515,ITC Limited
PROD01061,OnePlus Perfume,Beauty,Perfume,2357,Vijay Sales
PROD01062,Godrej Cooking Oil,Grocery,Cooking Oil,2311,ITC Limited
PROD01063,Amul Shampoo,Beauty,Shampoo,4680,ITC Limited
PROD01064,Adidas Perfume,Beauty,Perfume,4832,Croma
PROD01065,LG Biscuits,Grocery,Biscuits,2750,Flipkart Seller
PROD01066,Dell Football,Sports,Football,26160,Amazon Seller
PROD01067,Lenovo Laptop,Electronics,Laptop,110004,Croma
PROD01068,OnePlus Spices,Grocery,Spices,2905,Reliance Retail
PROD01069,Tata Shoes,Fashion,Shoes,6889,Flipkart Seller
PROD01070,HP Cooking Oil,Grocery,Cooking Oil,2508,Vijay Sales
PROD01071,Nike Mobile,Electronics,Mobile,63135,Croma
PROD01072,Reliance Television,Electronics,Television,105748,Vijay Sales
PROD01073,OnePlus Biography,Books,Biography,385,Amazon Seller
PROD01074,Dell Badminton Racket,,Badminton Racket,850,DMart
PROD01075,Adidas Spices,Grocery,Spices,847,Reliance Retail
PROD01076,Lenovo Spices,Grocery,Spices,2162,DMart
PROD01077,Reliance Novel,Books,Novel,1623,DMart
PROD01078,Sony Cricket Bat,Sports,Cricket Bat,3345,BigBasket
PROD01079,Amul Biscuits,Grocery,Biscuits,2792,Vijay Sales
PROD01080,Lenovo Shampoo,Beauty,Shampoo,225,Flipkart Seller
PROD01081,Adidas Television,Electronics,Television,96251,Croma
PROD01082,Puma Tea Powder,Grocery,Tea Powder,2533,DMart
PROD01083,Mi Lipstick,Beauty,Lipstick,138,BigBasket
PROD01084,Lenovo Shoes,Fashion,Shoes,1172,ITC Limited
PROD01085,Adidas Television,Electronics,Television,94120,Flipkart Seller
PROD01086,Nike Spices,Grocery,Spices,2253,Godrej Consumer
PROD01087,Aashirvaad Sofa,Home & Kitchen,Sofa,37407,Tata Consumer
PROD01088,Boat Cooking Oil,Grocery,Cooking Oil,1929,Tata Consumer
PROD01089,HP Academic Book,Books,Academic Book,626,BigBasket
PROD01090,Puma Headphones,Electronics,Headphones,65274,Croma
PROD01091,Lenovo Perfume,Beauty,Perfume,4488,Reliance Retail
PROD01092,Puma Dumbbell,Sports,Dumbbell,9913,Flipkart Seller
PROD01093,Prestige Perfume,Beauty,Perfume,4642,Amazon Seller
PROD01094,Amul Perfume,Beauty,Perfume,1890,Godrej Consumer
PROD01095,Bajaj Pressure Cooker,Home & Kitchen,Pressure Cooker,33202,DMart
PROD01096,Nike Women Dress,Fashion,Women Dress,1993,DMart
PROD01097,OnePlus Women Dress,Fashion,Women Dress,3216,Amazon Seller
PROD01098,Samsung Rice,Grocery,Rice,371,Tata Consumer
PROD01099,Apple Academic Book,Books,Academic Book,323,Tata Consumer
PROD01100,Boat LED Lamp,Home & Kitchen,LED Lamp,32766,Godrej Consumer
PROD01101,HP Tea Powder,Grocery,Tea Powder,799,ITC Limited
PROD01102,Puma Sofa,Home & Kitchen,Sofa,49663,Godrej Consumer
PROD01103,Lenovo Men T-Shirt,Fashion,Men T-Shirt,6847,Vijay Sales
PROD01104,Lenovo Face Wash,Beauty,Face Wash,2944,Vijay Sales
PROD01105,Dell Cooking Oil,Grocery,Cooking Oil,543,ITC Limited
PROD01106,Tata Perfume,Beauty,Perfume,196,DMart
PROD01107,Boat Face Wash,Beauty,Face Wash,3062,Godrej Consumer
PROD01108,Sony Tea Powder,Grocery,Tea Powder,2296,BigBasket
PROD01109,HP Jeans,Fashion,Jeans,5322,Croma
PROD01110,HP Pressure Cooker,Home & Kitchen,Pressure Cooker,28283,DMart
PROD01111,Amul Perfume,Beauty,Perfume,3381,BigBasket
PROD01112,Mi Shampoo,Beauty,Shampoo,1174,Godrej Consumer
PROD01113,Samsung Football,Sports,Football,24119,BigBasket
PROD01114,Apple Cooking Oil,Grocery,Cooking Oil,1820,Vijay Sales
PROD01115,LG Women Dress,Fashion,Women Dress,4174,Reliance Retail
PROD01116,HP Shoes,Fashion,Shoes,1401,ITC Limited
PROD01117,HP Biography,Books,Biography,1378,BigBasket
PROD01118,Aashirvaad Academic Book,Books,Academic Book,555,Amazon Seller
PROD01119,Nike Laptop,Electronics,Laptop,129921,Flipkart Seller
PROD01120,Nike Perfume,Beauty,Perfume,3057,Croma
PROD01121,Amul Biography,Books,Biography,231,Vijay Sales
PROD01122,OnePlus Smart Watch,Electronics,Smart Watch,57155,Godrej Consumer
PROD01123,Adidas Novel,Books,Novel,1604,Croma
PROD01124,Dell Badminton Racket,Sports,Badminton Racket,29651,Flipkart Seller
PROD01125,Dell Perfume,Beauty,Perfume,1286,Amazon Seller
PROD01126,Godrej Dumbbell,Sports,Dumbbell,21185,Godrej Consumer
PROD01127,Prestige Children Book,Books,Children Book,474,Amazon Seller
PROD01128,Boat Pressure Cooker,Home & Kitchen,Pressure Cooker,21266,BigBasket
PROD01129,OnePlus Dumbbell,Sports,Dumbbell,21623,Vijay Sales
PROD01130,Amul Sofa,Home & Kitchen,Sofa,49514,Godrej Consumer
PROD01131,Godrej Children Book,Books,Children Book,835,Amazon Seller
PROD01132,LG Rice,Grocery,Rice,1011,BigBasket
PROD01133,Bajaj Cricket Bat,Sports,Cricket Bat,5969,Vijay Sales
PROD01134,Prestige Mobile,Electronics,Mobile,129042,ITC Limited
PROD01135,Aashirvaad Mobile,Electronics,Mobile,142358,Flipkart Seller
PROD01136,OnePlus Smart Watch,Electronics,Smart Watch,45704,Flipkart Seller
PROD01137,Adidas Badminton Racket,Sports,Badminton Racket,8015,DMart
PROD01138,Dell Dumbbell,Sports,Dumbbell,21028,Amazon Seller
PROD01139,Sony Handbag,Fashion,Handbag,534,Reliance Retail
PROD01140,Boat Dumbbell,Sports,Dumbbell,28819,Tata Consumer
PROD01141,Apple Perfume,Beauty,Perfume,3744,Amazon Seller
PROD01142,Mi Football,Sports,Football,20081,Tata Consumer
PROD01143,Lenovo Badminton Racket,Sports,Badminton Racket,21464,ITC Limited
PROD01144,,Home & Kitchen,Dining Table,35867,DMart
PROD01145,Dell Rice,Grocery,Rice,1311,Croma
PROD01146,LG Perfume,Beauty,Perfume,2586,Reliance Retail
PROD01147,LG Television,Electronics,Television,95147,BigBasket
PROD01148,HP Face Wash,Beauty,Face Wash,4008,BigBasket
PROD01149,Adidas Headphones,Electronics,Headphones,65611,Reliance Retail
PROD01150,Bajaj Biography,Books,Biography,1836,ITC Limited
PROD01151,Puma Lipstick,Beauty,Lipstick,1437,Vijay Sales
PROD01152,Puma Biscuits,Grocery,Biscuits,1127,Flipkart Seller
PROD01153,Lenovo Shampoo,Beauty,Shampoo,2327,BigBasket
PROD01154,Godrej Dumbbell,Sports,Dumbbell,6660,Flipkart Seller
PROD01155,Adidas Women Dress,Fashion,Women Dress,1204,Tata Consumer
PROD01156,Nike Children Book,Books,Children Book,2165,DMart
PROD01157,LG Mixer Grinder,Home & Kitchen,Mixer Grinder,3752,ITC Limited
PROD01158,Samsung Laptop,Electronics,Laptop,78954,BigBasket
PROD01159,Tata Shoes,Fashion,Shoes,2207,Flipkart Seller
PROD01160,HP Men T-Shirt,Fashion,Men T-Shirt,2079,Croma
PROD01161,HP Perfume,Beauty,Perfume,3142,Tata Consumer
PROD01162,Boat Cricket Bat,Sports,Cricket Bat,3128,Amazon Seller
PROD05575,Aashirvaad Smart Watch,Electronics,Smart Watch,23713,ITC Limited
PROD01164,Bajaj Shampoo,Beauty,Shampoo,2148,Vijay Sales
PROD01165,Samsung Rice,Grocery,Rice,2977,DMart
PROD01166,Puma Lipstick,Beauty,Lipstick,374,DMart
PROD01167,Lenovo Face Wash,Beauty,Face Wash,1807,Tata Consumer
PROD01168,Boat Perfume,Beauty,Perfume,1399,Reliance Retail
PROD01169,Nike Cricket Bat,Sports,Cricket Bat,16268,BigBasket
PROD01170,Reliance Jeans,Fashion,Jeans,7375,DMart
PROD01171,Godrej Laptop,Electronics,Laptop,90069,Reliance Retail
PROD01172,Mi Jeans,Fashion,Jeans,1280,Vijay Sales
PROD01173,Tata Cooking Oil,Grocery,Cooking Oil,222,Godrej Consumer
PROD01174,OnePlus Biscuits,Grocery,Biscuits,684,Croma
PROD01175,Puma Rice,Grocery,Rice,695,Tata Consumer
PROD01176,Boat Television,Electronics,Television,20742,Reliance Retail
PROD01177,Apple Pressure Cooker,Home & Kitchen,Pressure Cooker,7538,Amazon Seller
PROD01178,Boat Shampoo,Beauty,Shampoo,4674,Croma
PROD01179,Bajaj Biscuits,Grocery,Biscuits,137,Vijay Sales
PROD01180,Nike Pressure Cooker,Home & Kitchen,Pressure Cooker,3087,Tata Consumer
PROD01181,Apple Badminton Racket,Sports,Badminton Racket,10157,ITC Limited
PROD01182,Bajaj Badminton Racket,Sports,Badminton Racket,19069,Amazon Seller
PROD01183,Boat Biography,Books,Biography,2068,BigBasket
PROD01184,Apple Spices,Grocery,Spices,706,Flipkart Seller
PROD01185,Dell Novel,Books,Novel,1361,BigBasket
PROD01186,Dell Biography,Books,Biography,152,ITC Limited
PROD01187,Tata Shampoo,Beauty,Shampoo,3082,Godrej Consumer
PROD01188,Prestige Jeans,Fashion,Jeans,5692,ITC Limited
PROD01189,Bajaj Biscuits,Grocery,Biscuits,2196,Tata Consumer
PROD05141,LG Spices,Grocery,Spices,2561,BigBasket
PROD01191,Boat Sofa,Home & Kitchen,Sofa,7739,Flipkart Seller
PROD01192,Reliance Academic Book,Books,Academic Book,681,Amazon Seller
PROD01193,Bajaj Rice,Grocery,Rice,488,Tata Consumer
PROD01194,Reliance Men T-Shirt,Fashion,Men T-Shirt,4977,Vijay Sales
PROD01195,Lenovo Badminton Racket,Sports,Badminton Racket,20946,Godrej Consumer
PROD01196,Amul Mixer Grinder,Home & Kitchen,Mixer Grinder,14965,Godrej Consumer
PROD01197,Tata Cricket Bat,Sports,Cricket Bat,7339,Tata Consumer
PROD01198,Dell Rice,Grocery,Rice,2667,Reliance Retail
PROD01199,Godrej LED Lamp,Home & Kitchen,LED Lamp,24687,Reliance Retail
PROD01200,Nike Spices,Grocery,Spices,2216,Reliance Retail
PROD01201,Adidas Cricket Bat,Sports,Cricket Bat,3053,DMart
PROD01202,Samsung Academic Book,Books,Academic Book,1096,ITC Limited
PROD01203,Bajaj Shampoo,Beauty,Shampoo,4410,DMart
PROD01204,Apple Novel,Books,Novel,2436,Vijay Sales
PROD01205,Mi Cricket Bat,Sports,Cricket Bat,12229,Tata Consumer
PROD01206,Samsung Badminton Racket,Sports,Badminton Racket,5966,Amazon Seller
PROD01207,Lenovo Children Book,Books,Children Book,1532,Amazon Seller
PROD01208,Amul Children Book,Books,Children Book,1440,ITC Limited
PROD01209,Godrej Dining Table,Home & Kitchen,Dining Table,42000,Vijay Sales
PROD01210,OnePlus Tea Powder,Grocery,Tea Powder,1035,Godrej Consumer
PROD01211,Aashirvaad Novel,Books,Novel,2403,BigBasket
PROD01212,Dell Sofa,Home & Kitchen,Sofa,26523,Reliance Retail
PROD01213,Adidas Cricket Bat,Sports,Cricket Bat,20021,Reliance Retail
PROD01214,Adidas Novel,Books,Novel,176,BigBasket
PROD01215,Boat Women Dress,Fashion,Women Dress,477,BigBasket
PROD01216,Samsung Novel,Books,Novel,304,Tata Consumer
PROD01217,LG Pressure Cooker,Home & Kitchen,Pressure Cooker,17866,Croma
PROD01218,Puma Novel,Books,Novel,1199,BigBasket
PROD01219,Aashirvaad Television,Electronics,Television,61999,Flipkart Seller
PROD01220,HP Dumbbell,Sports,Dumbbell,6165,Tata Consumer
PROD01221,Samsung Spices,Grocery,Spices,2488,BigBasket
PROD01222,Aashirvaad Television,Electronics,Television,25572,Reliance Retail
PROD01223,Amul Tea Powder,Grocery,Tea Powder,1828,Vijay Sales
PROD01224,Puma Rice,Grocery,Rice,2723,Godrej Consumer
PROD01225,Reliance Headphones,Electronics,Headphones,84897,ITC Limited
PROD01226,Apple Smart Watch,Electronics,Smart Watch,44211,Croma
PROD01227,LG Novel,Books,Novel,356,Vijay Sales
PROD01228,Puma Face Wash,Beauty,Face Wash,3638,BigBasket
PROD01229,LG Biscuits,Grocery,Biscuits,591,Croma
PROD01230,Mi Headphones,Electronics,Headphones,17926,ITC Limited
PROD01231,Prestige Perfume,Beauty,Perfume,3364,ITC Limited
PROD01232,LG Shampoo,Beauty,Shampoo,4039,ITC Limited
PROD01233,Aashirvaad Shoes,Fashion,Shoes,5643,Godrej Consumer
PROD01234,OnePlus Handbag,Fashion,Handbag,6326,ITC Limited
PROD01235,Prestige Women Dress,Fashion,Women Dress,2481,Vijay Sales
PROD01236,Prestige LED Lamp,Home & Kitchen,LED Lamp,7874,Vijay Sales
PROD01237,Amul Perfume,Beauty,Perfume,1660,Croma
PROD01238,Tata LED Lamp,Home & Kitchen,LED Lamp,20476,Amazon Seller
PROD01239,Dell LED Lamp,Home & Kitchen,LED Lamp,41340,Amazon Seller
PROD01240,Puma Face Wash,Beauty,Face Wash,1735,Croma
PROD01241,Samsung Men T-Shirt,Fashion,Men T-Shirt,6358,Reliance Retail
PROD01242,LG Handbag,Fashion,Handbag,7416,BigBasket
PROD01243,Samsung Smart Watch,Electronics,Smart Watch,84984,Tata Consumer
PROD01244,Boat Face Wash,Beauty,Face Wash,1812,ITC Limited
PROD01245,Apple Women Dress,Fashion,Women Dress,4586,BigBasket
PROD01246,OnePlus Children Book,Books,Children Book,728,Reliance Retail
PROD01247,Nike Face Wash,Beauty,Face Wash,1495,Reliance Retail
PROD01248,OnePlus Pressure Cooker,Home & Kitchen,Pressure Cooker,18278,Reliance Retail
PROD01249,Prestige Face Wash,Beauty,Face Wash,3283,BigBasket
PROD01250,Samsung Dumbbell,Sports,Dumbbell,1125,BigBasket
PROD01251,Puma Biscuits,Grocery,Biscuits,1609,ITC Limited
PROD01252,Boat Cricket Bat,Sports,Cricket Bat,16381,Godrej Consumer
PROD01253,Sony Academic Book,Books,Academic Book,964,ITC Limited
PROD01254,Reliance Face Wash,Beauty,Face Wash,2126,ITC Limited
PROD01255,HP Dining Table,Home & Kitchen,Dining Table,26281,Amazon Seller
PROD01256,Amul Smart Watch,Electronics,Smart Watch,98160,BigBasket
PROD01257,Nike Handbag,Fashion,Handbag,6951,Reliance Retail
PROD01258,Aashirvaad Dumbbell,Sports,Dumbbell,29676,Reliance Retail
PROD01259,Puma Biography,Books,Biography,771,Croma
PROD01260,Prestige Shampoo,Beauty,Shampoo,3231,ITC Limited
PROD01261,Godrej Football,Sports,Football,8376,Godrej Consumer
PROD01262,Adidas Shoes,Fashion,Shoes,7752,Godrej Consumer
PROD01263,Apple Sofa,Home & Kitchen,Sofa,9135,DMart
PROD01264,Mi Football,Sports,Football,18239,DMart
PROD01265,Adidas Cooking Oil,Grocery,Cooking Oil,2870,ITC Limited
PROD01266,LG Shoes,Fashion,Shoes,5675,Godrej Consumer
PROD01267,Prestige Jeans,Fashion,Jeans,4865,ITC Limited
PROD01268,Sony Cricket Bat,Sports,Cricket Bat,10907,Amazon Seller
PROD01269,Boat Cricket Bat,Sports,Cricket Bat,29340,Vijay Sales
PROD01270,Dell Perfume,Beauty,Perfume,2342,Amazon Seller
PROD01271,Samsung Cooking Oil,Grocery,Cooking Oil,588,Amazon Seller
PROD01272,OnePlus Television,Electronics,Television,74956,Godrej Consumer
PROD01273,OnePlus Novel,Books,Novel,1101,DMart
PROD01274,Amul Cricket Bat,Sports,Cricket Bat,3104,Tata Consumer
PROD01275,OnePlus Handbag,Fashion,Handbag,4140,Croma
PROD01276,HP Shoes,Fashion,Shoes,4181,Amazon Seller
PROD01277,Puma Women Dress,Fashion,Women Dress,564,Vijay Sales
PROD01278,Nike Rice,Grocery,Rice,1741,DMart
PROD01279,Bajaj Football,Sports,Football,2667,Amazon Seller
PROD01280,Boat Lipstick,Beauty,Lipstick,3848,DMart
PROD01281,Reliance Lipstick,Beauty,Lipstick,3216,Croma
PROD01282,Lenovo Face Wash,Beauty,Face Wash,995,
PROD01283,Puma Face Wash,Beauty,Face Wash,4349,ITC Limited
PROD01284,Apple Face Wash,Beauty,Face Wash,3273,ITC Limited
PROD01285,Bajaj Rice,Grocery,Rice,1242,Tata Consumer
PROD01286,Adidas Perfume,Beauty,Perfume,3879,Amazon Seller
PROD01287,OnePlus Perfume,Beauty,Perfume,546,ITC Limited
PROD01288,Dell Shoes,Fashion,Shoes,1040,ITC Limited
PROD01289,Mi Laptop,Electronics,Laptop,148237,Amazon Seller
PROD01290,Boat Lipstick,Beauty,Lipstick,3793,Reliance Retail
PROD01291,Mi Shoes,Fashion,Shoes,7645,DMart
PROD01292,Nike Face Wash,Beauty,Face Wash,2754,Amazon Seller
PROD01293,Prestige Cricket Bat,Sports,Cricket Bat,4240,Tata Consumer
PROD01294,Prestige Dumbbell,Sports,Dumbbell,17664,Vijay Sales
PROD01295,Aashirvaad Football,Sports,Football,18533,Vijay Sales
PROD01296,Boat Laptop,Electronics,Laptop,44345,Amazon Seller
PROD01297,Sony Cooking Oil,Grocery,Cooking Oil,2966,Reliance Retail
PROD01298,Adidas Perfume,Beauty,Perfume,3755,BigBasket
PROD01299,Samsung Football,Sports,Football,29943,Amazon Seller
PROD01300,OnePlus Men T-Shirt,Fashion,Men T-Shirt,6570,BigBasket
PROD01301,HP Headphones,Electronics,Headphones,135716,ITC Limited
PROD01302,OnePlus Rice,Grocery,Rice,2071,DMart
PROD01303,HP Handbag,Fashion,Handbag,4017,Vijay Sales
PROD01304,OnePlus Face Wash,Beauty,Face Wash,153,DMart
PROD01305,OnePlus Biography,Books,Biography,2433,DMart
PROD01306,LG Laptop,Electronics,Laptop,19434,Croma
PROD01307,Reliance Laptop,Electronics,Laptop,83234,Croma
PROD01308,Samsung Mobile,Electronics,Mobile,114302,Amazon Seller
PROD01309,OnePlus Jeans,Fashion,Jeans,5714,Godrej Consumer
PROD01310,Dell Novel,Books,Novel,1625,Reliance Retail
PROD01311,Boat Smart Watch,Electronics,Smart Watch,101618,Vijay Sales
PROD01312,Godrej Rice,Grocery,Rice,2304,Flipkart Seller
PROD01313,LG Sofa,Home & Kitchen,Sofa,8496,BigBasket
PROD01314,Godrej LED Lamp,Home & Kitchen,LED Lamp,34883,DMart
PROD01315,OnePlus Football,Sports,Football,2406,Flipkart Seller
PROD01316,HP Academic Book,Books,Academic Book,1326,
PROD01317,Nike Biography,Books,Biography,2302,Godrej Consumer
PROD01318,LG Biography,Books,Biography,2454,Tata Consumer
PROD00005,Apple Academic Book,Books,Academic Book,964,ITC Limited
PROD01320,Bajaj Jeans,Fashion,Jeans,312,Flipkart Seller
PROD01321,Samsung Headphones,Electronics,Headphones,59350,Godrej Consumer
PROD01322,Reliance Lipstick,Beauty,Lipstick,2834,Croma
PROD01323,Tata Novel,Books,Novel,974,BigBasket
PROD01324,Adidas Mixer Grinder,Home & Kitchen,Mixer Grinder,20179,ITC Limited
PROD01325,Tata Biography,Books,Biography,616,Croma
PROD01326,Mi Sofa,Home & Kitchen,Sofa,40869,Reliance Retail
PROD01327,Bajaj Cooking Oil,Grocery,Cooking Oil,1403,Croma
PROD01328,HP Badminton Racket,Sports,Badminton Racket,26624,Reliance Retail
PROD01329,HP Football,Sports,Football,5591,Tata Consumer
PROD01330,Boat Spices,Grocery,Spices,1944,Vijay Sales
PROD01331,Lenovo Cricket Bat,Sports,Cricket Bat,10308,Godrej Consumer
PROD01332,Apple Dumbbell,Sports,Dumbbell,18059,Reliance Retail
PROD01333,Boat Handbag,Fashion,Handbag,6849,Croma
PROD01334,Nike Laptop,Electronics,Laptop,13171,Croma
PROD01335,Mi Shampoo,Beauty,Shampoo,3291,Amazon Seller
PROD01336,Adidas Academic Book,Books,Academic Book,1438,Reliance Retail
PROD01337,Prestige Sofa,Home & Kitchen,Sofa,33074,DMart
PROD01338,Adidas Sofa,Home & Kitchen,Sofa,14664,ITC Limited
PROD01339,Samsung Pressure Cooker,Home & Kitchen,Pressure Cooker,25024,Reliance Retail
PROD01340,Prestige Cooking Oil,Grocery,Cooking Oil,1867,ITC Limited
PROD01341,Lenovo Headphones,Electronics,Headphones,45390,DMart
PROD01342,Lenovo Sofa,Home & Kitchen,Sofa,20839,Croma
PROD01343,Lenovo Men T-Shirt,Fashion,Men T-Shirt,5843,Amazon Seller
PROD01344,Dell Men T-Shirt,Fashion,Men T-Shirt,3475,ITC Limited
PROD01345,Adidas Mobile,Electronics,Mobile,16542,Godrej Consumer
PROD01346,Boat Rice,Grocery,Rice,1962,Reliance Retail
PROD01347,Adidas Television,Electronics,Television,10893,Godrej Consumer
PROD01348,Bajaj Tea Powder,Grocery,Tea Powder,1364,DMart
PROD01349,Nike Jeans,Fashion,Jeans,4660,Croma
PROD01350,Samsung Biscuits,Grocery,Biscuits,1166,Amazon Seller
PROD01351,Samsung Jeans,Fashion,Jeans,424,Godrej Consumer
PROD01352,Bajaj Academic Book,Books,Academic Book,2372,Croma
PROD01353,Nike Biography,Books,Biography,729,BigBasket
PROD01354,Sony Novel,Books,Novel,441,BigBasket
PROD01355,Apple Biography,Books,Biography,1967,Reliance Retail
PROD01356,HP Men T-Shirt,Fashion,Men T-Shirt,7699,Reliance Retail
PROD01357,Reliance Headphones,Electronics,Headphones,0,Vijay Sales
PROD01358,OnePlus Shampoo,Beauty,Shampoo,4955,Tata Consumer
PROD01359,Adidas Biography,Books,Biography,1511,DMart
PROD01360,Dell Cricket Bat,Sports,Cricket Bat,19105,Amazon Seller
PROD01361,Samsung Headphones,Electronics,Headphones,124428,BigBasket
PROD01362,HP Badminton Racket,Sports,Badminton Racket,8092,DMart
PROD01363,Nike Handbag,Fashion,Handbag,7778,Croma
PROD01364,Boat Shampoo,Beauty,Shampoo,2760,Tata Consumer
PROD01365,Prestige Face Wash,Beauty,Face Wash,3993,Flipkart Seller
PROD01366,Dell Sofa,Home & Kitchen,Sofa,11693,BigBasket
PROD01367,OnePlus Tea Powder,Grocery,Tea Powder,2403,Amazon Seller
PROD01368,Aashirvaad Academic Book,Books,Academic Book,588,Croma
PROD01369,Adidas Academic Book,Books,Academic Book,2332,Tata Consumer
PROD01370,Puma Lipstick,Beauty,Lipstick,2096,ITC Limited
PROD01371,Aashirvaad Shoes,Fashion,Shoes,841,Croma
PROD01372,Godrej Handbag,Fashion,Handbag,6725,Vijay Sales
PROD01373,Apple Biography,Books,Biography,1117,Amazon Seller
PROD01374,Mi Cricket Bat,Sports,Cricket Bat,27918,Tata Consumer
PROD01375,OnePlus Television,Electronics,Television,126348,Croma
PROD01376,Dell Academic Book,Books,Academic Book,871,BigBasket
PROD01377,OnePlus Face Wash,Beauty,Face Wash,990,Godrej Consumer
PROD01378,Boat Biscuits,Grocery,Biscuits,2074,Reliance Retail
PROD01379,LG Laptop,Electronics,Laptop,5048,Amazon Seller
PROD01380,Dell Football,Sports,Football,17908,BigBasket
PROD01381,Bajaj Lipstick,Beauty,Lipstick,1784,Croma
PROD01382,Adidas LED Lamp,,LED Lamp,28990,Croma
PROD01383,Tata Television,Electronics,Television,138804,Vijay Sales
PROD01384,Adidas Cooking Oil,Grocery,Cooking Oil,305,Croma
PROD01385,Tata Academic Book,Books,Academic Book,2443,Croma
PROD01386,Tata Smart Watch,Electronics,Smart Watch,66667,Vijay Sales
PROD01387,Boat Badminton Racket,Sports,Badminton Racket,23823,Vijay Sales
PROD01388,Godrej Lipstick,Beauty,Lipstick,4565,DMart
PROD01389,HP Football,Sports,Football,5057,DMart
PROD01390,Amul Children Book,Books,Children Book,1858,Amazon Seller
PROD01391,LG Pressure Cooker,Home & Kitchen,Pressure Cooker,1260,Flipkart Seller
PROD01392,LG Cricket Bat,Sports,Cricket Bat,24136,Tata Consumer
PROD01393,LG Badminton Racket,Sports,Badminton Racket,3274,Amazon Seller
PROD01394,Dell Badminton Racket,Sports,Badminton Racket,29780,Godrej Consumer
PROD01395,Dell Shampoo,Beauty,Shampoo,4273,Vijay Sales
PROD01396,Aashirvaad Children Book,Books,Children Book,1605,DMart
PROD01397,OnePlus Shoes,Fashion,Shoes,360,Godrej Consumer
PROD01398,Lenovo Shampoo,Beauty,Shampoo,2305,Vijay Sales
PROD01399,Reliance Biography,Books,Biography,305,Godrej Consumer
PROD01400,Samsung Perfume,Beauty,Perfume,4853,Tata Consumer
PROD01401,LG Cricket Bat,Sports,Cricket Bat,24426,ITC Limited
PROD01402,Dell Tea Powder,Grocery,Tea Powder,2167,Flipkart Seller
PROD01403,Puma Academic Book,Books,Academic Book,2085,Flipkart Seller
PROD01404,OnePlus Dumbbell,Sports,Dumbbell,2229,Croma
PROD01405,HP Academic Book,Books,Academic Book,2009,ITC Limited
PROD01406,Godrej Perfume,Beauty,Perfume,2991,BigBasket
PROD01407,Reliance Pressure Cooker,Home & Kitchen,Pressure Cooker,46050,Godrej Consumer
PROD01408,Mi Dumbbell,Sports,Dumbbell,9034,Reliance Retail
PROD01409,Mi Badminton Racket,Sports,Badminton Racket,6040,Godrej Consumer
PROD01410,OnePlus Smart Watch,Electronics,Smart Watch,12156,BigBasket
PROD01411,LG Face Wash,Beauty,Face Wash,4241,Flipkart Seller
PROD01412,Nike Tea Powder,Grocery,Tea Powder,592,Godrej Consumer
PROD01413,Nike Dining Table,Home & Kitchen,Dining Table,1430,Flipkart Seller
PROD01414,Mi Novel,Books,Novel,769,Tata Consumer
PROD01415,Nike Pressure Cooker,Home & Kitchen,Pressure Cooker,46425,DMart
PROD01416,Lenovo Shampoo,Beauty,Shampoo,371,Croma
PROD01417,OnePlus Laptop,Electronics,Laptop,45409,Tata Consumer
PROD01418,Aashirvaad Biscuits,Grocery,Biscuits,1024,Tata Consumer
PROD01419,Bajaj Football,Sports,Football,19431,Croma
PROD01420,Samsung Smart Watch,Electronics,Smart Watch,18768,Amazon Seller
PROD01421,HP Lipstick,Beauty,Lipstick,2568,Tata Consumer
PROD01422,Aashirvaad Football,Sports,Football,22897,Vijay Sales
PROD01423,LG Perfume,Beauty,Perfume,4445,Vijay Sales
PROD01424,Dell Smart Watch,Electronics,Smart Watch,105140,Croma
PROD01425,Samsung Academic Book,Books,Academic Book,2326,Croma
PROD01426,OnePlus Biscuits,Grocery,Biscuits,2720,BigBasket
PROD01427,Nike Dining Table,Home & Kitchen,Dining Table,6940,BigBasket
PROD01428,Dell Badminton Racket,Sports,Badminton Racket,25834,DMart
PROD01429,Lenovo Football,Sports,Football,11556,Amazon Seller
PROD01430,Tata LED Lamp,Home & Kitchen,LED Lamp,44592,Reliance Retail
PROD01431,Tata Rice,Grocery,Rice,1734,Flipkart Seller
PROD01432,Dell Academic Book,Books,Academic Book,1589,DMart
PROD01433,Nike Dumbbell,Sports,Dumbbell,6826,Reliance Retail
PROD01434,Prestige Television,Electronics,Television,19911,Godrej Consumer
PROD01435,OnePlus Football,Sports,Football,21408,Flipkart Seller
PROD01436,Prestige Cricket Bat,Sports,Cricket Bat,28563,Godrej Consumer
PROD01437,Mi Shoes,Fashion,Shoes,6879,Amazon Seller
PROD01438,Nike Laptop,Electronics,Laptop,82219,Tata Consumer
PROD01439,Dell Cricket Bat,Sports,Cricket Bat,9556,Vijay Sales
PROD01440,Nike Dumbbell,Sports,Dumbbell,5807,Flipkart Seller
PROD01441,Aashirvaad Mixer Grinder,Home & Kitchen,Mixer Grinder,25966,Croma
PROD01442,Nike Smart Watch,Electronics,Smart Watch,51643,Tata Consumer
PROD01443,Bajaj Headphones,Electronics,Headphones,107926,Amazon Seller
PROD01444,Samsung Badminton Racket,Sports,Badminton Racket,5214,ITC Limited
PROD01445,Bajaj Biscuits,Grocery,Biscuits,2564,Flipkart Seller
PROD01446,Samsung Perfume,Beauty,Perfume,385,Flipkart Seller
PROD01447,Nike Television,Electronics,Television,121885,Reliance Retail
PROD01448,Tata Shampoo,Beauty,Shampoo,409,Vijay Sales
PROD01449,Boat Pressure Cooker,Home & Kitchen,Pressure Cooker,26146,Godrej Consumer
PROD01450,HP Television,Electronics,Television,130341,Vijay Sales
PROD01451,Apple Face Wash,Beauty,Face Wash,1950,Reliance Retail
PROD01452,Samsung Lipstick,Beauty,Lipstick,4746,ITC Limited
PROD01453,Adidas Dining Table,Home & Kitchen,Dining Table,26754,Reliance Retail
PROD01454,Amul Cricket Bat,Sports,Cricket Bat,18018,Croma
PROD01455,Adidas Headphones,Electronics,Headphones,58246,Amazon Seller
PROD01456,Aashirvaad Academic Book,Books,Academic Book,932,BigBasket
PROD01457,Samsung Badminton Racket,Sports,Badminton Racket,21164,Croma
PROD01458,Dell Face Wash,Beauty,Face Wash,1652,Amazon Seller
PROD01459,Tata Laptop,Electronics,Laptop,67517,Tata Consumer
PROD01460,Apple Face Wash,Beauty,Face Wash,2620,Tata Consumer
PROD01461,Tata Children Book,Books,Children Book,301,Croma
PROD01462,Reliance Smart Watch,Electronics,Smart Watch,111301,Flipkart Seller
PROD01463,Dell Handbag,Fashion,Handbag,5854,ITC Limited
PROD01464,Puma Handbag,Fashion,Handbag,7876,Flipkart Seller
PROD01465,HP Laptop,Electronics,Laptop,9997,Tata Consumer
PROD01466,Puma Academic Book,Books,Academic Book,684,Reliance Retail
PROD01467,Adidas Men T-Shirt,Fashion,Men T-Shirt,7023,Flipkart Seller
PROD01468,Mi Shampoo,Beauty,Shampoo,623,Flipkart Seller
PROD01469,OnePlus Headphones,Electronics,Headphones,62821,Flipkart Seller
PROD01470,Godrej Cooking Oil,Grocery,Cooking Oil,1431,Vijay Sales
PROD01471,Mi Mixer Grinder,Home & Kitchen,Mixer Grinder,36275,Amazon Seller
PROD01472,Reliance Pressure Cooker,Home & Kitchen,Pressure Cooker,39368,Amazon Seller
PROD01473,Samsung Mixer Grinder,Home & Kitchen,Mixer Grinder,18449,Amazon Seller
PROD01474,Sony Biscuits,Grocery,Biscuits,2902,Croma
PROD01475,Dell Novel,Books,Novel,1147,Godrej Consumer
PROD01476,Samsung Laptop,Electronics,Laptop,103600,Amazon Seller
PROD01477,Prestige Headphones,Electronics,Headphones,6664,Reliance Retail
PROD01478,Mi Men T-Shirt,Fashion,Men T-Shirt,7565,BigBasket
PROD01479,LG Lipstick,Beauty,Lipstick,1788,Amazon Seller
PROD01480,Lenovo Dumbbell,Sports,Dumbbell,15259,Vijay Sales
PROD01481,OnePlus Women Dress,Fashion,Women Dress,5966,Reliance Retail
PROD01482,HP Novel,Books,Novel,510,BigBasket
PROD01483,Tata Sofa,Home & Kitchen,Sofa,37050,DMart
PROD01484,Lenovo Men T-Shirt,Fashion,Men T-Shirt,1083,Godrej Consumer
PROD01485,Lenovo LED Lamp,Home & Kitchen,LED Lamp,14870,Tata Consumer
PROD01486,Nike Cooking Oil,Grocery,Cooking Oil,267,DMart
PROD01487,HP Laptop,Electronics,Laptop,135420,Amazon Seller
PROD02974,OnePlus Cricket Bat,Sports,Cricket Bat,7846,Amazon Seller
PROD01489,Godrej Pressure Cooker,Home & Kitchen,Pressure Cooker,16974,Croma
PROD01490,Reliance Children Book,Books,Children Book,577,Reliance Retail
PROD01491,Sony Novel,Books,Novel,269,Tata Consumer
PROD01492,Prestige Academic Book,Books,Academic Book,1113,Tata Consumer
PROD01493,Godrej Biography,Books,Biography,964,Croma
PROD01494,Boat Men T-Shirt,Fashion,Men T-Shirt,2165,Flipkart Seller
PROD01495,Bajaj Shoes,Fashion,Shoes,3376,DMart
PROD01496,Mi Headphones,Electronics,Headphones,131984,Reliance Retail
PROD01497,Bajaj Shampoo,Beauty,Shampoo,3827,Amazon Seller
PROD01498,LG Perfume,Beauty,Perfume,3849,DMart
PROD01499,Nike Dumbbell,Sports,Dumbbell,7126,Croma
PROD01500,Mi Men T-Shirt,Fashion,Men T-Shirt,788,BigBasket
PROD01501,Dell Men T-Shirt,Fashion,Men T-Shirt,4056,Vijay Sales
PROD01502,Puma Jeans,Fashion,Jeans,7561,BigBasket
PROD01503,OnePlus Novel,Books,Novel,846,Godrej Consumer
PROD01504,Prestige Novel,Books,Novel,1836,ITC Limited
PROD01505,Mi Shampoo,Beauty,Shampoo,3978,Tata Consumer
PROD01506,Godrej Mixer Grinder,Home & Kitchen,Mixer Grinder,48746,DMart
PROD01507,Godrej Jeans,Fashion,Jeans,5046,DMart
PROD01508,Mi Novel,Books,Novel,170,Vijay Sales
PROD01509,HP Mobile,Electronics,Mobile,137177,Reliance Retail
PROD01510,HP Lipstick,Beauty,Lipstick,902,Tata Consumer
PROD01511,Prestige Shampoo,Beauty,Shampoo,4675,Reliance Retail
PROD01512,Bajaj Badminton Racket,Sports,Badminton Racket,4848,Croma
PROD01513,Prestige Pressure Cooker,Home & Kitchen,Pressure Cooker,1543,Tata Consumer
PROD01514,Sony Dumbbell,Sports,Dumbbell,23545,Tata Consumer
PROD01515,Mi Spices,Grocery,Spices,149,Tata Consumer
PROD01516,Aashirvaad Shampoo,Beauty,Shampoo,1615,Croma
PROD01517,Tata Badminton Racket,Sports,Badminton Racket,28693,Flipkart Seller
PROD01518,Lenovo Perfume,Beauty,Perfume,367,BigBasket
PROD01519,OnePlus Perfume,Beauty,Perfume,4543,Godrej Consumer
PROD01520,Prestige Cooking Oil,Grocery,Cooking Oil,2591,Croma
PROD01521,Lenovo Cricket Bat,Sports,Cricket Bat,22607,Croma
PROD01522,Aashirvaad Mobile,Electronics,Mobile,100837,Tata Consumer
PROD01523,Amul Academic Book,Books,Academic Book,1650,Amazon Seller
PROD01524,Apple Cricket Bat,Sports,Cricket Bat,23743,DMart
PROD01525,Puma Jeans,Fashion,Jeans,4720,Flipkart Seller
PROD01526,Mi Badminton Racket,Sports,Badminton Racket,29045,DMart
PROD01527,Boat Cooking Oil,Grocery,Cooking Oil,1494,BigBasket
PROD01528,Nike Children Book,Books,Children Book,373,Flipkart Seller
PROD01529,Dell Dining Table,Home & Kitchen,Dining Table,32365,ITC Limited
PROD01530,HP Academic Book,Books,Academic Book,2328,ITC Limited
PROD01531,OnePlus Sofa,Home & Kitchen,Sofa,24626,Flipkart Seller
PROD01532,Prestige Shoes,Fashion,Shoes,956,Vijay Sales
PROD01533,Prestige Jeans,Fashion,Jeans,1195,Amazon Seller
PROD01534,LG Mixer Grinder,Home & Kitchen,Mixer Grinder,33027,Amazon Seller
PROD01535,Lenovo Cooking Oil,Grocery,Cooking Oil,2619,Reliance Retail
PROD01536,Apple Sofa,Home & Kitchen,Sofa,9152,Tata Consumer
PROD01537,Dell Sofa,Home & Kitchen,Sofa,48846,Reliance Retail
PROD01538,Prestige Pressure Cooker,Home & Kitchen,Pressure Cooker,1944,DMart
PROD01539,Boat Spices,Grocery,Spices,1736,Godrej Consumer
PROD01540,HP Dining Table,Home & Kitchen,Dining Table,39386,ITC Limited
PROD01541,Dell Spices,Grocery,Spices,1925,BigBasket
PROD01542,Adidas Novel,Books,Novel,853,BigBasket
PROD01543,Amul Shoes,Fashion,Shoes,2660,Reliance Retail
PROD01544,Adidas Jeans,Fashion,Jeans,4034,Amazon Seller
PROD01545,Apple Novel,Books,Novel,1318,Amazon Seller
PROD01546,Sony Women Dress,Fashion,Women Dress,2248,Flipkart Seller
PROD01547,Mi Smart Watch,Electronics,Smart Watch,38154,Tata Consumer
PROD01548,Sony Dining Table,Home & Kitchen,Dining Table,13945,ITC Limited
PROD01549,Boat Cricket Bat,Sports,Cricket Bat,11767,Amazon Seller
PROD01550,Apple Sofa,Home & Kitchen,Sofa,11155,ITC Limited
PROD01551,Tata Mixer Grinder,Home & Kitchen,Mixer Grinder,27013,Tata Consumer
PROD01552,Dell Cooking Oil,Grocery,Cooking Oil,1361,Amazon Seller
PROD01553,Lenovo Television,Electronics,Television,91843,BigBasket
PROD01554,Mi Perfume,Beauty,Perfume,1304,Godrej Consumer
PROD01555,Boat Badminton Racket,Sports,Badminton Racket,23081,Flipkart Seller
PROD01556,Reliance Badminton Racket,Sports,Badminton Racket,5068,ITC Limited
PROD01557,Tata Smart Watch,Electronics,Smart Watch,110284,Godrej Consumer
PROD01558,Dell Cooking Oil,Grocery,Cooking Oil,1513,Flipkart Seller
PROD01559,OnePlus Mixer Grinder,Home & Kitchen,Mixer Grinder,42529,DMart
PROD01560,Nike Novel,Books,Novel,951,Reliance Retail
PROD01561,Dell Television,Electronics,Television,27905,ITC Limited
PROD01562,HP Shampoo,Beauty,Shampoo,2703,Godrej Consumer
PROD01563,Amul Academic Book,Books,Academic Book,1778,Amazon Seller
PROD01564,Amul Badminton Racket,Sports,Badminton Racket,13152,Croma
PROD01565,Amul Smart Watch,Electronics,Smart Watch,97105,BigBasket
PROD01566,Bajaj Face Wash,Beauty,Face Wash,3739,Vijay Sales
PROD01567,Adidas Biscuits,Grocery,Biscuits,720,Vijay Sales
PROD01568,LG Badminton Racket,Sports,Badminton Racket,27878,Godrej Consumer
PROD01569,LG Academic Book,Books,Academic Book,1001,BigBasket
PROD01570,Prestige Perfume,Beauty,Perfume,4938,Vijay Sales
PROD01571,Godrej Mobile,Electronics,Mobile,76651,Vijay Sales
PROD01572,Dell Handbag,Fashion,Handbag,6118,Godrej Consumer
PROD01573,Bajaj Cooking Oil,Grocery,Cooking Oil,811,Vijay Sales
PROD01574,HP LED Lamp,Home & Kitchen,LED Lamp,3267,BigBasket
PROD01575,Adidas Spices,Grocery,Spices,2073,ITC Limited
PROD01576,Puma Badminton Racket,Sports,Badminton Racket,1379,Reliance Retail
PROD01577,Adidas Jeans,Fashion,Jeans,5547,Tata Consumer
PROD01578,Godrej Smart Watch,Electronics,Smart Watch,52021,Tata Consumer
PROD01579,Tata Football,Sports,Football,4411,BigBasket
PROD01580,OnePlus Face Wash,Beauty,Face Wash,3063,Godrej Consumer
PROD01581,Nike Lipstick,Beauty,Lipstick,3999,Flipkart Seller
PROD01582,Mi LED Lamp,Home & Kitchen,LED Lamp,1649,BigBasket
PROD01583,Reliance Handbag,Fashion,Handbag,1497,Croma
PROD01584,Amul Shampoo,Beauty,Shampoo,1437,Reliance Retail
PROD01585,Godrej Dining Table,Home & Kitchen,Dining Table,42197,Croma
PROD01586,Adidas Smart Watch,Electronics,Smart Watch,143834,Flipkart Seller
PROD01587,Sony Novel,Books,Novel,537,Godrej Consumer
PROD01588,Apple Cooking Oil,Grocery,Cooking Oil,1371,Croma
PROD01589,Nike Tea Powder,Grocery,Tea Powder,2857,Croma
PROD01590,Mi Television,Electronics,Television,97177,Amazon Seller
PROD01591,Lenovo Laptop,Electronics,Laptop,78771,Croma
PROD01592,Godrej Biscuits,Grocery,Biscuits,1443,Amazon Seller
PROD01593,LG Laptop,Electronics,Laptop,136958,DMart
PROD01594,Apple Cooking Oil,Grocery,Cooking Oil,2562,ITC Limited
PROD01595,Apple Spices,Grocery,Spices,2926,Flipkart Seller
PROD01596,Prestige Lipstick,Beauty,Lipstick,1054,Amazon Seller
PROD01597,Amul Headphones,Electronics,Headphones,86677,Croma
PROD01598,OnePlus Shoes,Fashion,Shoes,4585,Croma
PROD01599,Tata Jeans,Fashion,Jeans,6398,Flipkart Seller
PROD01600,LG Women Dress,Fashion,Women Dress,5936,DMart
PROD01601,Bajaj Pressure Cooker,Home & Kitchen,Pressure Cooker,9033,Flipkart Seller
PROD01602,Prestige Face Wash,Beauty,Face Wash,254,Tata Consumer
PROD01603,Reliance Biscuits,Grocery,Biscuits,854,Flipkart Seller
PROD01604,Mi Television,Electronics,Television,20536,Tata Consumer
PROD01605,Reliance Smart Watch,Electronics,Smart Watch,22366,BigBasket
PROD01606,Samsung Cricket Bat,Sports,Cricket Bat,26136,Flipkart Seller
PROD01607,Mi Novel,Books,Novel,969,Amazon Seller
PROD01608,Tata Dumbbell,Sports,Dumbbell,3474,Amazon Seller
PROD01609,Mi Tea Powder,Grocery,Tea Powder,1474,Croma
PROD01610,OnePlus Handbag,Fashion,Handbag,2281,ITC Limited
PROD01611,Samsung Academic Book,Books,Academic Book,207,ITC Limited
PROD01612,Adidas Women Dress,Fashion,Women Dress,1707,ITC Limited
PROD01613,Bajaj Mobile,Electronics,Mobile,137171,Tata Consumer
PROD01614,Sony LED Lamp,Home & Kitchen,LED Lamp,29313,Flipkart Seller
PROD01615,Aashirvaad Jeans,Fashion,Jeans,3774,DMart
PROD01616,Godrej Novel,Books,Novel,612,Croma
PROD01617,Samsung Headphones,Electronics,Headphones,141243,Amazon Seller
PROD01618,Adidas Perfume,Beauty,Perfume,4664,Reliance Retail
PROD01619,HP Smart Watch,Electronics,Smart Watch,35335,Vijay Sales
PROD01620,OnePlus Sofa,Home & Kitchen,Sofa,48745,BigBasket
PROD01621,Puma Badminton Racket,Sports,Badminton Racket,18650,Vijay Sales
PROD01622,Bajaj Sofa,Home & Kitchen,Sofa,5061,Tata Consumer
PROD01623,Sony Dumbbell,Sports,Dumbbell,918,Tata Consumer
PROD01624,Aashirvaad Cricket Bat,Sports,Cricket Bat,14854,ITC Limited
PROD01625,Samsung Cricket Bat,Sports,Cricket Bat,5197,Vijay Sales
PROD01626,Sony Face Wash,Beauty,Face Wash,630,Croma
PROD01627,Bajaj Jeans,Fashion,Jeans,5173,Vijay Sales
PROD01628,Godrej Laptop,Electronics,Laptop,135838,BigBasket
PROD01629,Mi Spices,Grocery,Spices,1168,Vijay Sales
PROD01630,OnePlus Sofa,Home & Kitchen,Sofa,27005,Tata Consumer
PROD01631,LG Biography,Books,Biography,2012,Flipkart Seller
PROD01632,HP Smart Watch,Electronics,Smart Watch,135357,DMart
PROD01633,Tata Football,Sports,Football,3763,Reliance Retail
PROD01634,HP Rice,Grocery,Rice,2827,Reliance Retail
PROD01635,OnePlus Shoes,Fashion,Shoes,5864,Croma
PROD01636,OnePlus Jeans,Fashion,Jeans,5405,Flipkart Seller
PROD01637,Lenovo Rice,Grocery,Rice,2066,
PROD01638,HP Jeans,Fashion,Jeans,4316,ITC Limited
PROD01639,Boat LED Lamp,Home & Kitchen,LED Lamp,35924,ITC Limited
PROD01640,Godrej Mobile,Electronics,Mobile,36230,Vijay Sales
PROD01641,Aashirvaad Perfume,Beauty,Perfume,3725,Tata Consumer
PROD01642,Sony Mobile,Electronics,Mobile,84441,Amazon Seller
PROD01643,LG Lipstick,Beauty,Lipstick,2659,Vijay Sales
PROD01644,Mi Face Wash,Beauty,Face Wash,4118,ITC Limited
PROD01645,HP Badminton Racket,Sports,Badminton Racket,18923,Amazon Seller
PROD01646,Aashirvaad Academic Book,Books,Academic Book,1228,Tata Consumer
PROD01647,OnePlus Children Book,Books,Children Book,1594,BigBasket
PROD01648,Tata Mixer Grinder,Home & Kitchen,Mixer Grinder,39196,Reliance Retail
PROD01649,Amul Jeans,Fashion,Jeans,6931,Godrej Consumer
PROD01650,Aashirvaad Smart Watch,Electronics,Smart Watch,30519,Vijay Sales
PROD01651,Godrej Dining Table,Home & Kitchen,Dining Table,23520,Reliance Retail
PROD01652,Puma Football,Sports,Football,8188,BigBasket
PROD01653,Prestige Academic Book,Books,Academic Book,1398,Flipkart Seller
PROD01654,Tata Pressure Cooker,Home & Kitchen,Pressure Cooker,35785,Croma
PROD01655,Godrej Headphones,Electronics,Headphones,139941,Vijay Sales
PROD01656,HP Mixer Grinder,Home & Kitchen,Mixer Grinder,39034,Reliance Retail
PROD01657,Mi Sofa,Home & Kitchen,Sofa,26078,Croma
PROD01658,HP Academic Book,Books,Academic Book,559,DMart
PROD01659,Lenovo Sofa,Home & Kitchen,Sofa,44237,Croma
PROD01660,Adidas Handbag,Fashion,Handbag,3276,Vijay Sales
PROD01661,Prestige Shoes,Fashion,Shoes,7184,ITC Limited
PROD01662,Nike Jeans,Fashion,Jeans,689,BigBasket
PROD01663,Puma Children Book,Books,Children Book,526,Godrej Consumer
PROD01664,Boat Television,Electronics,Television,76660,Flipkart Seller
PROD01665,Godrej Children Book,Books,Children Book,1009,Croma
PROD01666,Adidas Rice,Grocery,Rice,2117,BigBasket
PROD01667,Bajaj Perfume,Beauty,Perfume,3494,Vijay Sales
PROD01668,Lenovo LED Lamp,Home & Kitchen,LED Lamp,30202,ITC Limited
PROD01669,Lenovo Men T-Shirt,Fashion,Men T-Shirt,7367,Amazon Seller
PROD01670,Bajaj Children Book,Books,Children Book,2064,BigBasket
PROD01671,Mi Badminton Racket,Sports,Badminton Racket,24309,Reliance Retail
PROD01672,Amul Novel,Books,Novel,2044,Amazon Seller
PROD01673,Adidas Women Dress,Fashion,Women Dress,7215,Vijay Sales
PROD01674,Prestige Perfume,Beauty,Perfume,1767,Vijay Sales
PROD01675,Sony Dining Table,Home & Kitchen,Dining Table,17306,Godrej Consumer
PROD01676,Puma Shoes,Fashion,Shoes,1230,Amazon Seller
PROD01677,Puma Men T-Shirt,Fashion,Men T-Shirt,6829,BigBasket
PROD01678,Apple Lipstick,Beauty,Lipstick,3672,Vijay Sales
PROD01679,Bajaj Cricket Bat,Sports,Cricket Bat,5721,BigBasket
PROD01680,Nike Men T-Shirt,Fashion,Men T-Shirt,6768,BigBasket
PROD01681,Reliance Football,Sports,Football,24174,Tata Consumer
PROD01682,Reliance Rice,Grocery,Rice,393,Croma
PROD01683,Prestige Biography,Books,Biography,1817,Croma
PROD01684,Aashirvaad Cricket Bat,Sports,Cricket Bat,28018,Amazon Seller
PROD01685,Mi Men T-Shirt,Fashion,Men T-Shirt,6316,ITC Limited
PROD01686,Mi Television,Electronics,,142693,BigBasket
PROD01687,Puma Face Wash,Beauty,Face Wash,1101,Croma
PROD01688,Aashirvaad LED Lamp,Home & Kitchen,LED Lamp,49545,DMart
PROD01689,LG Shampoo,Beauty,Shampoo,975,Amazon Seller
PROD01690,Dell Jeans,Fashion,Jeans,3645,BigBasket
PROD01691,Reliance Spices,Grocery,Spices,2058,ITC Limited
PROD01692,Boat Mixer Grinder,Home & Kitchen,Mixer Grinder,36265,Vijay Sales
PROD01693,Nike Shampoo,Beauty,Shampoo,1287,Croma
PROD01694,Adidas Perfume,Beauty,Perfume,272,Godrej Consumer
PROD01695,Puma Mobile,Electronics,Mobile,71317,ITC Limited
PROD01696,Amul Perfume,Beauty,Perfume,1099,ITC Limited
PROD01697,Dell Cooking Oil,Grocery,Cooking Oil,1641,Reliance Retail
PROD01698,Adidas Perfume,Beauty,Perfume,839,DMart
PROD01699,Sony Pressure Cooker,Home & Kitchen,Pressure Cooker,29260,Croma
PROD01700,Reliance Biscuits,Grocery,Biscuits,1172,Flipkart Seller
PROD01701,HP Biscuits,Grocery,Biscuits,1741,Croma
PROD01702,Samsung Badminton Racket,Sports,Badminton Racket,27513,Amazon Seller
PROD01703,Lenovo Dumbbell,Sports,Dumbbell,2674,Croma
PROD01704,Dell Perfume,Beauty,Perfume,324,Reliance Retail
PROD01705,Dell Football,Sports,Football,26420,Amazon Seller
PROD01706,Bajaj Headphones,Electronics,Headphones,85097,Croma
PROD01707,Samsung Academic Book,Books,Academic Book,796,DMart
PROD01708,OnePlus Novel,Books,Novel,1830,Croma
PROD01709,LG Lipstick,Beauty,Lipstick,2235,Amazon Seller
PROD01710,Adidas Dumbbell,Sports,Dumbbell,7009,Flipkart Seller
PROD01711,Sony Perfume,Beauty,Perfume,3323,Vijay Sales
PROD01712,Puma Spices,Grocery,Spices,134,Reliance Retail
PROD01713,Prestige Novel,Books,Novel,2044,DMart
PROD01714,Reliance Pressure Cooker,Home & Kitchen,Pressure Cooker,26782,Godrej Consumer
PROD01715,LG Perfume,Beauty,Perfume,829,Croma
PROD01716,Samsung Handbag,Fashion,Handbag,415,ITC Limited
PROD01717,HP Lipstick,Beauty,Lipstick,1070,DMart
PROD01718,Bajaj Football,Sports,Football,28743,BigBasket
PROD01719,Aashirvaad Sofa,Home & Kitchen,Sofa,9032,Vijay Sales
PROD01720,OnePlus Cooking Oil,Grocery,Cooking Oil,932,BigBasket
PROD01721,Godrej Football,Sports,Football,6410,Vijay Sales
PROD01722,Tata Cooking Oil,Grocery,Cooking Oil,1238,BigBasket
PROD01723,Dell Handbag,Fashion,Handbag,7732,DMart
PROD01724,Dell LED Lamp,Home & Kitchen,LED Lamp,6118,Reliance Retail
PROD01725,Boat Shampoo,Beauty,Shampoo,3356,DMart
PROD01726,Godrej Badminton Racket,Sports,Badminton Racket,24620,Godrej Consumer
PROD01727,Samsung Mixer Grinder,Home & Kitchen,Mixer Grinder,37003,Reliance Retail
PROD01728,Puma Smart Watch,Electronics,Smart Watch,128452,Croma
PROD01729,Tata Academic Book,Books,Academic Book,1188,ITC Limited
PROD01730,Adidas Children Book,Books,Children Book,1766,Croma
PROD01731,Reliance Handbag,Fashion,Handbag,5055,Amazon Seller
PROD01732,Lenovo Pressure Cooker,Home & Kitchen,Pressure Cooker,32798,Croma
PROD01733,Prestige Shampoo,Beauty,Shampoo,2699,ITC Limited
PROD01734,Nike Shampoo,Beauty,Shampoo,1057,Croma
PROD01735,HP Laptop,Electronics,Laptop,78662,Croma
PROD01736,Nike Perfume,Beauty,Perfume,2260,ITC Limited
PROD01737,Sony Sofa,Home & Kitchen,Sofa,21179,Tata Consumer
PROD01738,Apple Cooking Oil,Grocery,Cooking Oil,2742,Tata Consumer
PROD01739,LG Laptop,Electronics,Laptop,19304,DMart
PROD01740,HP Men T-Shirt,Fashion,Men T-Shirt,2431,Amazon Seller
PROD01741,Godrej Badminton Racket,Sports,Badminton Racket,4301,Tata Consumer
PROD01742,Amul Headphones,Electronics,Headphones,132192,Tata Consumer
PROD01743,LG Face Wash,Beauty,Face Wash,1112,Croma
PROD01744,Adidas Laptop,Electronics,Laptop,52357,Amazon Seller
PROD01745,Mi Dumbbell,Sports,Dumbbell,29692,Godrej Consumer
PROD01746,Tata Handbag,Fashion,Handbag,4609,Godrej Consumer
PROD01747,Prestige Shoes,Fashion,Shoes,2316,Tata Consumer
PROD01748,Boat Cricket Bat,Sports,Cricket Bat,0,BigBasket
PROD01749,Aashirvaad Cricket Bat,Sports,Cricket Bat,12740,Godrej Consumer
PROD01750,LG Smart Watch,Electronics,Smart Watch,12569,Flipkart Seller
PROD01751,Dell Lipstick,Beauty,Lipstick,2306,Godrej Consumer
PROD01752,Boat Cricket Bat,Sports,Cricket Bat,1936,Godrej Consumer
PROD01753,Mi Perfume,Beauty,Perfume,1159,DMart
PROD01754,Adidas Rice,Grocery,Rice,1373,Reliance Retail
PROD01755,Apple Cricket Bat,Sports,Cricket Bat,20235,Vijay Sales
PROD01756,Nike Headphones,Electronics,Headphones,51664,DMart
PROD01757,Prestige Biscuits,Grocery,Biscuits,134,DMart
PROD01758,Aashirvaad Shoes,Fashion,Shoes,2634,Amazon Seller
PROD01759,HP Smart Watch,Electronics,Smart Watch,118340,BigBasket
PROD01760,Amul Football,Sports,Football,22307,Flipkart Seller
PROD01761,Lenovo Tea Powder,Grocery,Tea Powder,868,Tata Consumer
PROD01762,HP Lipstick,Beauty,Lipstick,2299,Godrej Consumer
PROD01763,Prestige Children Book,Books,Children Book,1880,Croma
PROD01764,Godrej Novel,Books,Novel,1894,Flipkart Seller
PROD01765,Boat Television,Electronics,Television,126510,DMart
PROD04175,HP Football,Sports,Football,17777,ITC Limited
PROD01767,Dell Smart Watch,Electronics,Smart Watch,119650,Flipkart Seller
PROD01768,Adidas Biscuits,Grocery,Biscuits,658,Amazon Seller
PROD01769,Puma Dumbbell,Sports,Dumbbell,17640,Vijay Sales
PROD01770,Reliance LED Lamp,Home & Kitchen,LED Lamp,36609,Flipkart Seller
PROD01771,Samsung Television,Electronics,Television,138864,Vijay Sales
PROD01772,Dell Face Wash,Beauty,Face Wash,4756,
PROD01773,Mi Dining Table,Home & Kitchen,Dining Table,5858,ITC Limited
PROD01774,Dell Mobile,Electronics,Mobile,52068,Amazon Seller
PROD01775,Reliance Biscuits,Grocery,Biscuits,391,Vijay Sales
PROD01776,Boat Dumbbell,Sports,Dumbbell,19741,Tata Consumer
PROD01777,OnePlus Biscuits,Grocery,,1135,Croma
PROD01778,Bajaj Cooking Oil,Grocery,Cooking Oil,808,Flipkart Seller
PROD01779,Samsung Dumbbell,Sports,Dumbbell,14714,ITC Limited
PROD01780,Aashirvaad Mobile,Electronics,Mobile,35586,Reliance Retail
PROD01781,Dell Shoes,Fashion,Shoes,5967,Vijay Sales
PROD01782,HP Spices,Grocery,Spices,1290,Godrej Consumer
PROD01783,Amul Spices,Grocery,Spices,2878,Vijay Sales
PROD01784,Prestige Tea Powder,Grocery,Tea Powder,562,Amazon Seller
PROD01785,Samsung Laptop,Electronics,Laptop,9164,DMart
PROD01786,Bajaj Rice,Grocery,Rice,2020,Amazon Seller
PROD01787,Godrej Football,Sports,Football,28093,ITC Limited
PROD01788,Adidas Men T-Shirt,Fashion,Men T-Shirt,6605,Tata Consumer
PROD01789,Godrej Shoes,Fashion,Shoes,478,Flipkart Seller
PROD01790,Dell Women Dress,Fashion,Women Dress,4273,Tata Consumer
PROD01791,Mi Headphones,Electronics,Headphones,68603,DMart
PROD01792,,Home & Kitchen,LED Lamp,3837,Croma
PROD01793,Godrej Mobile,Electronics,Mobile,113969,Tata Consumer
PROD01794,Reliance Dumbbell,Sports,Dumbbell,16474,Vijay Sales
PROD01795,Puma Lipstick,Beauty,Lipstick,597,ITC Limited
PROD01796,Mi Headphones,Electronics,Headphones,87798,ITC Limited
PROD01797,Godrej Smart Watch,Electronics,Smart Watch,129082,Flipkart Seller
PROD01798,Dell Perfume,Beauty,Perfume,3673,Reliance Retail
PROD01799,Bajaj Jeans,Fashion,Jeans,4144,Croma
PROD01800,Lenovo Shampoo,Beauty,Shampoo,1899,Godrej Consumer
PROD01801,OnePlus Dumbbell,Sports,Dumbbell,28465,Tata Consumer
PROD01802,Aashirvaad Jeans,Fashion,Jeans,3714,Croma
PROD01803,Sony Biscuits,grocery,Biscuits,2597,DMart
PROD01804,HP Mixer Grinder,Home & Kitchen,Mixer Grinder,8960,Amazon Seller
PROD01805,OnePlus Women Dress,Fashion,Women Dress,4331,Flipkart Seller
PROD01806,HP Biscuits,Grocery,Biscuits,1293,DMart
PROD01807,Reliance Handbag,Fashion,Handbag,448,Croma
PROD01808,Sony Dining Table,Home & Kitchen,Dining Table,11950,ITC Limited
PROD01809,Boat Mobile,Electronics,Mobile,117884,Flipkart Seller
PROD01810,Samsung Novel,Books,Novel,2451,DMart
PROD01811,Boat Perfume,Beauty,Perfume,3010,Reliance Retail
PROD01812,Nike Spices,Grocery,Spices,669,ITC Limited
PROD01813,Reliance Academic Book,Books,Academic Book,1943,Tata Consumer
PROD01814,Samsung Rice,Grocery,Rice,2550,Godrej Consumer
PROD01815,Apple Rice,Grocery,Rice,221,
PROD01816,Samsung Laptop,Electronics,Laptop,58840,Croma
PROD01817,Dell Jeans,Fashion,Jeans,6542,ITC Limited
PROD01818,LG Face Wash,Beauty,Face Wash,3079,Croma
PROD01819,Samsung Cooking Oil,Grocery,Cooking Oil,876,Tata Consumer
PROD01820,Puma Face Wash,Beauty,Face Wash,3980,Croma
PROD01821,Sony LED Lamp,Home & Kitchen,LED Lamp,6085,BigBasket
PROD01822,Amul Sofa,Home & Kitchen,Sofa,0,DMart
PROD01823,Godrej Handbag,Fashion,Handbag,6748,DMart
PROD01824,Godrej Shoes,Fashion,Shoes,7820,Vijay Sales
PROD01825,Tata Perfume,Beauty,Perfume,3725,Amazon Seller
PROD01826,Lenovo Rice,Grocery,Rice,335,Flipkart Seller
PROD01827,Aashirvaad Dining Table,Home & Kitchen,Dining Table,11269,Vijay Sales
PROD01828,Reliance Headphones,Electronics,Headphones,44571,Godrej Consumer
PROD01829,,Electronics,Television,114918,Vijay Sales
PROD01830,Boat Dumbbell,Sports,Dumbbell,11777,Reliance Retail
PROD01831,Lenovo Tea Powder,Grocery,Tea Powder,2550,Amazon Seller
PROD01832,Dell Badminton Racket,Sports,Badminton Racket,21598,DMart
PROD01833,Amul Children Book,Books,Children Book,1806,DMart
PROD01834,Reliance Mixer Grinder,Home & Kitchen,Mixer Grinder,35721,Croma
PROD01835,Lenovo Shampoo,Beauty,Shampoo,4530,BigBasket
PROD01836,Lenovo Men T-Shirt,Fashion,Men T-Shirt,4820,BigBasket
PROD01837,Sony Biography,Books,Biography,245,Reliance Retail
PROD01838,Mi Spices,Grocery,Spices,1109,DMart
PROD01839,Godrej Tea Powder,Grocery,Tea Powder,2119,Flipkart Seller
PROD01840,Amul Cricket Bat,Sports,Cricket Bat,9011,ITC Limited
PROD01841,Reliance Mixer Grinder,Home & Kitchen,Mixer Grinder,43161,Flipkart Seller
PROD01842,Mi Perfume,Beauty,Perfume,142,Tata Consumer
PROD01843,Mi Pressure Cooker,Home & Kitchen,Pressure Cooker,37566,ITC Limited
PROD01844,Puma Spices,Grocery,Spices,1484,BigBasket
PROD01845,LG LED Lamp,Home & Kitchen,LED Lamp,47315,Vijay Sales
PROD01846,Samsung Novel,Books,Novel,1492,ITC Limited
PROD01847,Amul Novel,Books,Novel,2010,Flipkart Seller
PROD01848,Godrej Shoes,Fashion,Shoes,971,Flipkart Seller
PROD01849,LG Headphones,Electronics,Headphones,129846,DMart
PROD01850,Amul Face Wash,Beauty,Face Wash,4411,Vijay Sales
PROD01851,Nike Children Book,Books,Children Book,2193,Vijay Sales
PROD01852,Godrej Lipstick,Beauty,Lipstick,1434,Amazon Seller
PROD01853,HP Novel,Books,Novel,2024,Amazon Seller
PROD01854,Bajaj Cricket Bat,Sports,Cricket Bat,15423,Tata Consumer
PROD01855,Apple Laptop,ELECTRONICS,Laptop,101818,Flipkart Seller
PROD01856,Samsung Children Book,Books,Children Book,645,Croma
PROD01857,Reliance Biography,Books,Biography,2291,Amazon Seller
PROD01858,Adidas Smart Watch,Electronics,Smart Watch,103162,BigBasket
PROD01859,Tata Sofa,Home & Kitchen,Sofa,9863,Amazon Seller
PROD01860,Godrej Spices,Grocery,Spices,249,BigBasket
PROD01861,Sony Pressure Cooker,Home & Kitchen,Pressure Cooker,48974,Tata Consumer
PROD01862,Apple Mobile,Electronics,Mobile,96396,Flipkart Seller
PROD01863,Godrej Rice,Grocery,Rice,2020,Godrej Consumer
PROD01864,Dell LED Lamp,Home & Kitchen,LED Lamp,22639,Vijay Sales
PROD01865,LG Shampoo,Beauty,Shampoo,4235,Tata Consumer
PROD01866,Dell Biscuits,Grocery,Biscuits,660,Croma
PROD01867,OnePlus Television,Electronics,Television,112381,Vijay Sales
PROD01868,Boat Shoes,Fashion,Shoes,4731,Reliance Retail
PROD01869,Nike Badminton Racket,Sports,Badminton Racket,21665,Flipkart Seller
PROD01870,Tata Cooking Oil,Grocery,Cooking Oil,2392,BigBasket
PROD01871,Apple Academic Book,Books,Academic Book,498,DMart
PROD01872,Mi Academic Book,Books,Academic Book,2287,DMart
PROD01873,Lenovo Biscuits,Grocery,Biscuits,126,Flipkart Seller
PROD01874,Tata Football,Sports,Football,9509,DMart
PROD01875,Dell Handbag,Fashion,Handbag,993,ITC Limited
PROD01876,Aashirvaad Biography,Books,Biography,334,Tata Consumer
PROD01877,Boat Rice,Grocery,Rice,1840,Amazon Seller
PROD01878,Lenovo Face Wash,Beauty,Face Wash,2699,Vijay Sales
PROD01879,Samsung Mixer Grinder,Home & Kitchen,Mixer Grinder,7009,ITC Limited
PROD01880,LG Jeans,Fashion,Jeans,1796,BigBasket
PROD01881,LG Rice,Grocery,Rice,1306,Vijay Sales
PROD01882,Reliance Football,Sports,Football,20635,Croma
PROD01883,Reliance Men T-Shirt,Fashion,Men T-Shirt,2741,Vijay Sales
PROD01884,LG Smart Watch,Electronics,Smart Watch,113219,Croma
PROD01885,Samsung Sofa,Home & Kitchen,Sofa,3899,DMart
PROD01886,Mi Handbag,Fashion,,2237,Tata Consumer
PROD01887,Samsung Children Book,Books,Children Book,1253,Reliance Retail
PROD01888,Apple Sofa,Home & Kitchen,Sofa,27178,Flipkart Seller
PROD01889,Godrej Face Wash,Beauty,Face Wash,2014,Reliance Retail
PROD01890,Mi LED Lamp,Home & Kitchen,LED Lamp,44743,Flipkart Seller
PROD01891,LG Handbag,Fashion,Handbag,2795,Godrej Consumer
PROD01892,Prestige Lipstick,Beauty,Lipstick,4199,DMart
PROD01893,Amul Cooking Oil,Grocery,Cooking Oil,2263,Amazon Seller
PROD01894,Apple Cooking Oil,Grocery,Cooking Oil,1785,ITC Limited
PROD01895,Tata Face Wash,Beauty,Face Wash,3906,Godrej Consumer
PROD01896,Tata Pressure Cooker,Home & Kitchen,Pressure Cooker,4443,Tata Consumer
PROD01897,Nike LED Lamp,Home & Kitchen,LED Lamp,45064,Vijay Sales
PROD01898,Mi Pressure Cooker,Home & Kitchen,Pressure Cooker,33944,BigBasket
PROD01899,Apple Laptop,Electronics,Laptop,23333,BigBasket
PROD01900,Samsung Headphones,Electronics,Headphones,0,ITC Limited
PROD01901,Bajaj Sofa,Home & Kitchen,Sofa,40506,ITC Limited
PROD01902,Boat Tea Powder,Grocery,Tea Powder,2651,BigBasket
PROD01903,Nike Biscuits,Grocery,Biscuits,1057,Croma
PROD01904,Dell Pressure Cooker,Home & Kitchen,Pressure Cooker,39789,Croma
PROD01905,Tata Laptop,Electronics,Laptop,129919,Reliance Retail
PROD01906,,Electronics,Laptop,133182,Vijay Sales
PROD01907,Prestige Academic Book,Books,Academic Book,2356,Reliance Retail
PROD01908,Samsung Biscuits,Grocery,Biscuits,1495,Vijay Sales
PROD01909,Amul Spices,Grocery,Spices,1634,Amazon Seller
PROD01910,Samsung Rice,Grocery,Rice,1945,Croma
PROD01911,Tata Shoes,Fashion,Shoes,2114,Reliance Retail
PROD01912,Amul Tea Powder,Grocery,Tea Powder,834,Flipkart Seller
PROD01913,Adidas Spices,Grocery,Spices,2990,DMart
PROD01914,Amul Shoes,Fashion,Shoes,601,BigBasket
PROD01915,Tata Shampoo,Beauty,Shampoo,1706,Vijay Sales
PROD01916,Mi Smart Watch,Electronics,Smart Watch,136157,Tata Consumer
PROD01917,Bajaj Handbag,Fashion,Handbag,5705,Godrej Consumer
PROD01918,Prestige Football,Sports,Football,19772,Amazon Seller
PROD01919,LG Cricket Bat,Sports,Cricket Bat,9007,Godrej Consumer
PROD01920,Lenovo Cooking Oil,Grocery,Cooking Oil,1173,DMart
PROD01921,Apple Rice,Grocery,Rice,2566,BigBasket
PROD01922,Tata Badminton Racket,Sports,Badminton Racket,14495,Reliance Retail
PROD01923,Godrej Tea Powder,Grocery,Tea Powder,1716,BigBasket
PROD01924,Dell Television,Electronics,Television,134911,Croma
PROD01925,Puma Academic Book,Books,Academic Book,342,BigBasket
PROD01926,Boat Lipstick,Beauty,Lipstick,142,Vijay Sales
PROD01927,Prestige Jeans,Fashion,Jeans,7509,Godrej Consumer
PROD01928,Puma Rice,Grocery,Rice,2874,Vijay Sales
PROD01929,Bajaj Laptop,electronics,Laptop,48117,Croma
PROD01930,Samsung Mixer Grinder,Home & Kitchen,Mixer Grinder,2326,Tata Consumer
PROD01931,Mi Face Wash,Beauty,Face Wash,2838,BigBasket
PROD01932,HP Men T-Shirt,Fashion,Men T-Shirt,2252,Croma
PROD01933,Boat Rice,Grocery,Rice,2178,DMart
PROD01934,OnePlus Television,Electronics,Television,119957,Flipkart Seller
PROD01935,Mi Badminton Racket,Sports,Badminton Racket,4590,Flipkart Seller
PROD01936,Aashirvaad Mobile,Electronics,Mobile,87124,Flipkart Seller
PROD01937,Reliance Cooking Oil,Grocery,Cooking Oil,1860,Reliance Retail
PROD01938,Godrej LED Lamp,Home & Kitchen,LED Lamp,4811,Flipkart Seller
PROD01939,Apple Cricket Bat,sports,Cricket Bat,2210,BigBasket
PROD01940,Aashirvaad Biscuits,Grocery,Biscuits,442,Godrej Consumer
PROD01941,Puma Biscuits,Grocery,Biscuits,2505,Godrej Consumer
PROD01942,Aashirvaad Headphones,Electronics,Headphones,126689,Vijay Sales
PROD01943,Boat Academic Book,Books,Academic Book,256,Tata Consumer
PROD01944,Mi Biography,Books,Biography,938,Flipkart Seller
PROD01945,OnePlus Mobile,Electronics,Mobile,22706,Godrej Consumer
PROD01946,Mi Cooking Oil,Grocery,Cooking Oil,566,ITC Limited
PROD01947,Godrej Dining Table,Home & Kitchen,Dining Table,32048,Godrej Consumer
PROD01948,Puma Shampoo,Beauty,Shampoo,1227,Reliance Retail
PROD01949,Adidas Laptop,Electronics,Laptop,119254,ITC Limited
PROD01950,Adidas Dumbbell,Sports,Dumbbell,19625,ITC Limited
PROD01951,LG Cooking Oil,Grocery,Cooking Oil,1973,BigBasket
PROD01952,Adidas Biography,Books,Biography,1660,Reliance Retail
PROD01953,Reliance Novel,Books,Novel,1122,ITC Limited
PROD01954,Reliance Spices,Grocery,Spices,1778,Croma
PROD01955,Bajaj Women Dress,Fashion,Women Dress,6732,Flipkart Seller
PROD01956,HP Pressure Cooker,Home & Kitchen,Pressure Cooker,46033,Tata Consumer
PROD01957,Mi Biography,Books,Biography,2468,Croma
PROD01958,Godrej Biography,Books,Biography,1496,Amazon Seller
PROD01959,Reliance Headphones,Electronics,Headphones,135005,DMart
PROD01960,Puma Laptop,Electronics,Laptop,127299,Godrej Consumer
PROD01961,HP Women Dress,Fashion,Women Dress,6317,Croma
PROD01962,Bajaj Biscuits,Grocery,Biscuits,1689,Amazon Seller
PROD01963,Amul Rice,Grocery,Rice,90,Flipkart Seller
PROD01964,Apple Mixer Grinder,Home & Kitchen,Mixer Grinder,8049,Amazon Seller
PROD01965,Bajaj Sofa,Home & Kitchen,Sofa,41875,Godrej Consumer
PROD01966,Reliance Tea Powder,Grocery,Tea Powder,171,DMart
PROD01967,Sony Jeans,Fashion,Jeans,2093,BigBasket
PROD01968,Boat Football,Sports,Football,28272,ITC Limited
PROD01969,Bajaj Women Dress,Fashion,Women Dress,476,Amazon Seller
PROD01970,Samsung Tea Powder,Grocery,Tea Powder,135,Amazon Seller
PROD01971,Boat Face Wash,Beauty,Face Wash,1822,BigBasket
PROD01972,Amul Shampoo,Beauty,Shampoo,3150,Amazon Seller
PROD01973,Prestige Children Book,Books,Children Book,635,Amazon Seller
PROD01974,Bajaj Women Dress,Fashion,Women Dress,4662,Vijay Sales
PROD01975,Boat Dumbbell,Sports,Dumbbell,20146,Vijay Sales
PROD01976,Reliance Football,Sports,Football,25504,Godrej Consumer
PROD01977,Apple Novel,Books,Novel,1354,Amazon Seller
PROD01978,Reliance Pressure Cooker,Home & Kitchen,Pressure Cooker,41752,BigBasket
PROD01979,Lenovo Cooking Oil,Grocery,Cooking Oil,2442,Tata Consumer
PROD01980,HP Men T-Shirt,Fashion,Men T-Shirt,6779,Godrej Consumer
PROD01981,Lenovo Laptop,Electronics,Laptop,106742,ITC Limited
PROD01982,Lenovo Sofa,Home & Kitchen,Sofa,30926,Amazon Seller
PROD01983,Lenovo Dining Table,Home & Kitchen,Dining Table,46015,Tata Consumer
PROD01984,HP Badminton Racket,Sports,Badminton Racket,9292,Godrej Consumer
PROD01985,Bajaj Face Wash,Beauty,Face Wash,1898,DMart
PROD01986,Aashirvaad Shampoo,Beauty,Shampoo,1890,BigBasket
PROD01987,Mi Lipstick,Beauty,Lipstick,1387,Croma
PROD01988,Prestige LED Lamp,Home & Kitchen,LED Lamp,9303,Flipkart Seller
PROD01989,Lenovo Sofa,Home & Kitchen,Sofa,23540,DMart
PROD01990,Dell Academic Book,Books,Academic Book,2248,Godrej Consumer
PROD01991,Dell Sofa,Home & Kitchen,Sofa,31141,Vijay Sales
PROD01992,HP Perfume,Beauty,Perfume,2697,BigBasket
PROD01993,Sony Face Wash,Beauty,Face Wash,3718,DMart
PROD01994,Amul Mixer Grinder,Home & Kitchen,Mixer Grinder,5901,BigBasket
PROD01995,Lenovo Spices,Grocery,Spices,2289,Flipkart Seller
PROD01996,Puma Tea Powder,Grocery,Tea Powder,453,Flipkart Seller
PROD01997,Reliance Smart Watch,Electronics,Smart Watch,148137,DMart
PROD01998,Boat Pressure Cooker,Home & Kitchen,Pressure Cooker,16885,BigBasket
PROD01999,Bajaj Dumbbell,Sports,Dumbbell,23622,Godrej Consumer
PROD02000,Nike Handbag,Fashion,Handbag,369,BigBasket
PROD02001,Aashirvaad Dining Table,Home & Kitchen,Dining Table,27091,Godrej Consumer
PROD02002,HP Rice,,Rice,2729,ITC Limited
PROD02003,Aashirvaad Cooking Oil,Grocery,Cooking Oil,982,DMart
PROD02004,HP Football, SPORTS ,Football,8158,ITC Limited
PROD02005,Dell Children Book,Books,Children Book,1545,Flipkart Seller
PROD02006,Godrej Pressure Cooker,Home & Kitchen,Pressure Cooker,46240,Vijay Sales
PROD02007,,Fashion,Shoes,7287,ITC Limited
PROD02008,LG Smart Watch,Electronics,Smart Watch,38645,BigBasket
PROD02009,HP Cricket Bat,Sports,Cricket Bat,27055,Croma
PROD02010,Godrej Pressure Cooker,Home & Kitchen,Pressure Cooker,28399,Vijay Sales
PROD02011,Adidas Spices,Grocery,Spices,1385,Godrej Consumer
PROD02012,Reliance Television,Electronics,Television,41473,Amazon Seller
PROD02013,OnePlus LED Lamp,Home & Kitchen,LED Lamp,40335,Godrej Consumer
PROD02014,Aashirvaad Biscuits,Grocery,Biscuits,886,Vijay Sales
PROD02015,Aashirvaad Television,,Television,54371,Tata Consumer
PROD02016,Mi Smart Watch,Electronics,Smart Watch,123367,BigBasket
PROD02017,Samsung Laptop,Electronics,Laptop,149941,Amazon Seller
PROD02018,HP Television,Electronics,Television,12035,Amazon Seller
PROD02019,Aashirvaad Men T-Shirt,Fashion,Men T-Shirt,2625,DMart
PROD02020,Lenovo Jeans,Fashion,Jeans,873,Tata Consumer
PROD02021,Lenovo Smart Watch,Electronics,Smart Watch,7895,Amazon Seller
PROD02022,Aashirvaad Sofa,Home & Kitchen,Sofa,10791,Flipkart Seller
PROD02023,Godrej Handbag,Fashion,Handbag,4217,Flipkart Seller
PROD02024,LG Shampoo,Beauty,Shampoo,1784,BigBasket
PROD02025,Sony Lipstick,Beauty,Lipstick,4811,BigBasket
PROD02026,Lenovo Novel,Books,Novel,2029,BigBasket
PROD02027,LG Men T-Shirt,Fashion,Men T-Shirt,3951,Flipkart Seller
PROD02028,OnePlus Biscuits,Grocery,Biscuits,1061,ITC Limited
PROD02029,HP LED Lamp,Home & Kitchen,LED Lamp,30659,Tata Consumer
PROD02030,Prestige Academic Book,Books,Academic Book,1329,Tata Consumer
PROD02031,Aashirvaad Dining Table,Home & Kitchen,Dining Table,0,Amazon Seller
PROD02032,Sony Shampoo,Beauty,Shampoo,3639,Tata Consumer
PROD02033,Mi Shampoo,Beauty,Shampoo,882,Vijay Sales
PROD02034,Puma Cricket Bat,Sports,Cricket Bat,29517,Amazon Seller
PROD02035,Adidas LED Lamp,Home & Kitchen,LED Lamp,44190,Flipkart Seller
PROD02036,HP Football,Sports,Football,13976,ITC Limited
PROD02037,Prestige Smart Watch,Electronics,Smart Watch,32583,ITC Limited
PROD02038,Godrej Tea Powder,Grocery,Tea Powder,1897,Amazon Seller
PROD02039,Lenovo Pressure Cooker,Home & Kitchen,Pressure Cooker,3425,Tata Consumer
PROD02040,Dell Mobile,Electronics,Mobile,104917,Croma
PROD02041,Bajaj Badminton Racket,Sports,Badminton Racket,13498,Reliance Retail
PROD02042,Samsung Smart Watch,Electronics,Smart Watch,40777,Croma
PROD02043,HP Badminton Racket,Sports,Badminton Racket,15617,Flipkart Seller
PROD02044,Puma Television,Electronics,Television,119746,Amazon Seller
PROD02045,Sony Perfume,Beauty,Perfume,1497,Reliance Retail
PROD02046,Sony Academic Book,Books,Academic Book,1354,Flipkart Seller
PROD02047,Sony Children Book,Books,Children Book,467,Reliance Retail
PROD02048,LG Dumbbell,Sports,Dumbbell,14939,Croma
PROD02049,Reliance Women Dress,Fashion,Women Dress,7612,ITC Limited
PROD02050,Reliance Shoes,Fashion,Shoes,7152,ITC Limited
PROD02051,Aashirvaad Cricket Bat,Sports,Cricket Bat,23121,BigBasket
PROD02052,OnePlus Face Wash,Beauty,Face Wash,138,Reliance Retail
PROD02053,Bajaj Biscuits,Grocery,Biscuits,1072,Croma
PROD03459,Prestige Women Dress,Fashion,Women Dress,431,Vijay Sales
PROD02055,Boat Mobile,Electronics,Mobile,55371,Flipkart Seller
PROD02056,Sony Men T-Shirt,Fashion,Men T-Shirt,6231,Amazon Seller
PROD02057,Lenovo Headphones,Electronics,Headphones,33228,Croma
PROD02058,Bajaj LED Lamp,Home & Kitchen,LED Lamp,41438,DMart
PROD02059,Godrej Children Book,Books,Children Book,644,DMart
PROD02060,Amul Men T-Shirt,Fashion,Men T-Shirt,2949,Amazon Seller
PROD02061,Boat Headphones,Electronics,Headphones,8140,Vijay Sales
PROD02062,Puma Shoes,Fashion,Shoes,840,BigBasket
PROD02063,Reliance Dumbbell,Sports,Dumbbell,2706,DMart
PROD02064,OnePlus Perfume,Beauty,Perfume,4192,Flipkart Seller
PROD02065,Nike Football,Sports,Football,3604,Godrej Consumer
PROD02066,LG Sofa,Home & Kitchen,Sofa,22261,Amazon Seller
PROD02067,HP Dumbbell,Sports,Dumbbell,2712,Croma
PROD02068,Mi Television,Electronics,Television,122679,Vijay Sales
PROD02069,Lenovo Novel,Books,Novel,204,DMart
PROD02070,Samsung Television,Electronics,Television,85962,DMart
PROD02071,Puma Badminton Racket,Sports,Badminton Racket,20808,Flipkart Seller
PROD02072,Amul Laptop,Electronics,Laptop,135738,BigBasket
PROD02073,Aashirvaad Women Dress,Fashion,Women Dress,1974,Reliance Retail
PROD02074,Dell Handbag,Fashion,Handbag,6355,Croma
PROD02075,Boat Jeans,Fashion,Jeans,5572,Reliance Retail
PROD02076,Adidas Children Book,Books,Children Book,247,DMart
PROD02077,Boat Tea Powder,Grocery,Tea Powder,1042,DMart
PROD02078,Puma Academic Book,Books,Academic Book,1061,Godrej Consumer
PROD02079,Lenovo Biscuits,Grocery,Biscuits,1367,Amazon Seller
PROD02080,Prestige Face Wash,Beauty,Face Wash,4127,Flipkart Seller
PROD02081,LG Men T-Shirt,Fashion,Men T-Shirt,7986,DMart
PROD02082,Sony Men T-Shirt,Fashion,Men T-Shirt,5154,ITC Limited
PROD02083,Puma Cooking Oil,Grocery,,2128,Flipkart Seller
PROD02084,Adidas Lipstick,Beauty,Lipstick,1444,DMart
PROD02085,Sony Shoes,Fashion,Shoes,5263,DMart
PROD02086,Mi Dining Table,Home & Kitchen,Dining Table,29877,DMart
PROD02087,Prestige Sofa,Home & Kitchen,Sofa,24065,Vijay Sales
PROD02088,HP Shampoo,Beauty,Shampoo,3715,Vijay Sales
PROD02089,LG Children Book,Books,Children Book,2124,Reliance Retail
PROD02090,Godrej Biscuits,Grocery,Biscuits,390,BigBasket
PROD02091,Apple Novel,Books,Novel,869,BigBasket
PROD02092,Adidas Lipstick,Beauty,Lipstick,3815,BigBasket
PROD02093,Prestige Lipstick,Beauty,Lipstick,2829,Amazon Seller
PROD02094,Bajaj Badminton Racket,Sports,Badminton Racket,5570,DMart
PROD02095,Lenovo Mobile,Electronics,Mobile,103109,Tata Consumer
PROD02096,Aashirvaad Lipstick,Beauty,Lipstick,3156,Vijay Sales
PROD04159,Prestige Spices,Grocery,Spices,143,Amazon Seller
PROD02098,Aashirvaad Mobile,Electronics,Mobile,47562,DMart
PROD02099,Nike Biscuits,Grocery,Biscuits,1477,ITC Limited
PROD02100,Amul Badminton Racket,Sports,Badminton Racket,23321,Reliance Retail
PROD02101,Godrej Badminton Racket,Sports,Badminton Racket,24606,DMart
PROD02102,Reliance Shoes,Fashion,Shoes,7848,Croma
PROD02103,LG Cricket Bat,Sports,Cricket Bat,9063,Godrej Consumer
PROD02104,Nike Shampoo,Beauty,Shampoo,2126,Godrej Consumer
PROD02105,Tata Novel,Books,Novel,628,Flipkart Seller
PROD02106,Aashirvaad Badminton Racket,Sports,Badminton Racket,23636,Godrej Consumer
PROD02107,Bajaj Television,Electronics,Television,115872,Amazon Seller
PROD02108,Nike Biscuits,Grocery,Biscuits,2883,BigBasket
PROD02109,Mi Children Book,Books,Children Book,1411,Vijay Sales
PROD02110,Samsung Rice,Grocery,Rice,2655,Godrej Consumer
PROD02111,LG Tea Powder,Grocery,Tea Powder,1151,DMart
PROD02112,Adidas Badminton Racket,Sports,Badminton Racket,710,Amazon Seller
PROD02113,Tata Biscuits,Grocery,Biscuits,446,Flipkart Seller
PROD02114,Lenovo Biscuits,Grocery,Biscuits,1757,BigBasket
PROD02115,Sony Badminton Racket,Sports,Badminton Racket,6280,Croma
PROD02116,Bajaj Women Dress,Fashion,Women Dress,4285,Amazon Seller
PROD02117,Dell Academic Book,Books,Academic Book,2472,DMart
PROD02118,Reliance Women Dress,Fashion,Women Dress,6443,Amazon Seller
PROD02119,Nike Cooking Oil,Grocery,Cooking Oil,1724,Tata Consumer
PROD02120,Sony Cricket Bat,Sports,Cricket Bat,3115,BigBasket
PROD02121,Samsung Headphones,Electronics,Headphones,77551,Flipkart Seller
PROD02122,Mi Mixer Grinder,Home & Kitchen,Mixer Grinder,15886,Tata Consumer
PROD02123,Tata Face Wash,Beauty,Face Wash,600,BigBasket
PROD02124,Mi Rice,Grocery,Rice,221,Flipkart Seller
PROD02125,Tata Handbag,Fashion,Handbag,3377,Godrej Consumer
PROD02126,HP Biography,Books,Biography,2088,Croma
PROD02127,Boat Children Book,Books,Children Book,1668,Croma
PROD02128,Amul Pressure Cooker,Home & Kitchen,Pressure Cooker,44086,Vijay Sales
PROD02129,Amul Face Wash,Beauty,Face Wash,2805,Flipkart Seller
PROD02130,Aashirvaad Headphones,Electronics,Headphones,41402,Reliance Retail
PROD02131,Lenovo Academic Book,Books,Academic Book,1294,DMart
PROD02132,OnePlus Sofa,Home & Kitchen,Sofa,45469,Tata Consumer
PROD02133,Bajaj Children Book,Books,Children Book,162,Croma
PROD02134,Reliance Smart Watch,Electronics,Smart Watch,90334,Tata Consumer
PROD02135,HP Handbag,Fashion,Handbag,3578,Godrej Consumer
PROD02136,Amul Rice,Grocery,Rice,1802,Tata Consumer
PROD02137,Aashirvaad Cricket Bat,Sports,Cricket Bat,10129,Godrej Consumer
PROD02138,Lenovo Women Dress,Fashion,Women Dress,7478,Godrej Consumer
PROD02139,Reliance Spices,Grocery,Spices,573,Tata Consumer
PROD02140,Adidas Rice,Grocery,Rice,2806,ITC Limited
PROD02141,Sony Biscuits,Grocery,Biscuits,1877,Flipkart Seller
PROD02142,Puma Shampoo,Beauty,Shampoo,1833,Amazon Seller
PROD02143,Samsung Rice,Grocery,Rice,1831,Reliance Retail
PROD02144,Aashirvaad Jeans,Fashion,Jeans,6577,BigBasket
PROD02145,HP Jeans,Fashion,Jeans,7652,Flipkart Seller
PROD02146,Apple Football,Sports,Football,21260,Tata Consumer
PROD02147,Puma Smart Watch,Electronics,Smart Watch,21952,Croma
PROD02148,Apple Lipstick,Beauty,Lipstick,3679,DMart
PROD02149,Samsung Jeans,Fashion,Jeans,2683,Flipkart Seller
PROD02150,Boat Mobile,Electronics,Mobile,54324,Flipkart Seller
PROD02151,LG Biography,Books,Biography,1433,Vijay Sales
PROD02152,Adidas Academic Book,Books,Academic Book,403,Godrej Consumer
PROD02153,Aashirvaad Novel,Books,Novel,1885,Croma
PROD02154,LG Tea Powder,Grocery,Tea Powder,2178,Godrej Consumer
PROD02155,Samsung Novel,Books,Novel,1769,Reliance Retail
PROD02156,Boat Children Book,Books,Children Book,742,BigBasket
PROD02157,HP Cooking Oil,Grocery,Cooking Oil,2835,Tata Consumer
PROD02158,Adidas Handbag,Fashion,Handbag,1494,Reliance Retail
PROD02159,Adidas Biography,Books,Biography,2207,Flipkart Seller
PROD02160,HP LED Lamp,Home & Kitchen,LED Lamp,41858,DMart
PROD02161,Aashirvaad Perfume,Beauty,Perfume,581,Croma
PROD02162,Puma Women Dress,Fashion,Women Dress,6037,Reliance Retail
PROD02163,HP Cooking Oil,Grocery,Cooking Oil,1654,BigBasket
PROD02164,Tata Cooking Oil,Grocery,Cooking Oil,2294,Vijay Sales
PROD02165,HP Sofa,Home & Kitchen,Sofa,23326,Vijay Sales
PROD02166,Lenovo Face Wash,Beauty,Face Wash,2418,BigBasket
PROD02167,Apple Football,Sports,Football,13403,Flipkart Seller
PROD02168,Mi Jeans,Fashion,Jeans,7393,Reliance Retail
PROD02169,Dell Tea Powder,Grocery,Tea Powder,2731,Amazon Seller
PROD02170,Dell Novel,Books,Novel,2126,BigBasket
PROD02171,Bajaj Women Dress,Fashion,Women Dress,6889,DMart
PROD02172,Amul Cricket Bat,Sports,Cricket Bat,24288,Godrej Consumer
PROD02173,Aashirvaad Laptop,Electronics,Laptop,116964,Amazon Seller
PROD02174,Amul Mobile,Electronics,Mobile,129223,Amazon Seller
PROD02175,Lenovo Mobile,Electronics,Mobile,93732,Godrej Consumer
PROD02176,Aashirvaad Shampoo,Beauty,Shampoo,2107,Reliance Retail
PROD02177,Aashirvaad Laptop,Electronics,Laptop,133090,BigBasket
PROD02178,Aashirvaad Football,Sports,Football,25923,Flipkart Seller
PROD02179,Aashirvaad Biscuits,Grocery,Biscuits,1177,Tata Consumer
PROD02180,Samsung Mixer Grinder,Home & Kitchen,Mixer Grinder,8143,Flipkart Seller
PROD02181,Lenovo Headphones,Electronics,Headphones,63965,Reliance Retail
PROD02182,Nike Children Book,Books,Children Book,537,Godrej Consumer
PROD02183,HP Shoes,Fashion,Shoes,5580,Vijay Sales
PROD02184,LG LED Lamp,Home & Kitchen,LED Lamp,7016,Croma
PROD02185,Sony Television,Electronics,Television,111254,Reliance Retail
PROD02186,Prestige Lipstick,Beauty,Lipstick,-927,Godrej Consumer
PROD03153,Bajaj Academic Book,Books,Academic Book,630,Amazon Seller
PROD02188,Sony Spices,Grocery,Spices,71,ITC Limited
PROD02189,Samsung Perfume,Beauty,Perfume,420,Amazon Seller
PROD02190,Sony Novel,Books,Novel,509,ITC Limited
PROD02191,Prestige Mixer Grinder,Home & Kitchen,Mixer Grinder,8673,ITC Limited
PROD02192,Apple Dining Table,Home & Kitchen,Dining Table,11746,Vijay Sales
PROD02193,Puma Cricket Bat,Sports,Cricket Bat,10350,Reliance Retail
PROD02194,Apple Biography,Books,Biography,1972,Amazon Seller
PROD02195,Boat Children Book,Books,Children Book,2290,Croma
PROD02196,Samsung Novel,Books,Novel,333,DMart
PROD00160,HP Shampoo,Beauty,Shampoo,4120,Tata Consumer
PROD02198,Apple Handbag,Fashion,Handbag,2069,Godrej Consumer
PROD02199,LG Dining Table,Home & Kitchen,Dining Table,48282,Godrej Consumer
PROD02200,Apple Face Wash,Beauty,Face Wash,2188,BigBasket
PROD02201,Aashirvaad Shampoo,Beauty,Shampoo,3836,Flipkart Seller
PROD02202,LG Sofa,Home & Kitchen,Sofa,35621,DMart
PROD02203,Bajaj Smart Watch,Electronics,Smart Watch,102554,Godrej Consumer
PROD01311,Godrej Football,Sports,Football,27421,Amazon Seller
PROD02205,Aashirvaad Sofa,Home & Kitchen,Sofa,2198,Godrej Consumer
PROD02206,Nike Men T-Shirt,Fashion,Men T-Shirt,1320,ITC Limited
PROD02207,Godrej Television,Electronics,Television,22290,Croma
PROD02208,Amul Cricket Bat,Sports,Cricket Bat,11428,BigBasket
PROD02209,Nike Women Dress,Fashion,Women Dress,380,Flipkart Seller
PROD02210,Aashirvaad Shampoo,Beauty,Shampoo,960,Flipkart Seller
PROD02211,Adidas Handbag,Fashion,Handbag,5123,Tata Consumer
PROD02212,Amul Television,Electronics,Television,78923,ITC Limited
PROD02213,Samsung LED Lamp,Home & Kitchen,LED Lamp,3643,Amazon Seller
PROD02214,Sony Sofa,Home & Kitchen,Sofa,23121,ITC Limited
PROD02215,HP Children Book,Books,Children Book,672,BigBasket
PROD02216,LG Television,Electronics,Television,38126,Amazon Seller
PROD02217,Reliance Perfume,Beauty,Perfume,3132,DMart
PROD02218,Dell Badminton Racket,Sports,Badminton Racket,6499,Tata Consumer
PROD02219,Lenovo Sofa,Home & Kitchen,Sofa,19297,BigBasket
PROD02220,Adidas Shampoo,Beauty,Shampoo,0,BigBasket
PROD02221,Prestige Perfume,,Perfume,751,Flipkart Seller
PROD02222,Prestige Football,Sports,Football,5910,Godrej Consumer
PROD02223,Adidas Mobile,Electronics,Mobile,134197,Reliance Retail
PROD02224,HP Shampoo,Beauty,Shampoo,4178,ITC Limited
PROD02225,Aashirvaad Cricket Bat,Sports,Cricket Bat,955,Godrej Consumer
PROD02226,Godrej Men T-Shirt,Fashion,Men T-Shirt,6055,ITC Limited
PROD01630,OnePlus Sofa,Home & Kitchen,Sofa,27005,Tata Consumer
PROD02228,OnePlus Cricket Bat,Sports,Cricket Bat,15201,Amazon Seller
PROD02229,Sony Football,Sports,Football,2961,Croma
PROD02230,Lenovo Cooking Oil,Grocery,Cooking Oil,1497,Reliance Retail
PROD02231,Aashirvaad Lipstick,Beauty,Lipstick,1496,Croma
PROD02232,Puma Smart Watch,Electronics,Smart Watch,146326,Flipkart Seller
PROD02233,HP Dining Table,Home & Kitchen,Dining Table,19737,BigBasket
PROD02234,Mi Men T-Shirt,Fashion,Men T-Shirt,3524,DMart
PROD02235,Reliance LED Lamp,Home & Kitchen,LED Lamp,30846,Godrej Consumer
PROD02236,Reliance Biscuits,Grocery,Biscuits,1507,Reliance Retail
PROD02237,Boat Children Book,Books,Children Book,1372,Croma
PROD02238,Amul Mobile,Electronics,Mobile,0,Vijay Sales
PROD02239,Samsung Mixer Grinder,Home & Kitchen,Mixer Grinder,28733,Tata Consumer
PROD02240,Lenovo Men T-Shirt,Fashion,Men T-Shirt,4513,Amazon Seller
PROD02241,HP Face Wash,Beauty,Face Wash,156,Amazon Seller
PROD02242,Puma Tea Powder,Grocery,Tea Powder,1977,Vijay Sales
PROD02243,Amul Dining Table,Home & Kitchen,Dining Table,28571,Amazon Seller
PROD02244,Samsung Biography,Books,Biography,1946,Tata Consumer
PROD02245,Amul Women Dress,Fashion,Women Dress,6420,Vijay Sales
PROD02246,Bajaj Smart Watch,Electronics,Smart Watch,34010,DMart
PROD02247,LG Mixer Grinder,Home & Kitchen,Mixer Grinder,26356,Vijay Sales
PROD02248,Reliance Dumbbell,Sports,Dumbbell,5753,DMart
PROD02249,Samsung Perfume,Beauty,Perfume,3549,Tata Consumer
PROD02250,LG Children Book,Books,Children Book,1480,Vijay Sales
PROD02251,LG Children Book,Books,Children Book,599,Flipkart Seller
PROD02252,LG Rice,Grocery,Rice,687,Croma
PROD02253,Puma Academic Book,Books,Academic Book,363,Croma
PROD02254,,Beauty,Face Wash,4033,BigBasket
PROD02255,Prestige Sofa,Home & Kitchen,Sofa,28611,DMart
PROD02256,Lenovo Novel,Books,Novel,915,DMart
PROD02257,Nike Mixer Grinder,Home & Kitchen,Mixer Grinder,46437,DMart
PROD02258,Bajaj Badminton Racket,Sports,Badminton Racket,16028,Flipkart Seller
PROD02259,Bajaj Football,Sports,Football,28512,Godrej Consumer
PROD02260,Puma Football,Sports,Football,4447,Amazon Seller
PROD02261,Nike Face Wash,Beauty,Face Wash,1674,Amazon Seller
PROD02262,OnePlus Face Wash,Beauty,Face Wash,1735,Flipkart Seller
PROD02263,Aashirvaad Rice,Grocery,Rice,1718,ITC Limited
PROD02264,Puma Pressure Cooker,Home & Kitchen,Pressure Cooker,22531,Vijay Sales
PROD02265,Lenovo Face Wash,Beauty,Face Wash,3598,Reliance Retail
PROD02266,Nike Mixer Grinder,Home & Kitchen,Mixer Grinder,24327,BigBasket
PROD02267,Puma Sofa,Home & Kitchen,Sofa,21461,Reliance Retail
PROD02268,Tata Men T-Shirt,Fashion,Men T-Shirt,727,Croma
PROD02269,HP Jeans,Fashion,Jeans,2595,Godrej Consumer
PROD02270,Sony Headphones,Electronics,Headphones,71129,Tata Consumer
PROD02271,Adidas Dining Table,Home & Kitchen,Dining Table,7809,Flipkart Seller
PROD02272,Apple Cricket Bat,Sports,Cricket Bat,25746,Amazon Seller
PROD02273,Amul Dining Table,Home & Kitchen,Dining Table,49188,Godrej Consumer
PROD02274,Puma Biography,Books,Biography,1280,DMart
PROD02275,Prestige Children Book,Books,Children Book,585,Amazon Seller
PROD02276,Reliance Cricket Bat,Sports,Cricket Bat,19720,DMart
PROD02277,Samsung Shoes,Fashion,Shoes,913,ITC Limited
PROD02278,Adidas Biography,Books,Biography,2092,DMart
PROD02279,Reliance Novel,Books,Novel,673,DMart
PROD02280,Apple Perfume,Beauty,Perfume,2945,Croma
PROD02281,Godrej Face Wash,Beauty,Face Wash,654,Tata Consumer
PROD02282,Sony Face Wash,Beauty,Face Wash,2345,Amazon Seller
PROD02283,Mi Mixer Grinder,Home & Kitchen,Mixer Grinder,4484,DMart
PROD02284,HP Badminton Racket,Sports,Badminton Racket,22936,ITC Limited
PROD02285,Prestige Spices,Grocery,Spices,727,Tata Consumer
PROD02286,Aashirvaad Spices,Grocery,Spices,2353,Vijay Sales
PROD02287,Bajaj Perfume,Beauty,Perfume,1607,Reliance Retail
PROD02288,Bajaj Handbag,Fashion,Handbag,5150,Reliance Retail
PROD02289,Dell Spices,Grocery,Spices,2113,ITC Limited
PROD02290,Puma Dining Table,Home & Kitchen,Dining Table,19922,
PROD02291,Sony Academic Book,Books,Academic Book,1067,Reliance Retail
PROD02292,Adidas Novel,Books,Novel,310,
PROD02293,Nike Pressure Cooker,Home & Kitchen,Pressure Cooker,3876,DMart
PROD02294,Apple Cooking Oil,Grocery,Cooking Oil,525,Reliance Retail
PROD02295,OnePlus Dumbbell,Sports,Dumbbell,12595,Croma
PROD02296,Nike Television,Electronics,Television,40025,Vijay Sales
PROD02297,Boat Biography,Books,Biography,384,Reliance Retail
PROD02298,Puma Tea Powder,Grocery,Tea Powder,1195,Amazon Seller
PROD02299,Apple Mixer Grinder,Home & Kitchen,Mixer Grinder,43577,Godrej Consumer
PROD02300,Nike Headphones,Electronics,Headphones,149409,DMart
PROD02301,Puma Biscuits,Grocery,Biscuits,1378,BigBasket
PROD02302,Aashirvaad Handbag,Fashion,Handbag,1575,Tata Consumer
PROD02303,Amul Shoes,Fashion,Shoes,1515,Tata Consumer
PROD02304,Sony Headphones,Electronics,Headphones,125426,Amazon Seller
PROD02305,Bajaj Cooking Oil,Grocery,Cooking Oil,2383,Tata Consumer
PROD02306,Adidas Football,Sports,Football,1189,BigBasket
PROD02307,Aashirvaad Women Dress,Fashion,Women Dress,5930,Godrej Consumer
PROD02308,LG Men T-Shirt,Fashion,Men T-Shirt,890,Vijay Sales
PROD02309,Aashirvaad Shoes,Fashion,Shoes,1121,ITC Limited
PROD02310,OnePlus Men T-Shirt,Fashion,Men T-Shirt,1116,Vijay Sales
PROD02311,Samsung Face Wash,Beauty,Face Wash,211,Reliance Retail
PROD02312,Prestige Women Dress,Fashion,Women Dress,2492,Amazon Seller
PROD02313,Tata Cricket Bat,Sports,Cricket Bat,26441,Flipkart Seller
PROD02314,Prestige Biography,Books,Biography,978,Amazon Seller
PROD02315,Sony Lipstick,Beauty,Lipstick,2618,Croma
PROD02316,Puma Shampoo,Beauty,Shampoo,557,ITC Limited
PROD02317,Apple Dumbbell,Sports,Dumbbell,4532,Reliance Retail
PROD02318,Samsung Rice,Grocery,Rice,2280,BigBasket
PROD02319,Godrej Television,Electronics,Television,42181,Reliance Retail
PROD02320,Puma Men T-Shirt,Fashion,Men T-Shirt,3799,Vijay Sales
PROD02321,Adidas Jeans,Fashion,Jeans,2150,Vijay Sales
PROD02322,HP Cricket Bat,Sports,Cricket Bat,6056,Flipkart Seller
PROD02323,Adidas Men T-Shirt,Fashion,Men T-Shirt,3227,Flipkart Seller
PROD02324,Samsung Biography,Books,Biography,1626,Flipkart Seller
PROD02325,LG Television,Electronics,Television,51679,Vijay Sales
PROD02326,OnePlus Biography,Books,Biography,892,Vijay Sales
PROD02327,OnePlus Jeans,Fashion,Jeans,6997,BigBasket
PROD02328,Nike Mixer Grinder,Home & Kitchen,Mixer Grinder,33218,Croma
PROD02329,Tata Mixer Grinder,Home & Kitchen,Mixer Grinder,10241,Amazon Seller
PROD02330,Aashirvaad Pressure Cooker,Home & Kitchen,Pressure Cooker,29774,Tata Consumer
PROD02331,Samsung Rice,Grocery,Rice,2416,Vijay Sales
PROD02332,LG Dumbbell,Sports,Dumbbell,3463,Croma
PROD02333,Aashirvaad Women Dress,Fashion,Women Dress,3188,Croma
PROD02334,HP Lipstick,Beauty,Lipstick,3491,Godrej Consumer
PROD02335,LG Tea Powder,Grocery,Tea Powder,2728,DMart
PROD02336,Apple Lipstick,Beauty,Lipstick,4172,ITC Limited
PROD02337,Apple Children Book,Books,Children Book,2346,DMart
PROD02338,Mi Face Wash,Beauty,Face Wash,3555,ITC Limited
PROD02339,Prestige Novel,Books,Novel,1113,Croma
PROD02340,Tata Laptop,Electronics,Laptop,100000,ITC Limited
PROD02341,Samsung Shampoo,Beauty,Shampoo,588,Croma
PROD02342,Adidas Pressure Cooker,Home & Kitchen,Pressure Cooker,30672,Amazon Seller
PROD02343,Godrej Spices,Grocery,Spices,1043,DMart
PROD02344,Reliance Cooking Oil,Grocery,Cooking Oil,614,Flipkart Seller
PROD02345,Aashirvaad Football,Sports,Football,24521,Reliance Retail
PROD02346,Amul Badminton Racket,Sports,Badminton Racket,2272,Flipkart Seller
PROD02347,HP Cricket Bat,Sports,Cricket Bat,27941,Godrej Consumer
PROD02348,Tata Cooking Oil,Grocery,Cooking Oil,651,Croma
PROD02349,Puma Men T-Shirt,Fashion,Men T-Shirt,931,Reliance Retail
PROD02350,LG Children Book,Books,Children Book,897,Tata Consumer
PROD02351,Lenovo Football,Sports,Football,23390,BigBasket
PROD02352,Boat Lipstick,Beauty,Lipstick,3737,Reliance Retail
PROD02353,LG Mixer Grinder, HOME & KITCHEN ,Mixer Grinder,4432,Reliance Retail
PROD02354,Lenovo Novel,Books,Novel,806,Reliance Retail
PROD02355,Dell Lipstick,Beauty,Lipstick,4639,BigBasket
PROD02356,Puma Biography,Books,Biography,1885,Amazon Seller
PROD02357,Lenovo Mixer Grinder,Home & Kitchen,Mixer Grinder,25243,Amazon Seller
PROD02358,Aashirvaad Football,Sports,Football,20784,Reliance Retail
PROD02359,Sony Shoes,Fashion,Shoes,7037,ITC Limited
PROD02360,Dell Academic Book,Books,Academic Book,2105,Croma
PROD02361,Aashirvaad Badminton Racket,Sports,Badminton Racket,5900,Reliance Retail
PROD02362,Godrej Tea Powder,Grocery,Tea Powder,847,BigBasket
PROD02363,Prestige Mobile,Electronics,Mobile,100080,Godrej Consumer
PROD02364,Tata Tea Powder,Grocery,Tea Powder,1031,BigBasket
PROD02365,Samsung Handbag,Fashion,Handbag,835,DMart
PROD02366,Adidas Academic Book,Books,Academic Book,918,ITC Limited
PROD02367,Puma Men T-Shirt,Fashion,Men T-Shirt,2505,Flipkart Seller
PROD02368,Mi Academic Book,Books,Academic Book,2131,Reliance Retail
PROD02369,Prestige Smart Watch,Electronics,Smart Watch,85898,Reliance Retail
PROD02370,Aashirvaad Dining Table,Home & Kitchen,Dining Table,33282,DMart
PROD02371,Amul Sofa,Home & Kitchen,Sofa,8988,Flipkart Seller
PROD02372,Lenovo Sofa,Home & Kitchen,Sofa,7119,ITC Limited
PROD02373,Tata Cooking Oil,Grocery,Cooking Oil,2455,Vijay Sales
PROD02374,Adidas Face Wash,Beauty,Face Wash,1420,Amazon Seller
PROD02375,Prestige Badminton Racket,Sports,Badminton Racket,29506,Flipkart Seller
PROD02376,Bajaj Football,Sports,Football,26959,Amazon Seller
PROD02377,Lenovo Cooking Oil,Grocery,Cooking Oil,2164,Godrej Consumer
PROD02378,Dell Dumbbell,Sports,Dumbbell,26234,Amazon Seller
PROD02379,Amul Dining Table,Home & Kitchen,Dining Table,41359,Vijay Sales
PROD02380,Puma Headphones,Electronics,Headphones,59741,Godrej Consumer
PROD02381,LG Academic Book,Books,Academic Book,2472,Tata Consumer
PROD02382,LG Mobile,Electronics,Mobile,86144,ITC Limited
PROD02383,HP Rice,Grocery,Rice,435,Tata Consumer
PROD02384,Adidas Pressure Cooker,Home & Kitchen,Pressure Cooker,11082,Flipkart Seller
PROD02385,Amul LED Lamp,Home & Kitchen,LED Lamp,23658,Flipkart Seller
PROD02386,Dell Laptop,Electronics,Laptop,72618,Tata Consumer
PROD02387,LG Sofa,Home & Kitchen,Sofa,8624,Godrej Consumer
PROD02388,Amul Face Wash,Beauty,Face Wash,2448,Vijay Sales
PROD02389,Dell Shampoo,Beauty,Shampoo,3104,ITC Limited
PROD02390,Boat Spices,Grocery,Spices,1580,Flipkart Seller
PROD02391,Lenovo Badminton Racket,Sports,Badminton Racket,15248,BigBasket
PROD02392,OnePlus Cricket Bat,Sports,Cricket Bat,21598,Reliance Retail
PROD02393,Apple Football,Sports,Football,760,Amazon Seller
PROD02394,Adidas Rice,Grocery,Rice,1589,Amazon Seller
PROD02395,Prestige Children Book,Books,Children Book,1063,Vijay Sales
PROD02396,Prestige Biscuits,Grocery,Biscuits,1479,Tata Consumer
PROD02397,Samsung Lipstick,Beauty,Lipstick,803,Amazon Seller
PROD02398,Aashirvaad Cricket Bat,Sports,Cricket Bat,25672,Vijay Sales
PROD02399,Boat Shoes,Fashion,Shoes,828,Croma
PROD02400,HP LED Lamp,Home & Kitchen,LED Lamp,14435,Tata Consumer
PROD02401,Dell Smart Watch,Electronics,Smart Watch,15035,ITC Limited
PROD02402,LG Shoes,Fashion,Shoes,5544,DMart
PROD02403,Reliance LED Lamp,Home & Kitchen,LED Lamp,39892,Vijay Sales
PROD02404,Godrej Smart Watch,Electronics,Smart Watch,129101,DMart
PROD02405,Tata Laptop,Electronics,Laptop,115866,BigBasket
PROD02406,Prestige Pressure Cooker,Home & Kitchen,Pressure Cooker,9788,Flipkart Seller
PROD02407,Prestige Sofa,Home & Kitchen,Sofa,20051,Tata Consumer
PROD02408,Lenovo Biscuits,Grocery,Biscuits,926,BigBasket
PROD02409,Prestige Men T-Shirt,Fashion,Men T-Shirt,7631,Vijay Sales
PROD02410,Sony Dining Table,Home & Kitchen,Dining Table,13515,Croma
PROD02411,HP Lipstick,Beauty,Lipstick,4486,Amazon Seller
PROD02412,Amul Badminton Racket,Sports,Badminton Racket,23204,Godrej Consumer
PROD02413,Apple Face Wash,Beauty,Face Wash,4991,DMart
PROD02414,OnePlus Television,Electronics,Television,42910,Croma
PROD02415,Tata Dumbbell,Sports,Dumbbell,5431,Tata Consumer
PROD02416,Boat Shoes,Fashion,Shoes,1230,Vijay Sales
PROD02417,Tata LED Lamp,Home & Kitchen,LED Lamp,30027,Amazon Seller
PROD02418,Mi Badminton Racket,Sports,Badminton Racket,3693,Reliance Retail
PROD02419,Godrej Women Dress,Fashion,Women Dress,6005,ITC Limited
PROD02420,OnePlus Cooking Oil,Grocery,Cooking Oil,1596,DMart
PROD02421,Bajaj Pressure Cooker,Home & Kitchen,Pressure Cooker,45040,Godrej Consumer
PROD02422,Amul Smart Watch,Electronics,Smart Watch,9244,BigBasket
PROD02423,Samsung LED Lamp,Home & Kitchen,LED Lamp,46330,Tata Consumer
PROD02424,Godrej Badminton Racket,Sports,Badminton Racket,-1816,Croma
PROD02425,Godrej LED Lamp,Home & Kitchen,LED Lamp,34786,Croma
PROD02426,Dell Laptop,Electronics,Laptop,117298,Croma
PROD02427,OnePlus Handbag,Fashion,Handbag,1632,ITC Limited
PROD02428,Adidas Lipstick,Beauty,Lipstick,3683,BigBasket
PROD02429,Prestige Cricket Bat,Sports,Cricket Bat,26909,Flipkart Seller
PROD02430,OnePlus Mobile,Electronics,Mobile,112814,Flipkart Seller
PROD02431,Dell Face Wash,Beauty,Face Wash,4223,Godrej Consumer
PROD02432,Adidas Rice,Grocery,Rice,1772,DMart
PROD02433,Apple Shoes,Fashion,Shoes,3421,Flipkart Seller
PROD02434,Samsung Shoes,Fashion,Shoes,3172,Tata Consumer
PROD02435,Tata Lipstick,Beauty,Lipstick,3169,DMart
PROD02436,Nike Biography,Books,Biography,1233,BigBasket
PROD02437,Puma Biscuits,Grocery,Biscuits,67,Vijay Sales
PROD02438,Tata Mobile,Electronics,Mobile,45206,Croma
PROD02439,OnePlus Spices,Grocery,Spices,1350,Croma
PROD02440,Godrej Handbag,Fashion,Handbag,2281,ITC Limited
PROD02441,OnePlus Shampoo,Beauty,Shampoo,3322,Reliance Retail
PROD02442,Godrej Spices,Grocery,Spices,577,Vijay Sales
PROD02443,Aashirvaad Football,Sports,Football,10924,ITC Limited
PROD02444,Puma Shoes,Fashion,Shoes,1115,Amazon Seller
PROD02445,Mi Academic Book,Books,Academic Book,1755,BigBasket
PROD02446,Sony Spices,Grocery,Spices,1370,DMart
PROD02447,Tata Mobile,Electronics,Mobile,119667,Reliance Retail
PROD02448,Tata Football,Sports,Football,20753,ITC Limited
PROD02449,Aashirvaad Television,Electronics,Television,11629,Amazon Seller
PROD02450,Sony Perfume,Beauty,Perfume,2063,DMart
PROD04419,Mi Spices,Grocery,Spices,0,Amazon Seller
PROD02452,Reliance Tea Powder,Grocery,Tea Powder,1176,Flipkart Seller
PROD02453,Mi Men T-Shirt,Fashion,Men T-Shirt,7401,Flipkart Seller
PROD02454,OnePlus Headphones,Electronics,Headphones,37160,Flipkart Seller
PROD02455,Nike Jeans,Fashion,Jeans,7628,Amazon Seller
PROD02456,HP Mobile,Electronics,Mobile,99738,DMart
PROD02457,HP Face Wash,Beauty,Face Wash,279,Vijay Sales
PROD02458,Prestige Headphones,Electronics,Headphones,60127,Vijay Sales
PROD02459,Dell Perfume,Beauty,Perfume,1419,Amazon Seller
PROD02460,Sony Mixer Grinder,Home & Kitchen,Mixer Grinder,43731,Godrej Consumer
PROD02461,Samsung Cricket Bat,Sports,Cricket Bat,11733,Croma
PROD02462,Sony Face Wash,Beauty,Face Wash,4374,BigBasket
PROD02463,OnePlus Laptop,Electronics,Laptop,12747,ITC Limited
PROD02464,Lenovo Television,Electronics,Television,44936,DMart
PROD02465,Samsung Tea Powder,Grocery,Tea Powder,938,Reliance Retail
PROD02466,Puma Pressure Cooker,Home & Kitchen,Pressure Cooker,5968,Amazon Seller
PROD02467,HP Dining Table,Home & Kitchen,Dining Table,13557,Flipkart Seller
PROD02468,Adidas LED Lamp,Home & Kitchen,LED Lamp,31108,Tata Consumer
PROD02469,Bajaj Lipstick,Beauty,Lipstick,2148,Amazon Seller
PROD02470,Aashirvaad Jeans,Fashion,Jeans,1142,Godrej Consumer
PROD02471,Adidas Spices,Grocery,Spices,728,DMart
PROD02472,Godrej Badminton Racket,Sports,Badminton Racket,29429,Tata Consumer
PROD02473,Boat Perfume,Beauty,Perfume,981,Godrej Consumer
PROD02474,Bajaj Lipstick,Beauty,Lipstick,4746,Croma
PROD02475,Dell Mixer Grinder,Home & Kitchen,Mixer Grinder,11460,Reliance Retail
PROD02476,Mi Biography,Books,Biography,1828,BigBasket
PROD02477,Aashirvaad Biography,Books,Biography,272,Flipkart Seller
PROD02478,Godrej Jeans,Fashion,Jeans,6779,Amazon Seller
PROD02479,Prestige Pressure Cooker,Home & Kitchen,Pressure Cooker,14602,Croma
PROD02480,Boat Pressure Cooker,Home & Kitchen,Pressure Cooker,8515,Reliance Retail
PROD02481,Boat Mixer Grinder,Home & Kitchen,Mixer Grinder,14509,Tata Consumer
PROD02482,Puma Biography,Books,Biography,2450,Flipkart Seller
PROD02483,OnePlus Perfume,Beauty,Perfume,1838,ITC Limited
PROD02484,Apple Men T-Shirt,Fashion,Men T-Shirt,2577,Godrej Consumer
PROD02485,Mi Rice,Grocery,Rice,2697,Vijay Sales
PROD02486,Boat Badminton Racket,Sports,Badminton Racket,27153,Croma
PROD02487,Reliance Women Dress,Fashion,Women Dress,6875,Tata Consumer
PROD02488,Nike Face Wash,Beauty,Face Wash,3550,Flipkart Seller
PROD02489,Sony Headphones,Electronics,Headphones,90688,Godrej Consumer
PROD02490,Mi Shampoo,Beauty,Shampoo,274,BigBasket
PROD02491,Tata Television,Electronics,Television,126050,BigBasket
PROD02492,Reliance Shoes,Fashion,Shoes,7638,ITC Limited
PROD02493,Boat Academic Book,Books,Academic Book,216,Flipkart Seller
PROD02494,Godrej Face Wash,Beauty,Face Wash,2565,BigBasket
PROD02495,Aashirvaad Dining Table,Home & Kitchen,Dining Table,5727,ITC Limited
PROD02496,HP Tea Powder,Grocery,Tea Powder,2558,Reliance Retail
PROD02497,Dell Perfume,Beauty,Perfume,4141,Flipkart Seller
PROD02498,OnePlus Tea Powder,Grocery,Tea Powder,470,Reliance Retail
PROD02499,Tata Men T-Shirt,Fashion,Men T-Shirt,1436,Flipkart Seller
PROD02500,Puma Sofa,Home & Kitchen,Sofa,11653,Flipkart Seller
PROD02501,Apple Jeans,Fashion,Jeans,340,Reliance Retail
PROD02502,Samsung Mixer Grinder,Home & Kitchen,Mixer Grinder,3645,BigBasket
PROD02503,Boat Smart Watch,Electronics,Smart Watch,104498,BigBasket
PROD02504,LG Football,Sports,Football,19618,Tata Consumer
PROD02505,Boat Laptop,Electronics,Laptop,43797,Godrej Consumer
PROD02506,Dell Biscuits,Grocery,Biscuits,2787,Flipkart Seller
PROD02507,Mi Novel,Books,Novel,2107,Tata Consumer
PROD02508,HP Dining Table,Home & Kitchen,Dining Table,15300,Flipkart Seller
PROD02509,Prestige Dining Table,Home & Kitchen,Dining Table,23634,ITC Limited
PROD02510,Bajaj Cooking Oil,Grocery,Cooking Oil,2896,Flipkart Seller
PROD02511,Reliance Headphones,Electronics,Headphones,60699,Reliance Retail
PROD02512,Dell Football,Sports,Football,27320,Vijay Sales
PROD02513,Samsung Shoes,Fashion,Shoes,3088,DMart
PROD02514,Lenovo Spices,Grocery,Spices,2155,Croma
PROD02515,Dell Tea Powder,Grocery,Tea Powder,2734,Amazon Seller
PROD02516,Samsung Spices,Grocery,Spices,582,DMart
PROD02517,Dell Sofa,Home & Kitchen,Sofa,41163,ITC Limited
PROD02518,Bajaj Shoes,Fashion,Shoes,862,BigBasket
PROD02519,Adidas Shampoo,Beauty,Shampoo,4828,Flipkart Seller
PROD02520,Samsung Shoes,Fashion,Shoes,6403,Flipkart Seller
PROD02521,Dell Men T-Shirt,Fashion,Men T-Shirt,1832,BigBasket
PROD02522,Lenovo Headphones,Electronics,Headphones,123657,Croma
PROD02523,Apple Mixer Grinder,Home & Kitchen,Mixer Grinder,6009,Croma
PROD02524,LG Shampoo,Beauty,Shampoo,3351,ITC Limited
PROD02525,Reliance Perfume,Beauty,Perfume,3715,BigBasket
PROD02526,Reliance Mixer Grinder,Home & Kitchen,Mixer Grinder,43008,Vijay Sales
PROD02527,Bajaj Badminton Racket,Sports,Badminton Racket,10133,DMart
PROD02528,OnePlus Shampoo,Beauty,Shampoo,2360,ITC Limited
PROD02529,Lenovo Children Book,Books,Children Book,1925,Flipkart Seller
PROD02530,Puma Cricket Bat,Sports,Cricket Bat,4139,DMart
PROD02531,Reliance Mobile,Electronics,Mobile,74777,DMart
PROD02532,Samsung Television,Electronics,Television,77210,DMart
PROD02533,Aashirvaad Children Book,Books,Children Book,1759,Flipkart Seller
PROD02534,HP Jeans,Fashion,Jeans,1985,Amazon Seller
PROD02535,Amul Cooking Oil,Grocery,Cooking Oil,2658,BigBasket
PROD02536,Tata Dumbbell,Sports,Dumbbell,3588,Amazon Seller
PROD02537,Adidas Children Book,Books,Children Book,1127,Amazon Seller
PROD02538,Sony Mixer Grinder,Home & Kitchen,Mixer Grinder,12777,Croma
PROD02539,Tata Shampoo,Beauty,Shampoo,3987,Vijay Sales
PROD02540,Sony Mixer Grinder,Home & Kitchen,Mixer Grinder,17790,Flipkart Seller
PROD02541,OnePlus Men T-Shirt,Fashion,Men T-Shirt,3184,Tata Consumer
PROD02542,HP Academic Book,Books,Academic Book,1163,Tata Consumer
PROD02543,Tata Mobile,Electronics,Mobile,81194,DMart
PROD02544,LG Novel,Books,Novel,534,Flipkart Seller
PROD02545,Dell Dining Table,Home & Kitchen,Dining Table,32656,Croma
PROD02546,HP Biography,Books,Biography,1188,Croma
PROD02547,Amul Face Wash,Beauty,Face Wash,2566,Croma
PROD02548,Samsung Children Book,Books,Children Book,1255,ITC Limited
PROD02549,LG Cricket Bat,Sports,Cricket Bat,13945,DMart
PROD02550,Amul Football,Sports,Football,16812,Reliance Retail
PROD02551,Godrej Handbag,Fashion,Handbag,3244,DMart
PROD02552,Bajaj Cricket Bat,Sports,Cricket Bat,12879,Flipkart Seller
PROD02553,Dell LED Lamp,Home & Kitchen,LED Lamp,35031,Amazon Seller
PROD02554,Boat Dining Table,Home & Kitchen,Dining Table,26126,Godrej Consumer
PROD02555,Adidas Perfume,Beauty,Perfume,1661,Reliance Retail
PROD02556,OnePlus Biography,Books,Biography,653,Vijay Sales
PROD02557,Mi Biscuits,Grocery,Biscuits,1471,BigBasket
PROD02558,HP Mobile,Electronics,Mobile,43569,Tata Consumer
PROD02559,Lenovo Football,Sports,Football,9995,Godrej Consumer
PROD02560,Adidas Novel,Books,Novel,2144,BigBasket
PROD02561,Tata Smart Watch,Electronics,Smart Watch,123976,Reliance Retail
PROD02562,Mi Jeans,Fashion,Jeans,1311,Reliance Retail
PROD02563,Tata Perfume,Beauty,Perfume,3625,Croma
PROD02564,Reliance Cricket Bat,Sports,Cricket Bat,8738,Amazon Seller
PROD02565,Lenovo Dining Table,Home & Kitchen,Dining Table,44102,ITC Limited
PROD02566,Nike Men T-Shirt,Fashion,Men T-Shirt,1468,DMart
PROD02567,Adidas Face Wash,Beauty,Face Wash,1892,Reliance Retail
PROD02568,Puma Perfume,Beauty,Perfume,3264,Vijay Sales
PROD02569,Nike Face Wash,Beauty,Face Wash,2574,Godrej Consumer
PROD02570,Mi Pressure Cooker,Home & Kitchen,Pressure Cooker,29061,Croma
PROD02571,LG Spices,Grocery,Spices,2848,DMart
PROD02572,Godrej Pressure Cooker,Home & Kitchen,Pressure Cooker,36825,DMart
PROD02573,Prestige Dining Table,Home & Kitchen,Dining Table,19986,Godrej Consumer
PROD02574,Apple Badminton Racket,Sports,Badminton Racket,6508,Vijay Sales
PROD02575,Samsung Biscuits,Grocery,Biscuits,617,ITC Limited
PROD02576,Lenovo Perfume,,Perfume,3029,Tata Consumer
PROD02577,Dell Sofa,Home & Kitchen,Sofa,28058,Vijay Sales
PROD02578,Apple Face Wash,Beauty,Face Wash,316,Vijay Sales
PROD02579,OnePlus Laptop,Electronics,Laptop,84269,DMart
PROD02580,LG Biography,Books,Biography,2375,Godrej Consumer
PROD02581,Aashirvaad Mixer Grinder,Home & Kitchen,Mixer Grinder,8753,Vijay Sales
PROD02582,Dell Cricket Bat,Sports,Cricket Bat,26959,ITC Limited
PROD02583,Prestige Face Wash,Beauty,Face Wash,548,BigBasket
PROD02584,Boat Rice,Grocery,Rice,2484,Flipkart Seller
PROD02585,Mi Tea Powder,Grocery,Tea Powder,2022,Croma
PROD02586,Samsung Rice,Grocery,Rice,2444,ITC Limited
PROD02587,Bajaj Cricket Bat,Sports,Cricket Bat,17416,Amazon Seller
PROD02588,LG Children Book,Books,Children Book,1065,Amazon Seller
PROD02589,Tata Dining Table,Home & Kitchen,Dining Table,32282,Godrej Consumer
PROD02590,Samsung Football,Sports,Football,2700,Reliance Retail
PROD02591,Samsung Handbag,Fashion,Handbag,4558,Flipkart Seller
PROD02592,Samsung Women Dress,Fashion,Women Dress,4180,Reliance Retail
PROD02593,Dell Spices,Grocery,Spices,1650,Reliance Retail
PROD02594,Aashirvaad Smart Watch,Electronics,Smart Watch,131804,Amazon Seller
PROD02595,Apple Cooking Oil,Grocery,Cooking Oil,1116,Godrej Consumer
PROD02596,OnePlus Badminton Racket,Sports,Badminton Racket,4536,Vijay Sales
PROD02597,Sony Men T-Shirt,Fashion,Men T-Shirt,1460,DMart
PROD02598,Apple Handbag,Fashion,Handbag,1941,Tata Consumer
PROD02599,Adidas Perfume,Beauty,Perfume,919,Godrej Consumer
PROD02600,Nike Perfume,Beauty,Perfume,3304,Vijay Sales
PROD02601,Dell Cricket Bat,Sports,Cricket Bat,14160,Vijay Sales
PROD02602,Adidas Men T-Shirt,Fashion,Men T-Shirt,4044,Flipkart Seller
PROD02603,Tata Children Book,Books,Children Book,1390,Reliance Retail
PROD02604,Reliance Badminton Racket,Sports,Badminton Racket,12123,Amazon Seller
PROD02605,Nike Lipstick,Beauty,Lipstick,174,Amazon Seller
PROD02606,Lenovo LED Lamp,Home & Kitchen,LED Lamp,14313,Croma
PROD02607,Lenovo Badminton Racket,Sports,Badminton Racket,2556,Amazon Seller
PROD02608,Amul Football,Sports,Football,21993,Godrej Consumer
PROD02609,LG Sofa,Home & Kitchen,Sofa,18741,BigBasket
PROD02610,HP Face Wash,Beauty,Face Wash,3184,Tata Consumer
PROD02611,Mi Novel,Books,Novel,2226,ITC Limited
PROD02612,Boat Pressure Cooker,Home & Kitchen,Pressure Cooker,39091,Godrej Consumer
PROD02613,OnePlus LED Lamp,Home & Kitchen,LED Lamp,26961,Flipkart Seller
PROD02614,Sony Mobile,Electronics,Mobile,65739,Flipkart Seller
PROD02615,HP Cricket Bat,Sports,Cricket Bat,0,Tata Consumer
PROD02616,Puma Pressure Cooker,Home & Kitchen,Pressure Cooker,7409,Amazon Seller
PROD02617,Godrej Badminton Racket,Sports,Badminton Racket,2609,Reliance Retail
PROD02618,Samsung Biography,Books,Biography,303,Flipkart Seller
PROD01134,OnePlus Perfume,Beauty,Perfume,341,Amazon Seller
PROD02620,Dell Mixer Grinder,Home & Kitchen,Mixer Grinder,25248,Amazon Seller
PROD02621,Bajaj Football,Sports,Football,8773,Tata Consumer
PROD02622,Puma Perfume,Beauty,Perfume,1748,Amazon Seller
PROD02623,Prestige Shampoo,Beauty,,4868,Reliance Retail
PROD02624,Bajaj Cricket Bat,Sports,Cricket Bat,1589,Amazon Seller
PROD02625,Godrej Smart Watch,Electronics,Smart Watch,148282,Flipkart Seller
PROD02626,Lenovo Pressure Cooker,Home & Kitchen,Pressure Cooker,33017,DMart
PROD02627,Mi Cooking Oil,Grocery,Cooking Oil,1990,ITC Limited
PROD02628,OnePlus Dining Table,Home & Kitchen,Dining Table,37114,Amazon Seller
PROD02629,Dell Rice,Grocery,Rice,1801,Vijay Sales
PROD02630,Mi Rice,Grocery,Rice,370,Amazon Seller
PROD02631,Adidas Spices,Grocery,Spices,463,Flipkart Seller
PROD02632,Reliance Shampoo,Beauty,Shampoo,4528,Croma
PROD02633,Adidas Laptop,Electronics,Laptop,70898,Vijay Sales
PROD02634,Prestige Dumbbell,Sports,Dumbbell,29088,Amazon Seller
PROD02635,Apple Mixer Grinder,Home & Kitchen,Mixer Grinder,38206,DMart
PROD02636,OnePlus Spices,Grocery,Spices,2098,BigBasket
PROD02637,Apple Face Wash,Beauty,Face Wash,1008,Godrej Consumer
PROD02638,Tata Perfume,Beauty,Perfume,364,Croma
PROD02639,Bajaj Perfume,Beauty,Perfume,2840,Reliance Retail
PROD02640,Apple Women Dress,Fashion,Women Dress,6990,Croma
PROD02641,Puma Rice,Grocery,Rice,2071,Flipkart Seller
PROD02642,OnePlus Spices,Grocery,Spices,2929,Reliance Retail
PROD02643,Godrej Mixer Grinder,Home & Kitchen,Mixer Grinder,39700,Godrej Consumer
PROD02644,HP Television,Electronics,Television,38938,BigBasket
PROD02645,Samsung Cricket Bat,Sports,Cricket Bat,1666,Tata Consumer
PROD02646,Amul Novel,Books,Novel,1917,Tata Consumer
PROD02647,Tata Pressure Cooker,Home & Kitchen,Pressure Cooker,4127,Reliance Retail
PROD02648,Apple Cooking Oil,Grocery,Cooking Oil,2540,Vijay Sales
PROD02649,Apple Cricket Bat,Sports,Cricket Bat,16299,Reliance Retail
PROD02650,LG Lipstick,Beauty,Lipstick,3620,Vijay Sales
PROD02651,Samsung Novel,Books,Novel,1943,Flipkart Seller
PROD02652,Amul Biography,Books,Biography,943,Croma
PROD02653,Puma Face Wash,Beauty,Face Wash,2000,Flipkart Seller
PROD02654,Puma Academic Book,Books,Academic Book,1841,ITC Limited
PROD02655,Tata Academic Book,Books,Academic Book,1173,Reliance Retail
PROD02656,LG Mobile,Electronics,Mobile,119964,Amazon Seller
PROD02657,Boat Mixer Grinder,Home & Kitchen,Mixer Grinder,23415,Godrej Consumer
PROD02658,Adidas Football,Sports,Football,4750,Godrej Consumer
PROD02659,Samsung Lipstick,Beauty,Lipstick,729,Flipkart Seller
PROD02660,Bajaj LED Lamp,Home & Kitchen,LED Lamp,32935,Croma
PROD02661,Dell Cooking Oil,Grocery,Cooking Oil,2970,BigBasket
PROD02662,Adidas LED Lamp,Home & Kitchen,LED Lamp,43337,DMart
PROD02663,Boat Biography,Books,Biography,2367,ITC Limited
PROD02664,Amul Mobile,Electronics,Mobile,112697,Godrej Consumer
PROD02665,Prestige Perfume,Beauty,Perfume,1767,Amazon Seller
PROD02666,Puma Spices,Grocery,Spices,1299,ITC Limited
PROD02667,Amul Men T-Shirt,Fashion,Men T-Shirt,6238,Amazon Seller
PROD02668,Dell Laptop,Electronics,Laptop,123951,Flipkart Seller
PROD02669,Reliance Headphones,Electronics,Headphones,75857,BigBasket
PROD02670,Adidas Children Book,Books,Children Book,496,Reliance Retail
PROD02671,Aashirvaad LED Lamp,Home & Kitchen,LED Lamp,32963,Reliance Retail
PROD02672,Aashirvaad Biscuits,Grocery,Biscuits,1868,Reliance Retail
PROD02673,Aashirvaad Women Dress,Fashion,Women Dress,1810,Vijay Sales
PROD02674,Adidas Academic Book,Books,Academic Book,278,ITC Limited
PROD02675,Tata Tea Powder,Grocery,Tea Powder,2543,Croma
PROD02676,Mi Tea Powder,Grocery,Tea Powder,936,Reliance Retail
PROD02677,Godrej LED Lamp,Home & Kitchen,LED Lamp,28519,Reliance Retail
PROD02678,Apple Rice,Grocery,Rice,1639,BigBasket
PROD02679,Dell Spices,Grocery,Spices,1786,Godrej Consumer
PROD02680,Sony Dumbbell,Sports,Dumbbell,12994,Tata Consumer
PROD02681,LG Football,Sports,Football,997,BigBasket
PROD02682,Prestige Tea Powder,Grocery,Tea Powder,1073,ITC Limited
PROD02683,Mi Dining Table,Home & Kitchen,Dining Table,26360,Reliance Retail
PROD02684,Amul Biography,Books,Biography,1250,BigBasket
PROD02685,Tata Spices,Grocery,Spices,559,BigBasket
PROD02686,Nike Biography,Books,Biography,882,Tata Consumer
PROD02687,Dell Face Wash,Beauty,Face Wash,0,Tata Consumer
PROD02688,HP Smart Watch,Electronics,Smart Watch,62106,Vijay Sales
PROD02689,Prestige Television,Electronics,Television,77468,Godrej Consumer
PROD02690,Prestige Biography,Books,Biography,1954,Amazon Seller
PROD02691,Nike Dining Table,Home & Kitchen,Dining Table,32935,Amazon Seller
PROD02692,LG Women Dress,Fashion,Women Dress,7437,Godrej Consumer
PROD02693,Puma Cricket Bat,Sports,Cricket Bat,4250,Reliance Retail
PROD02694,Dell Handbag,Fashion,Handbag,5050,Croma
PROD02695,Puma Television,Electronics,Television,20941,BigBasket
PROD02696,Amul Mixer Grinder,Home & Kitchen,Mixer Grinder,35918,Reliance Retail
PROD02697,Amul Novel,Books,Novel,597,Flipkart Seller
PROD02698,Samsung Children Book,Books,Children Book,2243,Flipkart Seller
PROD02699,Boat Women Dress,Fashion,Women Dress,4972,Croma
PROD02700,Prestige Biscuits,Grocery,Biscuits,2679,Vijay Sales
PROD02701,Tata Pressure Cooker,Home & Kitchen,Pressure Cooker,21900,Godrej Consumer
PROD02702,Boat Tea Powder,Grocery,Tea Powder,1721,Croma
PROD02703,OnePlus Perfume,Beauty,Perfume,355,Amazon Seller
PROD02704,Adidas Mixer Grinder,Home & Kitchen,Mixer Grinder,10334,Godrej Consumer
PROD02705,OnePlus Mobile,Electronics,Mobile,60438,Croma
PROD02706,Bajaj Biography,Books,Biography,1701,Godrej Consumer
PROD02707,Aashirvaad Laptop,Electronics,Laptop,25563,Flipkart Seller
PROD02708,Lenovo Handbag,Fashion,Handbag,5005,ITC Limited
PROD02709,Apple Badminton Racket,Sports,Badminton Racket,24520,Flipkart Seller
PROD02710,Reliance Spices,Grocery,Spices,2536,Tata Consumer
PROD02711,Boat Badminton Racket,Sports,Badminton Racket,9320,DMart
PROD02712,Adidas Spices,Grocery,Spices,1049,Croma
PROD02713,Puma Jeans,Fashion,Jeans,4034,Croma
PROD02714,Puma Cricket Bat,Sports,Cricket Bat,15082,Vijay Sales
PROD02715,Amul Mixer Grinder,Home & Kitchen,Mixer Grinder,37230,ITC Limited
PROD02716,HP Smart Watch,Electronics,Smart Watch,65384,Tata Consumer
PROD02717,Puma Biscuits,Grocery,Biscuits,2382,Amazon Seller
PROD02718,Godrej Novel,Books,Novel,715,Godrej Consumer
PROD02719,Boat Dining Table,Home & Kitchen,Dining Table,21068,Flipkart Seller
PROD02720,Godrej Headphones,Electronics,Headphones,137389,Amazon Seller
PROD02721,Bajaj Children Book,Books,Children Book,886,Tata Consumer
PROD02722,Samsung Laptop,Electronics,Laptop,114740,BigBasket
PROD02723,HP Spices,Grocery,Spices,463,Amazon Seller
PROD02724,Godrej Rice,Grocery,Rice,148,Amazon Seller
PROD02725,Lenovo Laptop,Electronics,Laptop,143755,Vijay Sales
PROD02726,LG Perfume,Beauty,Perfume,3395,ITC Limited
PROD02727,Samsung Jeans,Fashion,Jeans,3059,Croma
PROD02728,Reliance Academic Book,Books,Academic Book,452,Croma
PROD02729,Dell Lipstick,Beauty,Lipstick,3669,BigBasket
PROD02730,LG Biscuits,Grocery,Biscuits,801,Godrej Consumer
PROD02731,Prestige Spices,Grocery,Spices,673,Reliance Retail
PROD02732,Dell Biography,Books,Biography,1703,Croma
PROD02733,Lenovo Shampoo,Beauty,Shampoo,4917,BigBasket
PROD02734,Puma Rice,Grocery,Rice,1267,Tata Consumer
PROD02735,Mi Mixer Grinder,Home & Kitchen,Mixer Grinder,34426,ITC Limited
PROD02736,Adidas Children Book,Books,Children Book,1472,Vijay Sales
PROD02737,LG Pressure Cooker,Home & Kitchen,Pressure Cooker,3248,DMart
PROD02738,Mi Perfume,Beauty,Perfume,2675,Flipkart Seller
PROD02739,Sony Dining Table,Home & Kitchen,Dining Table,8269,BigBasket
PROD02740,Dell Sofa,Home & Kitchen,Sofa,15156,Amazon Seller
PROD02741,OnePlus Dining Table,Home & Kitchen,Dining Table,49879,Flipkart Seller
PROD02742,LG Jeans,Fashion,Jeans,1086,DMart
PROD02743,Tata Novel,Books,Novel,312,ITC Limited
PROD02744,Tata Novel,Books,Novel,2150,Reliance Retail
PROD02745,Adidas Pressure Cooker,Home & Kitchen,Pressure Cooker,37931,Vijay Sales
PROD02746,Lenovo Badminton Racket,Sports,Badminton Racket,4634,Tata Consumer
PROD02747,Samsung Mixer Grinder,Home & Kitchen,Mixer Grinder,29624,Vijay Sales
PROD02748,Prestige Perfume,Beauty,Perfume,1220,BigBasket
PROD02749,Amul Cricket Bat,Sports,Cricket Bat,26833,Flipkart Seller
PROD02750,Prestige Football,Sports,Football,11218,Amazon Seller
PROD02751,Nike Biography,Books,Biography,2007,ITC Limited
PROD02752,Boat Cricket Bat,Sports,Cricket Bat,29737,Reliance Retail
PROD02753,Lenovo Face Wash,Beauty,Face Wash,2701,DMart
PROD02754,Reliance Spices,Grocery,Spices,2648,Reliance Retail
PROD02755,Mi Women Dress,Fashion,Women Dress,3381,DMart
PROD02756,Nike Football,Sports,Football,15904,Amazon Seller
PROD02757,HP Shampoo,Beauty,Shampoo,2415,Amazon Seller
PROD02758,Lenovo Men T-Shirt,Fashion,Men T-Shirt,7321,DMart
PROD02759,Prestige Headphones,Electronics,Headphones,133631,ITC Limited
PROD02760,Sony Novel,Books,Novel,308,Vijay Sales
PROD02761,OnePlus Dumbbell,Sports,Dumbbell,12961,Godrej Consumer
PROD02762,HP Jeans,Fashion,Jeans,4645,Amazon Seller
PROD02763,Adidas Pressure Cooker,Home & Kitchen,Pressure Cooker,44276,Tata Consumer
PROD02764,OnePlus Lipstick,Beauty,Lipstick,3025,ITC Limited
PROD02765,Samsung Perfume,Beauty,Perfume,1893,Flipkart Seller
PROD02766,Godrej Tea Powder,Grocery,Tea Powder,1881,Croma
PROD02767,Samsung Shoes,Fashion,Shoes,1743,Tata Consumer
PROD02768,Amul Mixer Grinder,Home & Kitchen,Mixer Grinder,46176,Vijay Sales
PROD02769,HP Football,Sports,Football,28029,Tata Consumer
PROD02770,Puma Children Book,Books,Children Book,268,BigBasket
PROD02771,Bajaj LED Lamp,Home & Kitchen,LED Lamp,27304,Reliance Retail
PROD02772,Nike Biography,Books,Biography,1450,Vijay Sales
PROD02773,Godrej Lipstick,Beauty,Lipstick,3365,BigBasket
PROD02774,HP Smart Watch,Electronics,Smart Watch,62395,Croma
PROD02775,Adidas Cricket Bat,Sports,Cricket Bat,15168,Vijay Sales
PROD02776,Sony Handbag,Fashion,Handbag,4691,DMart
PROD02777,OnePlus Rice,Grocery,Rice,2551,Croma
PROD02778,Apple Handbag,Fashion,Handbag,463,Reliance Retail
PROD02779,Prestige Biscuits,Grocery,Biscuits,2936,Croma
PROD02780,Prestige LED Lamp,Home & Kitchen,LED Lamp,-4829,Reliance Retail
PROD02781,Amul Novel,Books,Novel,2343,DMart
PROD02782,Aashirvaad Handbag,Fashion,Handbag,7342,DMart
PROD02783,Amul Pressure Cooker,Home & Kitchen,Pressure Cooker,22225,Vijay Sales
PROD02784,Puma Handbag,Fashion,Handbag,8000,Reliance Retail
PROD02785,Lenovo Mobile,Electronics,Mobile,31875,ITC Limited
PROD02786,Reliance Lipstick,BEAUTY,Lipstick,1385,BigBasket
PROD02787,Puma Mixer Grinder,Home & Kitchen,Mixer Grinder,41889,DMart
PROD02788,Samsung Smart Watch,Electronics,Smart Watch,104052,Vijay Sales
PROD02789,Prestige Jeans,Fashion,Jeans,926,Flipkart Seller
PROD02790,Tata Children Book,Books,Children Book,210,ITC Limited
PROD02791,Samsung Novel,Books,Novel,1752,DMart
PROD02792,Adidas Spices,Grocery,Spices,1375,Vijay Sales
PROD02793,Adidas Academic Book,Books,Academic Book,1272,Tata Consumer
PROD02794,Nike Men T-Shirt,Fashion,Men T-Shirt,5674,Godrej Consumer
PROD02795,Adidas Lipstick,Beauty,Lipstick,3618,Flipkart Seller
PROD02796,Apple Shoes,Fashion,Shoes,2581,Tata Consumer
PROD02797,Lenovo LED Lamp,Home & Kitchen,LED Lamp,16531,Vijay Sales
PROD02798,Aashirvaad Headphones,Electronics,Headphones,102710,ITC Limited
PROD02799,Dell Cricket Bat,Sports,Cricket Bat,7842,Godrej Consumer
PROD02800,Puma Headphones,Electronics,Headphones,122200,Croma
PROD02801,Adidas Face Wash,Beauty,Face Wash,2823,
PROD02802,Samsung Rice,Grocery,Rice,2347,Amazon Seller
PROD02803,Mi Shoes,Fashion,Shoes,2347,Flipkart Seller
PROD02804,OnePlus Shoes,Fashion,Shoes,7165,Tata Consumer
PROD02805,Reliance Novel,Books,Novel,2171,BigBasket
PROD02806,Boat Perfume,Beauty,Perfume,1333,Reliance Retail
PROD02807,OnePlus LED Lamp,Home & Kitchen,LED Lamp,27142,Reliance Retail
PROD02808,Apple Pressure Cooker,Home & Kitchen,Pressure Cooker,32529,ITC Limited
PROD02809,Puma Perfume,Beauty,Perfume,2736,Tata Consumer
PROD02810,Lenovo Badminton Racket,Sports,Badminton Racket,18679,Flipkart Seller
PROD02811,Prestige Headphones,Electronics,Headphones,103483,Amazon Seller
PROD02812,Sony Rice,Grocery,Rice,2179,Flipkart Seller
PROD02813,Dell Women Dress,Fashion,Women Dress,7424,Flipkart Seller
PROD02814,HP Headphones,Electronics,Headphones,49753,ITC Limited
PROD02815,Apple Shampoo,Beauty,Shampoo,3525,Vijay Sales
PROD02816,Samsung Smart Watch,Electronics,Smart Watch,119158,BigBasket
PROD02817,Lenovo Dumbbell,Sports,Dumbbell,11063,Godrej Consumer
PROD02818,Sony LED Lamp,Home & Kitchen,LED Lamp,9774,BigBasket
PROD02819,OnePlus Novel,Books,Novel,1670,ITC Limited
PROD02820,HP Biography,Books,Biography,2045,DMart
PROD02821,Sony Pressure Cooker,Home & Kitchen,Pressure Cooker,34865,Tata Consumer
PROD02822,Godrej Smart Watch,Electronics,Smart Watch,51982,Amazon Seller
PROD02823,Tata Face Wash,Beauty,Face Wash,2654,DMart
PROD02824,Apple Men T-Shirt,Fashion,Men T-Shirt,4056,Croma
PROD02825,OnePlus Mobile,Electronics,Mobile,127865,Godrej Consumer
PROD02826,Amul Men T-Shirt,Fashion,Men T-Shirt,5512,ITC Limited
PROD02827,Tata Jeans,Fashion,Jeans,7901,DMart
PROD02828,Godrej Dining Table,Home & Kitchen,Dining Table,38803,BigBasket
PROD02829,Aashirvaad LED Lamp,Home & Kitchen,LED Lamp,17195,ITC Limited
PROD02830,Prestige Novel,Books,Novel,774,Flipkart Seller
PROD02831,Nike Football,Sports,Football,6343,BigBasket
PROD02832,LG Academic Book,Books,Academic Book,2289,Godrej Consumer
PROD02833,Boat Badminton Racket,Sports,Badminton Racket,19363,Godrej Consumer
PROD02834,OnePlus Biography,Books,Biography,2089,DMart
PROD02835,Puma Men T-Shirt,Fashion,Men T-Shirt,2073,Flipkart Seller
PROD02836,LG Spices,Grocery,Spices,637,Amazon Seller
PROD02837,Boat Face Wash,Beauty,Face Wash,737,Reliance Retail
PROD03064,Amul Tea Powder,Grocery,Tea Powder,1876,DMart
PROD02839,Lenovo Dining Table,Home & Kitchen,Dining Table,8187,DMart
PROD02840,Aashirvaad Children Book,Books,Children Book,1729,Tata Consumer
PROD02841,Lenovo Dining Table,Home & Kitchen,Dining Table,-753,ITC Limited
PROD02842,Bajaj Television,Electronics,Television,48546,BigBasket
PROD02843,Godrej Football,Sports,Football,18866,Tata Consumer
PROD02844,Samsung Perfume,Beauty,,4670,Vijay Sales
PROD02845,Sony Dumbbell,Sports,Dumbbell,1328,Croma
PROD02846,Amul Biscuits,Grocery,Biscuits,1787,DMart
PROD02847,Aashirvaad Novel,Books,Novel,1682,Amazon Seller
PROD02848,Bajaj Cricket Bat,Sports,Cricket Bat,14986,Croma
PROD02849,Tata Novel,Books,Novel,1421,Croma
PROD02850,Nike Smart Watch,Electronics,Smart Watch,136804,Reliance Retail
PROD02851,Reliance Biography,Books,Biography,1276,Tata Consumer
PROD02852,Nike Face Wash,Beauty,Face Wash,2346,Reliance Retail
PROD02853,HP Academic Book,Books,Academic Book,2011,Tata Consumer
PROD02854,Apple Shoes,Fashion,Shoes,6914,Flipkart Seller
PROD02855,Tata Smart Watch,Electronics,Smart Watch,45158,Amazon Seller
PROD02856,Prestige Cooking Oil,Grocery,Cooking Oil,1768,Flipkart Seller
PROD02857,Reliance Headphones,Electronics,Headphones,87375,Flipkart Seller
PROD02858,Nike Spices,Grocery,Spices,845,Godrej Consumer
PROD02859,Boat Cricket Bat,Sports,Cricket Bat,27935,Croma
PROD02860,Mi Football,Sports,Football,24162,Croma
PROD02861,Aashirvaad Academic Book,Books,Academic Book,1855,Reliance Retail
PROD02862,Lenovo Laptop,Electronics,Laptop,43669,BigBasket
PROD02863,Dell Laptop,Electronics,Laptop,16667,BigBasket
PROD02864,Lenovo Novel,Books,Novel,1826,Amazon Seller
PROD02865,Adidas Cricket Bat,Sports,Cricket Bat,9470,ITC Limited
PROD02866,Boat Mixer Grinder,Home & Kitchen,Mixer Grinder,31056,Godrej Consumer
PROD02867,Mi Rice,Grocery,Rice,1946,Flipkart Seller
PROD02868,Sony Mobile,Electronics,Mobile,27653,Amazon Seller
PROD02869,Tata LED Lamp,Home & Kitchen,LED Lamp,11597,Reliance Retail
PROD02870,Dell Jeans,Fashion,Jeans,965,DMart
PROD02871,LG Pressure Cooker,Home & Kitchen,Pressure Cooker,20848,Reliance Retail
PROD02872,Sony Perfume,Beauty,Perfume,2385,Amazon Seller
PROD02873,Godrej Biography,Books,Biography,1075,DMart
PROD02874,Sony Pressure Cooker,Home & Kitchen,Pressure Cooker,19828,BigBasket
PROD02875,Nike Badminton Racket,Sports,Badminton Racket,3528,Tata Consumer
PROD02876,Amul LED Lamp,Home & Kitchen,LED Lamp,23362,ITC Limited
PROD02877,Reliance Shampoo,Beauty,Shampoo,4894,Vijay Sales
PROD02878,Mi Handbag,Fashion,Handbag,2025,Vijay Sales
PROD02879,Bajaj Dining Table,Home & Kitchen,Dining Table,22925,ITC Limited
PROD02880,Prestige Biography,Books,Biography,2252,DMart
PROD02881,Dell Pressure Cooker,Home & Kitchen,Pressure Cooker,17594,Reliance Retail
PROD02882,Sony Television,Electronics,Television,129573,Amazon Seller
PROD02883,Amul Perfume,Beauty,Perfume,4718,Vijay Sales
PROD02884,Boat Cricket Bat,Sports,Cricket Bat,23479,Flipkart Seller
PROD02885,Tata Dumbbell,Sports,Dumbbell,5701,Vijay Sales
PROD02886,Boat Perfume,Beauty,Perfume,920,Amazon Seller
PROD02887,Sony Dining Table,Home & Kitchen,Dining Table,31094,ITC Limited
PROD02888,Dell Men T-Shirt,Fashion,Men T-Shirt,6929,Godrej Consumer
PROD02889,Aashirvaad Lipstick,Beauty,Lipstick,3979,DMart
PROD02890,OnePlus Dining Table,Home & Kitchen,Dining Table,22643,Tata Consumer
PROD02891,Adidas Badminton Racket,Sports,Badminton Racket,1814,DMart
PROD02892,Samsung Spices,Grocery,Spices,1774,Vijay Sales
PROD02893,Mi Tea Powder,Grocery,Tea Powder,1691,Godrej Consumer
PROD02894,Lenovo Laptop,Electronics,Laptop,48616,BigBasket
PROD02895,Mi Novel,Books,Novel,721,Amazon Seller
PROD02896,Reliance Dumbbell,Sports,Dumbbell,3462,BigBasket
PROD02897,Amul Cooking Oil,Grocery,Cooking Oil,1928,Vijay Sales
PROD02898,Tata Shoes,Fashion,Shoes,5695,Amazon Seller
PROD02899,Adidas Women Dress,Fashion,Women Dress,2819,Flipkart Seller
PROD02900,Bajaj Women Dress,Fashion,Women Dress,3876,Flipkart Seller
PROD02901,LG Football,Sports,Football,22936,ITC Limited
PROD02902,Tata Tea Powder,Grocery,Tea Powder,2005,Amazon Seller
PROD02903,HP Mixer Grinder,Home & Kitchen,Mixer Grinder,36533,Vijay Sales
PROD02904,HP Football,Sports,Football,22403,Vijay Sales
PROD02905,Puma Biscuits,Grocery,Biscuits,442,Vijay Sales
PROD02906,LG Jeans,Fashion,Jeans,3575,Croma
PROD02907,OnePlus Sofa,Home & Kitchen,Sofa,26311,ITC Limited
PROD02908,HP Smart Watch,Electronics,Smart Watch,12050,DMart
PROD02909,Puma Novel,Books,Novel,1661,Croma
PROD02910,Tata LED Lamp,Home & Kitchen,LED Lamp,40514,Godrej Consumer
PROD02911,Prestige Biscuits,Grocery,Biscuits,2694,DMart
PROD02912,Bajaj Shoes,Fashion,Shoes,662,DMart
PROD02913,Prestige Sofa,Home & Kitchen,Sofa,22755,Vijay Sales
PROD02914,Godrej Football,Sports,Football,5439,BigBasket
PROD02915,HP Sofa,Home & Kitchen,Sofa,2782,BigBasket
PROD02916,Sony Shampoo,Beauty,Shampoo,3362,ITC Limited
PROD02917,Dell Rice,Grocery,Rice,388,Croma
PROD02918,Aashirvaad Cricket Bat,Sports,Cricket Bat,26830,Reliance Retail
PROD02919,LG Jeans,Fashion,Jeans,5007,ITC Limited
PROD02920,Tata Lipstick,Beauty,Lipstick,4082,Vijay Sales
PROD02921,Adidas Face Wash,Beauty,Face Wash,3581,BigBasket
PROD02922,OnePlus Cricket Bat,Sports,Cricket Bat,26947,Tata Consumer
PROD02923,HP Biography,Books,Biography,1522,ITC Limited
PROD02924,Sony Mixer Grinder,Home & Kitchen,Mixer Grinder,28291,ITC Limited
PROD02925,Prestige Biscuits,Grocery,Biscuits,665,Reliance Retail
PROD02926,Nike LED Lamp,Home & Kitchen,LED Lamp,13450,ITC Limited
PROD02927,Dell Spices,Grocery,Spices,1831,Reliance Retail
PROD02928,Reliance Perfume,Beauty,Perfume,1095,Tata Consumer
PROD02929,Reliance Perfume,Beauty,Perfume,3125,BigBasket
PROD02930,Adidas Perfume,Beauty,Perfume,292,ITC Limited
PROD02931,Adidas Pressure Cooker,Home & Kitchen,Pressure Cooker,23888,Vijay Sales
PROD02932,Boat Headphones,Electronics,Headphones,83035,Reliance Retail
PROD02933,Amul Academic Book,Books,Academic Book,299,ITC Limited
PROD02934,Puma Badminton Racket,Sports,Badminton Racket,6242,Flipkart Seller
PROD02935,LG Academic Book,Books,Academic Book,742,Tata Consumer
PROD02936,Amul Perfume,Beauty,Perfume,3852,Godrej Consumer
PROD02937,Mi Handbag,Fashion,Handbag,4055,Reliance Retail
PROD02938,Amul Smart Watch,Electronics,Smart Watch,15036,Amazon Seller
PROD02939,Aashirvaad Academic Book,Books,Academic Book,2249,Flipkart Seller
PROD02940,Godrej Dining Table,Home & Kitchen,Dining Table,26762,Reliance Retail
PROD02941,Prestige Jeans,Fashion,Jeans,7155,Vijay Sales
PROD02942,Mi Laptop,Electronics,Laptop,73413,BigBasket
PROD02943,Reliance Novel,Books,Novel,1682,Godrej Consumer
PROD02944,Godrej Shampoo,Beauty,Shampoo,2351,Amazon Seller
PROD02945,Reliance LED Lamp,Home & Kitchen,LED Lamp,40124,Vijay Sales
PROD02946,Nike Jeans,Fashion,Jeans,341,Vijay Sales
PROD02947,Godrej Men T-Shirt,Fashion,Men T-Shirt,5683,Amazon Seller
PROD02948,Dell Dining Table,Home & Kitchen,Dining Table,39761,Croma
PROD02949,Puma Laptop,Electronics,Laptop,9737,Croma
PROD02950,OnePlus Men T-Shirt,Fashion,Men T-Shirt,2657,Godrej Consumer
PROD02951,Mi Biscuits,Grocery,Biscuits,1773,Godrej Consumer
PROD02952,Aashirvaad LED Lamp,Home & Kitchen,LED Lamp,31669,ITC Limited
PROD02953,Boat Smart Watch,Electronics,Smart Watch,88792,Croma
PROD02954,LG Biscuits,Grocery,Biscuits,1942,Tata Consumer
PROD02955,Sony Handbag,Fashion,Handbag,5813,Vijay Sales
PROD02956,Reliance Sofa,Home & Kitchen,Sofa,43799,Godrej Consumer
PROD02957,Apple Headphones,Electronics,Headphones,95518,Flipkart Seller
PROD02958,Amul Handbag,Fashion,Handbag,2790,BigBasket
PROD02959,Dell Tea Powder,Grocery,Tea Powder,2812,Tata Consumer
PROD02960,OnePlus Laptop,Electronics,Laptop,48708,Godrej Consumer
PROD02961,Godrej LED Lamp,Home & Kitchen,LED Lamp,27723,Reliance Retail
PROD02962,Apple Tea Powder,Grocery,Tea Powder,2060,DMart
PROD02963,Aashirvaad Shampoo,Beauty,Shampoo,1111,Flipkart Seller
PROD02964,Bajaj Shampoo,Beauty,Shampoo,-2470,Godrej Consumer
PROD02965,Sony Pressure Cooker,Home & Kitchen,Pressure Cooker,48633,Vijay Sales
PROD02966,Amul Children Book,Books,Children Book,1041,Vijay Sales
PROD02967,Boat Biography,Books,Biography,1637,Flipkart Seller
PROD02968,Lenovo Dumbbell,Sports,Dumbbell,18051,ITC Limited
PROD02969,Aashirvaad Shampoo,Beauty,Shampoo,4153,Tata Consumer
PROD02970,Sony Sofa,Home & Kitchen,Sofa,12140,Vijay Sales
PROD02971,Apple Mixer Grinder,Home & Kitchen,Mixer Grinder,22392,Tata Consumer
PROD02972,Samsung Football,Sports,Football,13061,Godrej Consumer
PROD02973,Godrej Badminton Racket,Sports,Badminton Racket,13944,DMart
PROD02974,OnePlus Cricket Bat,Sports,Cricket Bat,7846,Amazon Seller
PROD02975,OnePlus Academic Book,Books,Academic Book,2487,Vijay Sales
PROD02976,OnePlus Smart Watch,Electronics,Smart Watch,70520,Amazon Seller
PROD02977,Prestige Children Book,Books,Children Book,1666,Reliance Retail
PROD02978,Apple Badminton Racket,Sports,Badminton Racket,17255,DMart
PROD02979,Dell Cooking Oil,Grocery,Cooking Oil,1561,DMart
PROD02980,Bajaj Shoes,Fashion,Shoes,2943,Amazon Seller
PROD02981,Tata Mixer Grinder,Home & Kitchen,Mixer Grinder,14066,Godrej Consumer
PROD02982,Puma Lipstick,Beauty,Lipstick,3734,DMart
PROD02983,Dell Cooking Oil,Grocery,Cooking Oil,2098,Flipkart Seller
PROD02984,Boat Spices,Grocery,Spices,702,DMart
PROD02985,Tata Face Wash,Beauty,Face Wash,364,Vijay Sales
PROD02986,HP Spices,Grocery,Spices,-1501,Flipkart Seller
PROD02987,Nike Biscuits,Grocery,Biscuits,2982,ITC Limited
PROD02988,Apple Television,Electronics,Television,11218,Tata Consumer
PROD02989,Adidas Face Wash,Beauty,Face Wash,3363,Reliance Retail
PROD02990,Lenovo Sofa,Home & Kitchen,Sofa,41739,Tata Consumer
PROD02991,Samsung Face Wash,Beauty,Face Wash,1295,BigBasket
PROD02992,Samsung Spices,Grocery,Spices,742,Croma
PROD02993,LG Perfume,Beauty,Perfume,2091,Tata Consumer
PROD02994,Samsung Jeans,Fashion,Jeans,3003,Flipkart Seller
PROD02995,Puma Lipstick,Beauty,Lipstick,2229,Croma
PROD02996,Boat Sofa,Home & Kitchen,Sofa,30015,BigBasket
PROD02997,OnePlus Biography,Books,Biography,296,Amazon Seller
PROD02998,Adidas Handbag,Fashion,Handbag,512,DMart
PROD02999,Amul LED Lamp,Home & Kitchen,LED Lamp,47279,BigBasket
PROD03000,Mi Pressure Cooker,Home & Kitchen,Pressure Cooker,42042,BigBasket
PROD03001,Adidas Lipstick,Beauty,Lipstick,1365,Amazon Seller
PROD03002,Adidas Handbag,Fashion,Handbag,7338,Vijay Sales
PROD03003,Tata Pressure Cooker,Home & Kitchen,Pressure Cooker,14371,Godrej Consumer
PROD03004,Mi Pressure Cooker,Home & Kitchen,Pressure Cooker,1290,BigBasket
PROD03005,Lenovo LED Lamp,Home & Kitchen,LED Lamp,27097,Tata Consumer
PROD03006,Amul Novel,Books,Novel,788,Godrej Consumer
PROD03007,Boat Spices,Grocery,Spices,2193,Croma
PROD03008,Sony Lipstick,Beauty,Lipstick,4402,Tata Consumer
PROD03009,Aashirvaad Shoes,Fashion,Shoes,416,Flipkart Seller
PROD03010,Adidas Pressure Cooker,Home & Kitchen,Pressure Cooker,14028,DMart
PROD03011,OnePlus Jeans,Fashion,Jeans,6673,Flipkart Seller
PROD03012,Amul Football,Sports,Football,16844,Tata Consumer
PROD03013,Lenovo Academic Book,Books,Academic Book,1085,DMart
PROD03014,Aashirvaad Mixer Grinder,Home & Kitchen,Mixer Grinder,41551,Flipkart Seller
PROD03015,Prestige LED Lamp,Home & Kitchen,LED Lamp,18291,ITC Limited
PROD03016,Reliance Academic Book,Books,Academic Book,1979,Godrej Consumer
PROD03017,Puma Novel,Books,Novel,1198,Amazon Seller
PROD03018,Puma Football,Sports,Football,23098,Tata Consumer
PROD03019,OnePlus Men T-Shirt,Fashion,Men T-Shirt,2477,ITC Limited
PROD03020,Bajaj Mixer Grinder,Home & Kitchen,Mixer Grinder,48559,Flipkart Seller
PROD03021,Adidas Handbag,Fashion,Handbag,798,DMart
PROD03022,Mi Women Dress,Fashion,Women Dress,6539,Godrej Consumer
PROD03023,Samsung Lipstick,Beauty,Lipstick,4498,Reliance Retail
PROD03024,Bajaj Mixer Grinder,Home & Kitchen,Mixer Grinder,31845,Flipkart Seller
PROD03025,HP Face Wash,Beauty,Face Wash,1717,Flipkart Seller
PROD03026,OnePlus Novel,Books,Novel,2145,BigBasket
PROD03027,Mi Academic Book,Books,Academic Book,1910,Flipkart Seller
PROD03028,Bajaj Badminton Racket,Sports,Badminton Racket,19798,Godrej Consumer
PROD03029,Tata Biscuits,Grocery,Biscuits,1081,Vijay Sales
PROD03030,HP Biography,Books,Biography,873,Croma
PROD03031,Lenovo Children Book,Books,Children Book,1312,BigBasket
PROD03032,Puma LED Lamp,Home & Kitchen,LED Lamp,22857,BigBasket
PROD03033,Dell Dumbbell,Sports,Dumbbell,4152,Amazon Seller
PROD03034,Boat Face Wash,Beauty,Face Wash,4274,Tata Consumer
PROD03035,Sony Shampoo,Beauty,Shampoo,637,Vijay Sales
PROD03036,Samsung Dumbbell,Sports,Dumbbell,28746,Tata Consumer
PROD03037,Sony LED Lamp,Home & Kitchen,LED Lamp,13187,Flipkart Seller
PROD03038,Bajaj Cooking Oil,Grocery,Cooking Oil,1308,ITC Limited
PROD03039,Lenovo Dining Table,Home & Kitchen,Dining Table,31424,Flipkart Seller
PROD03040,OnePlus Dumbbell,Sports,Dumbbell,7390,Godrej Consumer
PROD03041,Boat Football,Sports,Football,5624,DMart
PROD03042,Sony Biscuits,Grocery,Biscuits,696,Godrej Consumer
PROD03043,Boat Football,Sports,Football,17423,Tata Consumer
PROD03044,Nike Badminton Racket,Sports,Badminton Racket,7994,BigBasket
PROD03045,Amul Perfume,Beauty,Perfume,1287,BigBasket
PROD03046,Boat Dining Table,Home & Kitchen,Dining Table,29972,BigBasket
PROD03047,Godrej Lipstick,Beauty,Lipstick,146,Vijay Sales
PROD03048,Amul Headphones,Electronics,Headphones,41681,Tata Consumer
PROD03049,Tata Tea Powder,Grocery,Tea Powder,2934,DMart
PROD03050,Adidas Jeans,Fashion,Jeans,7120,Croma
PROD03051,Godrej Smart Watch,Electronics,Smart Watch,105245,Croma
PROD03052,Bajaj Novel,Books,Novel,2210,Tata Consumer
PROD03053,Samsung Tea Powder,Grocery,Tea Powder,354,DMart
PROD03054,HP Jeans,Fashion,Jeans,6208,Godrej Consumer
PROD03055,Aashirvaad Face Wash,Beauty,Face Wash,4089,DMart
PROD03056,Mi LED Lamp,Home & Kitchen,LED Lamp,25077,Reliance Retail
PROD03057,Boat Mobile,Electronics,Mobile,77363,ITC Limited
PROD03058,Adidas Sofa,Home & Kitchen,Sofa,7776,Tata Consumer
PROD03059,Boat Men T-Shirt,Fashion,Men T-Shirt,6650,Vijay Sales
PROD03060,LG Cooking Oil,Grocery,Cooking Oil,2465,BigBasket
PROD03061,Apple Novel,Books,Novel,510,Tata Consumer
PROD03062,Mi Jeans,Fashion,Jeans,4777,BigBasket
PROD03063,Tata Biography,Books,Biography,725,Flipkart Seller
PROD03064,Amul Tea Powder,Grocery,Tea Powder,1876,DMart
PROD03065,Dell Jeans,Fashion,Jeans,2165,Tata Consumer
PROD03066,Bajaj Dining Table,Home & Kitchen,Dining Table,44911,BigBasket
PROD03067,Tata LED Lamp,Home & Kitchen,LED Lamp,9692,Flipkart Seller
PROD03068,Godrej Badminton Racket,Sports,Badminton Racket,13486,Tata Consumer
PROD03069,Lenovo Rice,Grocery,Rice,296,ITC Limited
PROD03070,Mi Mixer Grinder,Home & Kitchen,Mixer Grinder,29152,Reliance Retail
PROD03071,Apple Biography,Books,Biography,2165,BigBasket
PROD03072,Prestige Biography,Books,Biography,459,Godrej Consumer
PROD03073,Samsung Television,Electronics,Television,144398,Amazon Seller
PROD03074,Prestige Spices,Grocery,Spices,2400,Tata Consumer
PROD03075,Prestige Novel,Books,Novel,1915,BigBasket
PROD03076,LG Lipstick,Beauty,Lipstick,2806,Flipkart Seller
PROD03077,Boat Handbag,Fashion,Handbag,4019,ITC Limited
PROD03078,Tata Biscuits,Grocery,Biscuits,1694,Godrej Consumer
PROD03079,OnePlus Mixer Grinder,Home & Kitchen,Mixer Grinder,26055,Reliance Retail
PROD03080,Boat Laptop,Electronics,Laptop,116974,Amazon Seller
PROD03081,Mi Pressure Cooker,Home & Kitchen,Pressure Cooker,44706,Croma
PROD03082,Bajaj Children Book,Books,Children Book,1602,Godrej Consumer
PROD03083,LG Women Dress,Fashion,Women Dress,1988,BigBasket
PROD03084,Tata Men T-Shirt,Fashion,Men T-Shirt,4669,Godrej Consumer
PROD03085,LG Rice,Grocery,Rice,2262,Croma
PROD03086,Boat Smart Watch,Electronics,Smart Watch,65320,DMart
PROD03087,Sony Jeans,Fashion,Jeans,3775,BigBasket
PROD03088,Amul Women Dress,Fashion,Women Dress,523,Amazon Seller
PROD03089,Aashirvaad Face Wash,Beauty,Face Wash,308,Tata Consumer
PROD03090,Aashirvaad Cooking Oil,Grocery,Cooking Oil,251,Tata Consumer
PROD03091,Bajaj Lipstick,Beauty,Lipstick,1784,Vijay Sales
PROD03092,Prestige Academic Book,Books,Academic Book,867,ITC Limited
PROD03093,Sony Academic Book,Books,Academic Book,1008,Flipkart Seller
PROD03094,Boat Perfume,Beauty,Perfume,3500,DMart
PROD03095,Lenovo Men T-Shirt,Fashion,Men T-Shirt,3247,Tata Consumer
PROD03096,Samsung LED Lamp,Home & Kitchen,LED Lamp,30446,Reliance Retail
PROD03097,Godrej Headphones,Electronics,Headphones,109938,Flipkart Seller
PROD03098,Adidas Dining Table,Home & Kitchen,Dining Table,4779,Vijay Sales
PROD03099,Puma Tea Powder,Grocery,Tea Powder,2922,Flipkart Seller
PROD03100,HP Badminton Racket,Sports,Badminton Racket,1019,BigBasket
PROD03101,Reliance Dumbbell,Sports,Dumbbell,5111,DMart
PROD03102,Tata Handbag,Fashion,Handbag,1348,ITC Limited
PROD03103,HP Women Dress,Fashion,Women Dress,6544,Reliance Retail
PROD03104,Bajaj Television,Electronics,Television,81830,Croma
PROD03105,Sony Children Book,Books,Children Book,1867,Amazon Seller
PROD03106,LG Handbag,Fashion,Handbag,6378,Amazon Seller
PROD03107,Sony Mixer Grinder,Home & Kitchen,Mixer Grinder,2464,Tata Consumer
PROD03108,Aashirvaad Jeans,Fashion,Jeans,5422,Croma
PROD03109,OnePlus Tea Powder,Grocery,Tea Powder,1365,Reliance Retail
PROD03110,Boat Rice,Grocery,Rice,166,Tata Consumer
PROD03111,Godrej Laptop,Electronics,Laptop,17189,ITC Limited
PROD03112,Sony Shampoo,Beauty,Shampoo,920,Reliance Retail
PROD03113,Prestige Pressure Cooker,Home & Kitchen,Pressure Cooker,28017,Flipkart Seller
PROD03114,Dell Headphones,Electronics,Headphones,113809,ITC Limited
PROD03115,OnePlus Shampoo,Beauty,Shampoo,105,BigBasket
PROD03116,Nike Lipstick,Beauty,Lipstick,1150,Croma
PROD03117,OnePlus Dumbbell,Sports,Dumbbell,22403,Flipkart Seller
PROD03118,Mi Lipstick,Beauty,Lipstick,1707,Amazon Seller
PROD03119,LG Handbag,Fashion,Handbag,6898,Amazon Seller
PROD03120,Samsung Men T-Shirt,Fashion,Men T-Shirt,6175,Vijay Sales
PROD03121,Samsung LED Lamp,Home & Kitchen,LED Lamp,16869,DMart
PROD03122,Adidas Pressure Cooker,Home & Kitchen,Pressure Cooker,22036,Tata Consumer
PROD03123,LG Dumbbell,Sports,Dumbbell,11246,Vijay Sales
PROD03124,Mi Pressure Cooker,Home & Kitchen,Pressure Cooker,-1432,Reliance Retail
PROD03125,Reliance Badminton Racket,Sports,Badminton Racket,26524,DMart
PROD03126,LG Men T-Shirt,Fashion,Men T-Shirt,5498,Reliance Retail
PROD03127,Sony Cooking Oil,Grocery,Cooking Oil,1675,Croma
PROD03128,HP Television,Electronics,Television,131837,Croma
PROD03129,Aashirvaad Handbag,Fashion,Handbag,4003,DMart
PROD03130,Apple Perfume,Beauty,Perfume,3703,Flipkart Seller
PROD03131,Lenovo Dumbbell,Sports,Dumbbell,11554,Croma
PROD03132,Boat Jeans,Fashion,Jeans,6910,Tata Consumer
PROD03133,Dell Spices,Grocery,Spices,2766,Flipkart Seller
PROD03134,Lenovo Dumbbell,Sports,Dumbbell,9113,Flipkart Seller
PROD03135,Godrej Tea Powder,Grocery,Tea Powder,2680,Reliance Retail
PROD03136,Samsung Novel,Books,Novel,-475,Tata Consumer
PROD03137,Samsung Rice,Grocery,Rice,2304,BigBasket
PROD03138,Adidas Jeans,Fashion,,4007,Vijay Sales
PROD03139,Lenovo Academic Book,Books,Academic Book,897,Vijay Sales
PROD03140,Bajaj Spices,Grocery,Spices,630,DMart
PROD03141,Bajaj Rice,Grocery,Rice,1499,ITC Limited
PROD03142,Mi Novel,Books,Novel,2323,ITC Limited
PROD03143,Amul Television,Electronics,Television,146415,DMart
PROD03144,Amul Football,Sports,Football,5701,Flipkart Seller
PROD03145,OnePlus Football,Sports,Football,7914,Amazon Seller
PROD03146,Bajaj Children Book,Books,Children Book,0,Reliance Retail
PROD03147,Aashirvaad Perfume,Beauty,Perfume,4374,Vijay Sales
PROD03148,Boat Lipstick,Beauty,Lipstick,1215,BigBasket
PROD03149,Nike Mobile,Electronics,Mobile,86685,DMart
PROD03150,Reliance Cricket Bat,Sports,Cricket Bat,25245,Vijay Sales
PROD03151,HP Women Dress,Fashion,Women Dress,7037,Amazon Seller
PROD03152,Aashirvaad Cooking Oil,Grocery,Cooking Oil,703,Vijay Sales
PROD03153,Puma Shampoo,Beauty,Shampoo,2970,Flipkart Seller
PROD03154,LG Jeans,Fashion,Jeans,7612,Vijay Sales
PROD03155,LG Television,Electronics,Television,58957,Tata Consumer
PROD03156,Boat Jeans,Fashion,Jeans,388,Flipkart Seller
PROD03157,Lenovo Biography,Books,Biography,570,Godrej Consumer
PROD03158,Dell Shampoo,Beauty,Shampoo,2547,Flipkart Seller
PROD03159,LG Children Book,Books,Children Book,438,Croma
PROD03160,Aashirvaad Mixer Grinder,Home & Kitchen,Mixer Grinder,17241,Flipkart Seller
PROD03161,Godrej Badminton Racket,Sports,Badminton Racket,19668,Amazon Seller
PROD03162,Adidas Badminton Racket,Sports,Badminton Racket,7860,ITC Limited
PROD03163,OnePlus Mobile,Electronics,Mobile,100040,DMart
PROD03164,Godrej Biscuits,Grocery,Biscuits,1777,Reliance Retail
PROD03165,Nike Cricket Bat,Sports,Cricket Bat,28101,BigBasket
PROD03166,Boat LED Lamp,Home & Kitchen,LED Lamp,28001,BigBasket
PROD03167,Tata Mixer Grinder,Home & Kitchen,Mixer Grinder,7127,Tata Consumer
PROD03168,HP Handbag,Fashion,Handbag,2113,Godrej Consumer
PROD03169,Samsung Perfume,Beauty,Perfume,4096,ITC Limited
PROD03170,OnePlus Children Book,Books,Children Book,2275,Vijay Sales
PROD03171,Samsung Television,Electronics,Television,30841,Godrej Consumer
PROD03172,Puma Mobile,Electronics,Mobile,99555,Godrej Consumer
PROD03173,Aashirvaad Badminton Racket,Sports,Badminton Racket,24036,Reliance Retail
PROD03174,Dell Sofa,Home & Kitchen,Sofa,38074,ITC Limited
PROD03175,Godrej Headphones,Electronics,Headphones,11721,DMart
PROD03176,Tata Novel,Books,Novel,1497,Flipkart Seller
PROD03177,Tata Sofa,Home & Kitchen,Sofa,48279,Tata Consumer
PROD03178,Amul Tea Powder,Grocery,Tea Powder,2847,Croma
PROD03179,Nike Pressure Cooker,Home & Kitchen,Pressure Cooker,29729,Reliance Retail
PROD03180,Nike Sofa,Home & Kitchen,Sofa,11024,DMart
PROD03181,Aashirvaad Biography,Books,Biography,1577,Amazon Seller
PROD03182,Prestige Biscuits,Grocery,Biscuits,1417,Croma
PROD03183,Boat Novel,Books,Novel,1402,Flipkart Seller
PROD03184,Aashirvaad Cricket Bat,Sports,Cricket Bat,10753,Godrej Consumer
PROD03185,Aashirvaad Shampoo,Beauty,Shampoo,1756,BigBasket
PROD03186,Amul Biscuits,Grocery,Biscuits,1430,Tata Consumer
PROD03187,Sony Pressure Cooker,Home & Kitchen,Pressure Cooker,21652,Reliance Retail
PROD03188,Mi Laptop,Electronics,Laptop,86402,ITC Limited
PROD03189,Apple Dumbbell,Sports,Dumbbell,18137,Amazon Seller
PROD03190,Bajaj Face Wash,Beauty,Face Wash,864,Flipkart Seller
PROD03191,Nike Badminton Racket,Sports,Badminton Racket,5276,Croma
PROD03192,Aashirvaad Biography,Books,Biography,694,Vijay Sales
PROD03193,OnePlus Smart Watch,Electronics,Smart Watch,26551,Croma
PROD03194,Reliance Shoes,Fashion,Shoes,2314,ITC Limited
PROD03195,Tata Jeans,Fashion,Jeans,4350,DMart
PROD03196,Puma Cooking Oil,Grocery,Cooking Oil,975,Tata Consumer
PROD03197,LG Football,Sports,Football,906,BigBasket
PROD03198,OnePlus Men T-Shirt,Fashion,Men T-Shirt,4258,Tata Consumer
PROD03199,Godrej Shampoo,Beauty,Shampoo,1624,ITC Limited
PROD03200,Mi Children Book,Books,Children Book,1735,BigBasket
PROD03201,Nike Dumbbell,Sports,Dumbbell,14633,Croma
PROD03202,Boat Pressure Cooker,Home & Kitchen,Pressure Cooker,35913,Croma
PROD03203,Boat Laptop,Electronics,Laptop,69722,ITC Limited
PROD03204,Samsung Novel,Books,Novel,2228,Tata Consumer
PROD03205,Samsung Biography,Books,Biography,1083,Croma
PROD03206,Dell Football,Sports,Football,9318,Godrej Consumer
PROD03207,Dell Rice,Grocery,Rice,2584,Tata Consumer
PROD03208,Prestige Lipstick,Beauty,Lipstick,1503,Reliance Retail
PROD03209,Apple Children Book,Books,Children Book,385,Croma
PROD03210,Prestige Shampoo,Beauty,Shampoo,3003,Flipkart Seller
PROD03211,Mi Dumbbell,Sports,Dumbbell,8757,Reliance Retail
PROD03212,Godrej Badminton Racket,Sports,Badminton Racket,23575,Amazon Seller
PROD03213,Dell Shampoo,Beauty,Shampoo,2638,ITC Limited
PROD03214,Boat Dumbbell,Sports,Dumbbell,8120,Godrej Consumer
PROD03215,Godrej Spices,Grocery,Spices,640,ITC Limited
PROD03216,Tata Dumbbell,Sports,Dumbbell,20475,Reliance Retail
PROD03217,Mi Dumbbell,Sports,Dumbbell,4421,Flipkart Seller
PROD03218,Lenovo Academic Book,Books,Academic Book,1844,Amazon Seller
PROD03219,Puma Football,Sports,Football,20210,Amazon Seller
PROD03220,Tata Cooking Oil,Grocery,Cooking Oil,2709,Tata Consumer
PROD03221,Boat Cricket Bat,Sports,Cricket Bat,3419,Flipkart Seller
PROD03222,Godrej Lipstick,Beauty,Lipstick,3223,Tata Consumer
PROD03223,Sony Jeans,Fashion,Jeans,1085,BigBasket
PROD03224,Godrej Pressure Cooker,Home & Kitchen,Pressure Cooker,17015,Tata Consumer
PROD03225,Nike Laptop,Electronics,Laptop,110231,DMart
PROD03226,Prestige Jeans,Fashion,Jeans,3082,Tata Consumer
PROD03227,Lenovo Rice,Grocery,Rice,1105,Reliance Retail
PROD03228,Apple Academic Book,Books,Academic Book,392,Croma
PROD03229,Tata Laptop,Electronics,Laptop,143705,Reliance Retail
PROD03230,Aashirvaad Smart Watch,Electronics,Smart Watch,85285,Reliance Retail
PROD03231,Mi Spices,Grocery,Spices,1585,Flipkart Seller
PROD03232,OnePlus Women Dress,Fashion,Women Dress,4381,Amazon Seller
PROD03233,Amul Novel,Books,Novel,547,Amazon Seller
PROD03234,Mi Biography,Books,Biography,874,Tata Consumer
PROD03235,Lenovo Football,Sports,Football,5377,Tata Consumer
PROD03236,Reliance Television,Electronics,Television,145925,Flipkart Seller
PROD03237,Adidas Tea Powder,Grocery,Tea Powder,491,Croma
PROD03238,Mi Football,Sports,Football,17489,Amazon Seller
PROD03239,Bajaj Headphones,Electronics,Headphones,45698,Godrej Consumer
PROD03240,Apple Sofa,Home & Kitchen,Sofa,25983,Tata Consumer
PROD03241,Prestige Television,Electronics,Television,93694,DMart
PROD03242,Puma Pressure Cooker,Home & Kitchen,Pressure Cooker,32662,DMart
PROD03243,Reliance Biscuits,Grocery,Biscuits,1517,Reliance Retail
PROD03244,Lenovo Face Wash,Beauty,Face Wash,845,Croma
PROD03245,Apple Children Book,Books,Children Book,973,BigBasket
PROD03246,Dell Pressure Cooker,Home & Kitchen,Pressure Cooker,13478,BigBasket
PROD03247,Aashirvaad Badminton Racket,Sports,Badminton Racket,14758,Vijay Sales
PROD03248,Tata Headphones,Electronics,Headphones,133775,Flipkart Seller
PROD03249,HP LED Lamp,Home & Kitchen,LED Lamp,40454,Vijay Sales
PROD03250,Adidas Sofa,Home & Kitchen,Sofa,45330,Reliance Retail
PROD03251,Bajaj Academic Book,Books,Academic Book,515,BigBasket
PROD03252,Boat Novel,Books,Novel,346,ITC Limited
PROD03253,Adidas Mobile,Electronics,Mobile,105899,DMart
PROD03254,Reliance LED Lamp,Home & Kitchen,LED Lamp,45337,Vijay Sales
PROD03255,Lenovo Football,Sports,Football,12651,Reliance Retail
PROD03256,Dell Men T-Shirt,Fashion,Men T-Shirt,1821,DMart
PROD03257,Prestige Dumbbell,Sports,Dumbbell,23897,DMart
PROD03258,Mi Shampoo,Beauty,Shampoo,227,Reliance Retail
PROD03259,Samsung Shampoo,Beauty,Shampoo,2479,Reliance Retail
PROD03260,Sony Jeans,Fashion,Jeans,3494,DMart
PROD03261,Reliance Sofa,Home & Kitchen,Sofa,10718,Amazon Seller
PROD03262,OnePlus Novel,Books,Novel,1207,Vijay Sales
PROD03263,Bajaj Dumbbell,Sports,Dumbbell,29292,BigBasket
PROD03264,Godrej Face Wash,Beauty,Face Wash,3488,Vijay Sales
PROD03265,HP Pressure Cooker,Home & Kitchen,Pressure Cooker,17108,Godrej Consumer
PROD03266,Reliance Headphones,Electronics,Headphones,122736,Amazon Seller
PROD03267,Prestige Football,Sports,Football,21392,Flipkart Seller
PROD03268,HP Laptop,Electronics,Laptop,22432,Amazon Seller
PROD03269,Sony Biography,Books,Biography,1200,Vijay Sales
PROD03270,Adidas LED Lamp,Home & Kitchen,LED Lamp,19158,Godrej Consumer
PROD03271,Samsung Mixer Grinder,Home & Kitchen,Mixer Grinder,26380,DMart
PROD03272,HP Television,Electronics,Television,57635,Amazon Seller
PROD03273,HP Academic Book,Books,Academic Book,2111,Flipkart Seller
PROD03274,Reliance Laptop,Electronics,Laptop,106728,Amazon Seller
PROD03275,Puma Mobile,Electronics,Mobile,119281,Godrej Consumer
PROD03276,LG Sofa,Home & Kitchen,Sofa,29468,Godrej Consumer
PROD03277,Lenovo Rice,Grocery,Rice,824,DMart
PROD03278,Reliance Dumbbell,Sports,Dumbbell,19138,Reliance Retail
PROD03279,Nike Jeans,Fashion,Jeans,7851,Amazon Seller
PROD03280,Bajaj Sofa,Home & Kitchen,Sofa,42714,Reliance Retail
PROD03281,LG Lipstick,Beauty,Lipstick,2490,ITC Limited
PROD03282,Sony Laptop,Electronics,Laptop,55944,Croma
PROD03283,Tata Badminton Racket,Sports,Badminton Racket,29051,Tata Consumer
PROD03284,OnePlus Laptop,Electronics,Laptop,143557,BigBasket
PROD03285,LG Novel,Books,Novel,2391,Croma
PROD03286,Prestige Mobile,Electronics,Mobile,112459,ITC Limited
PROD03287,OnePlus Academic Book,Books,Academic Book,845,Croma
PROD03288,LG Mixer Grinder,Home & Kitchen,Mixer Grinder,7302,DMart
PROD03289,Tata Headphones,Electronics,Headphones,20313,Vijay Sales
PROD03290,Samsung Spices,Grocery,Spices,969,Reliance Retail
PROD03291,Tata Academic Book,Books,Academic Book,2101,Godrej Consumer
PROD00386,Adidas Badminton Racket,Sports,Badminton Racket,22966,Godrej Consumer
PROD03293,Puma Lipstick,Beauty,Lipstick,4118,Godrej Consumer
PROD03294,Dell Dining Table,Home & Kitchen,Dining Table,31900,Amazon Seller
PROD03295,Puma Perfume,Beauty,Perfume,1282,BigBasket
PROD03296,Aashirvaad Football,Sports,Football,8928,Amazon Seller
PROD03297,Godrej Mixer Grinder,Home & Kitchen,Mixer Grinder,20151,Amazon Seller
PROD03298,Godrej Headphones,Electronics,Headphones,146950,DMart
PROD03299,Amul Shampoo,Beauty,Shampoo,1804,Vijay Sales
PROD03300,Dell Lipstick,Beauty,Lipstick,3805,Tata Consumer
PROD03301,Amul Lipstick,Beauty,Lipstick,2867,Croma
PROD03302,LG Badminton Racket,Sports,Badminton Racket,24201,ITC Limited
PROD03303,Bajaj Women Dress,Fashion,Women Dress,6137,DMart
PROD03304,OnePlus Novel,Books,Novel,1638,Tata Consumer
PROD03305,Amul Children Book,Books,Children Book,1407,DMart
PROD03306,HP Shampoo,Beauty,Shampoo,990,ITC Limited
PROD03307,Adidas Badminton Racket,Sports,Badminton Racket,27792,Godrej Consumer
PROD03308,Bajaj Face Wash,Beauty,Face Wash,1879,Croma
PROD03309,Aashirvaad Novel,Books,Novel,2269,Vijay Sales
PROD03310,Tata Shoes,Fashion,Shoes,5984,DMart
PROD03311,Nike Shampoo,Beauty,Shampoo,4715,Amazon Seller
PROD03312,Mi Badminton Racket,Sports,Badminton Racket,26119,DMart
PROD03313,Boat Shoes,Fashion,Shoes,4138,DMart
PROD03314,HP Cooking Oil,Grocery,Cooking Oil,1345,Godrej Consumer
PROD03315,Lenovo Spices,Grocery,Spices,2622,Reliance Retail
PROD03316,Prestige Cricket Bat,Sports,Cricket Bat,3309,Reliance Retail
PROD03317,Boat Mobile,Electronics,Mobile,28579,Croma
PROD03318,LG Pressure Cooker,Home & Kitchen,Pressure Cooker,14459,BigBasket
PROD03319,Amul Rice,Grocery,Rice,2602,Croma
PROD03320,HP Children Book,Books,Children Book,1536,Amazon Seller
PROD03321,Samsung Dining Table,Home & Kitchen,Dining Table,37323,Amazon Seller
PROD04335,Godrej Women Dress,Fashion,Women Dress,1270,ITC Limited
PROD03323,Sony Children Book,Books,Children Book,2450,ITC Limited
PROD03324,Nike Badminton Racket,Sports,Badminton Racket,0,DMart
PROD03325,Dell Laptop,Electronics,Laptop,30446,Reliance Retail
PROD03326,HP Shoes,Fashion,Shoes,3407,Tata Consumer
PROD03327,Mi Men T-Shirt,Fashion,Men T-Shirt,5937,Croma
PROD03328,Dell Shampoo,Beauty,Shampoo,262,Tata Consumer
PROD03329,Boat Dumbbell,Sports,Dumbbell,3285,Croma
PROD03330,LG Laptop,Electronics,Laptop,83670,Vijay Sales
PROD03331,Bajaj Men T-Shirt,Fashion,Men T-Shirt,5495,Croma
PROD03332,Amul Mixer Grinder,Home & Kitchen,Mixer Grinder,40005,Tata Consumer
PROD03333,Mi Television,Electronics,Television,114507,Amazon Seller
PROD03334,Bajaj Dining Table,Home & Kitchen,Dining Table,34147,BigBasket
PROD03335,HP Academic Book,Books,Academic Book,1454,Amazon Seller
PROD03336,Adidas Laptop,Electronics,Laptop,73973,Tata Consumer
PROD03337,Reliance Perfume,Beauty,Perfume,2335,Tata Consumer
PROD03338,Boat Cricket Bat,Sports,Cricket Bat,18564,Reliance Retail
PROD03339,Tata Handbag,Fashion,Handbag,6318,Godrej Consumer
PROD03340,Aashirvaad Smart Watch,Electronics,Smart Watch,57335,Tata Consumer
PROD03341,Reliance Lipstick,Beauty,Lipstick,2314,Vijay Sales
PROD03342,Lenovo Dining Table,Home & Kitchen,Dining Table,28320,Vijay Sales
PROD03343,LG Dumbbell,Sports,Dumbbell,11845,BigBasket
PROD03344,HP Novel,Books,Novel,1303,BigBasket
PROD03345,Prestige Headphones,Electronics,Headphones,88522,ITC Limited
PROD03346,LG Mobile,Electronics,Mobile,33062,DMart
PROD03347,Amul Laptop,Electronics,Laptop,22028,Amazon Seller
PROD03348,Prestige Novel,Books,Novel,458,Reliance Retail
PROD03349,Boat Cricket Bat,Sports,Cricket Bat,29013,Godrej Consumer
PROD03350,Mi Laptop,Electronics,Laptop,125786,Croma
PROD03351,OnePlus Rice,Grocery,,549,Reliance Retail
PROD03352,Bajaj Football,Sports,Football,24947,Flipkart Seller
PROD03353,Prestige Men T-Shirt,Fashion,Men T-Shirt,331,Vijay Sales
PROD03354,Bajaj Cooking Oil,Grocery,Cooking Oil,254,Flipkart Seller
PROD03355,Lenovo Perfume,Beauty,Perfume,1678,Tata Consumer
PROD03356,HP Cooking Oil,Grocery,Cooking Oil,2529,Amazon Seller
PROD03357,Mi Perfume,Beauty,Perfume,601,Tata Consumer
PROD03358,Tata Handbag,Fashion,Handbag,951,Amazon Seller
PROD03359,LG Jeans,Fashion,Jeans,7494,ITC Limited
PROD03360,Samsung Novel,Books,Novel,460,DMart
PROD03361,Puma Jeans,Fashion,Jeans,1630,Vijay Sales
PROD03362,OnePlus Dumbbell,Sports,Dumbbell,14009,ITC Limited
PROD03363,Bajaj Dumbbell,Sports,Dumbbell,14476,BigBasket
PROD03364,Puma Tea Powder,Grocery,Tea Powder,2223,Reliance Retail
PROD03365,Adidas Dumbbell,Sports,Dumbbell,25216,Amazon Seller
PROD03366,Prestige Mobile,Electronics,Mobile,134478,Croma
PROD03367,OnePlus Cricket Bat,Sports,Cricket Bat,25261,Vijay Sales
PROD03368,Tata Headphones,Electronics,Headphones,28129,Croma
PROD03369,OnePlus Biography,Books,Biography,419,Godrej Consumer
PROD03370,Dell Dining Table,Home & Kitchen,Dining Table,23969,Tata Consumer
PROD03371,Adidas Sofa,Home & Kitchen,Sofa,32552,Croma
PROD03372,Puma Novel,Books,Novel,848,Reliance Retail
PROD03373,Godrej Dumbbell,Sports,Dumbbell,15735,Tata Consumer
PROD03374,Dell Sofa,Home & Kitchen,Sofa,30934,Tata Consumer
PROD03375,Aashirvaad Women Dress,Fashion,Women Dress,3737,Reliance Retail
PROD03376,Boat Cooking Oil,Grocery,Cooking Oil,1612,Amazon Seller
PROD03377,Tata Perfume,Beauty,Perfume,3658,Amazon Seller
PROD03378,Sony Handbag,Fashion,Handbag,2077,Flipkart Seller
PROD03379,HP Headphones,Electronics,Headphones,44295,BigBasket
PROD03380,Tata Pressure Cooker,Home & Kitchen,Pressure Cooker,33092,Vijay Sales
PROD03381,Apple Jeans,Fashion,Jeans,2574,DMart
PROD03382,OnePlus Shoes,Fashion,Shoes,6228,Tata Consumer
PROD03383,Sony Lipstick,Beauty,Lipstick,4092,Reliance Retail
PROD03384,Prestige Mixer Grinder,Home & Kitchen,Mixer Grinder,21686,Tata Consumer
PROD03385,LG Biography,Books,Biography,1113,ITC Limited
PROD03386,Godrej Shampoo,Beauty,Shampoo,4118,Reliance Retail
PROD03387,Boat Pressure Cooker,Home & Kitchen,Pressure Cooker,41817,BigBasket
PROD03388,OnePlus Badminton Racket,Sports,Badminton Racket,4492,Godrej Consumer
PROD03389,Adidas Handbag,Fashion,Handbag,3094,Croma
PROD03390,Amul Cooking Oil,Grocery,Cooking Oil,2365,Tata Consumer
PROD03391,Dell Mobile,Electronics,Mobile,101995,Vijay Sales
PROD03392,Boat Women Dress,Fashion,Women Dress,5938,DMart
PROD03393,HP Tea Powder,Grocery,Tea Powder,1199,ITC Limited
PROD03394,Boat LED Lamp,Home & Kitchen,LED Lamp,46265,DMart
PROD03395,Mi Jeans,Fashion,Jeans,7766,DMart
PROD03396,Puma Football,Sports,Football,16510,Godrej Consumer
PROD03397,Boat Face Wash,Beauty,Face Wash,4285,Flipkart Seller
PROD03398,OnePlus Shampoo,Beauty,Shampoo,2734,Flipkart Seller
PROD03399,Dell Children Book,Books,Children Book,1239,Flipkart Seller
PROD03400,Bajaj Lipstick,Beauty,Lipstick,2362,Amazon Seller
PROD03401,HP Mixer Grinder,Home & Kitchen,Mixer Grinder,16660,DMart
PROD03402,Boat Cricket Bat,Sports,Cricket Bat,12170,Godrej Consumer
PROD03403,Nike Shampoo,Beauty,Shampoo,2721,Tata Consumer
PROD03404,Apple LED Lamp,Home & Kitchen,LED Lamp,13611,DMart
PROD03405,Adidas Academic Book,Books,Academic Book,398,DMart
PROD03406,Puma Biography,Books,Biography,1690,Vijay Sales
PROD03407,Adidas Cricket Bat,Sports,Cricket Bat,9052,DMart
PROD03408,Tata Jeans,Fashion,Jeans,536,Vijay Sales
PROD03409,Dell Smart Watch,Electronics,Smart Watch,43696,Tata Consumer
PROD03410,Apple Badminton Racket,Sports,Badminton Racket,5643,Godrej Consumer
PROD03411,Samsung Perfume,Beauty,Perfume,2340,Tata Consumer
PROD03412,OnePlus Pressure Cooker,Home & Kitchen,Pressure Cooker,30209,BigBasket
PROD03413,LG Handbag,Fashion,Handbag,2944,Reliance Retail
PROD03414,Boat Mobile,Electronics,Mobile,149854,Tata Consumer
PROD03415,Boat Pressure Cooker,Home & Kitchen,Pressure Cooker,47718,Vijay Sales
PROD03416,Godrej Academic Book,Books,Academic Book,1476,Vijay Sales
PROD03417,OnePlus Jeans,Fashion,Jeans,7149,Reliance Retail
PROD03418,Boat Dumbbell,Sports,Dumbbell,19034,Godrej Consumer
PROD03419,Reliance Television,Electronics,Television,39568,Tata Consumer
PROD03420,LG Mobile,Electronics,Mobile,44733,Flipkart Seller
PROD03421,Puma Novel,Books,Novel,526,Croma
PROD03422,Prestige Dining Table,Home & Kitchen,Dining Table,27542,Croma
PROD03423,HP Rice,Grocery,Rice,1690,ITC Limited
PROD03424,Godrej Television,Electronics,Television,108806,Amazon Seller
PROD03425,Bajaj Academic Book,Books,Academic Book,1987,Amazon Seller
PROD03426,Puma Smart Watch,Electronics,Smart Watch,67721,Reliance Retail
PROD03427,Reliance Cricket Bat,Sports,Cricket Bat,21566,DMart
PROD03428,Reliance Face Wash,Beauty,Face Wash,1894,DMart
PROD03429,Lenovo Women Dress,Fashion,Women Dress,2917,Croma
PROD03430,Tata Lipstick,Beauty,Lipstick,4279,BigBasket
PROD03431,Godrej Face Wash,Beauty,Face Wash,4605,Flipkart Seller
PROD03432,Mi Laptop,Electronics,Laptop,14438,DMart
PROD03433,HP Handbag,Fashion,Handbag,358,Croma
PROD03434,Mi Cricket Bat,Sports,Cricket Bat,29389,Croma
PROD03435,Aashirvaad Novel,Books,Novel,1021,Amazon Seller
PROD03436,OnePlus Academic Book,Books,Academic Book,1302,BigBasket
PROD03437,Lenovo Biography,Books,Biography,1740,Amazon Seller
PROD03438,OnePlus Cooking Oil,Grocery,Cooking Oil,1099,Croma
PROD03439,Nike Jeans,Fashion,Jeans,3516,Flipkart Seller
PROD03440,Dell Dumbbell,Sports,Dumbbell,1444,Tata Consumer
PROD03441,Bajaj Children Book,Books,Children Book,907,Flipkart Seller
PROD03442,Samsung Headphones,Electronics,Headphones,58892,DMart
PROD03443,Adidas Spices,Grocery,Spices,2875,DMart
PROD03444,Amul Biography,Books,Biography,2049,Reliance Retail
PROD03445,Mi Football,Sports,Football,29670,BigBasket
PROD03446,Tata Handbag,Fashion,Handbag,2838,Reliance Retail
PROD03447,Boat Women Dress,Fashion,Women Dress,1990,Tata Consumer
PROD03448,Boat Badminton Racket,Sports,Badminton Racket,15503,Vijay Sales
PROD03449,HP Novel,Books,Novel,2116,ITC Limited
PROD03450,Puma Biography,Books,Biography,468,
PROD03451,Tata Mobile,Electronics,Mobile,18114,Reliance Retail
PROD03452,Adidas Mixer Grinder,Home & Kitchen,Mixer Grinder,29667,Vijay Sales
PROD03453,Samsung Football,Sports,Football,2254,Croma
PROD03454,Godrej Women Dress,Fashion,Women Dress,6377,Croma
PROD03455,Godrej Smart Watch,Electronics,Smart Watch,10870,BigBasket
PROD03456,Samsung Rice,Grocery,Rice,1287,Amazon Seller
PROD03457,,Home & Kitchen,Sofa,8385,Reliance Retail
PROD03458,Tata Shampoo,Beauty,Shampoo,1022,Flipkart Seller
PROD03459,Dell Football,Sports,Football,29001,Godrej Consumer
PROD03460,Nike Dumbbell,Sports,Dumbbell,1239,Godrej Consumer
PROD03461,LG Face Wash,Beauty,Face Wash,1865,Flipkart Seller
PROD03462,Tata Lipstick,Beauty,Lipstick,404,Tata Consumer
PROD03463,Godrej Lipstick,Beauty,Lipstick,1533,Reliance Retail
PROD03464,Prestige Academic Book,Books,Academic Book,1300,BigBasket
PROD03465,Bajaj Badminton Racket,Sports,Badminton Racket,26778,BigBasket
PROD03466,Bajaj Smart Watch,Electronics,Smart Watch,66556,Tata Consumer
PROD03467,Reliance Rice,Grocery,Rice,2356,Vijay Sales
PROD03468,Puma Children Book,Books,Children Book,343,BigBasket
PROD03469,OnePlus Mixer Grinder,Home & Kitchen,Mixer Grinder,24571,Tata Consumer
PROD03470,Apple Biscuits,Grocery,Biscuits,721,Croma
PROD03471,Apple Dumbbell,Sports,Dumbbell,18219,Amazon Seller
PROD03472,Godrej Dining Table,Home & Kitchen,Dining Table,11900,Godrej Consumer
PROD03473,Dell Perfume,Beauty,Perfume,2946,BigBasket
PROD03474,Apple Shoes,Fashion,Shoes,3640,Croma
PROD03475,OnePlus Face Wash,Beauty,Face Wash,2174,Amazon Seller
PROD03476,Dell Dining Table,Home & Kitchen,Dining Table,30041,ITC Limited
PROD03477,Reliance Cooking Oil,Grocery,Cooking Oil,1456,
PROD03478,OnePlus Cooking Oil,Grocery,Cooking Oil,1449,ITC Limited
PROD03479,Mi Football,Sports,Football,5071,DMart
PROD03480,Prestige Biscuits,Grocery,Biscuits,1766,Flipkart Seller
PROD03481,Lenovo Academic Book,Books,Academic Book,575,Godrej Consumer
PROD03482,Apple Smart Watch,Electronics,Smart Watch,48175,DMart
PROD03483,HP Dumbbell,Sports,Dumbbell,4331,Croma
PROD03484,Apple Dumbbell,Sports,Dumbbell,13442,ITC Limited
PROD03485,Puma Badminton Racket,Sports,Badminton Racket,19407,Croma
PROD03486,Samsung Badminton Racket,Sports,Badminton Racket,7899,Tata Consumer
PROD03487,Tata Women Dress,Fashion,Women Dress,7616,ITC Limited
PROD03488,HP Rice,Grocery,Rice,641,Flipkart Seller
PROD03489,Puma Dumbbell,Sports,Dumbbell,25266,Vijay Sales
PROD03490,Apple Pressure Cooker,Home & Kitchen,Pressure Cooker,42328,Flipkart Seller
PROD03491,Tata Cooking Oil,Grocery,Cooking Oil,116,Reliance Retail
PROD03492,Bajaj Mixer Grinder,Home & Kitchen,Mixer Grinder,12670,Flipkart Seller
PROD03493,Dell Smart Watch,Electronics,Smart Watch,36182,Vijay Sales
PROD03494,Tata Sofa,Home & Kitchen,Sofa,46232,Godrej Consumer
PROD03495,Aashirvaad Dining Table,Home & Kitchen,Dining Table,25070,DMart
PROD03496,OnePlus Sofa,Home & Kitchen,Sofa,39145,Tata Consumer
PROD03497,HP Cricket Bat,Sports,Cricket Bat,1532,Tata Consumer
PROD03498,Tata Dining Table,Home & Kitchen,Dining Table,17262,Tata Consumer
PROD03499,Apple Biscuits,Grocery,Biscuits,451,Vijay Sales
PROD03500,HP Dumbbell,Sports,Dumbbell,1395,Vijay Sales
PROD03501,Prestige Headphones,Electronics,Headphones,129484,BigBasket
PROD03502,Prestige Academic Book,Books,Academic Book,1155,Flipkart Seller
PROD03503,Boat Lipstick,Beauty,Lipstick,2077,Godrej Consumer
PROD03504,Boat Face Wash,Beauty,Face Wash,2637,ITC Limited
PROD03505,Bajaj Biscuits,Grocery,Biscuits,2563,Vijay Sales
PROD03506,LG Mobile,Electronics,Mobile,12401,ITC Limited
PROD03507,Lenovo Face Wash,Beauty,Face Wash,1584,Tata Consumer
PROD03508,Aashirvaad LED Lamp,Home & Kitchen,LED Lamp,35605,Reliance Retail
PROD03509,Samsung LED Lamp,Home & Kitchen,LED Lamp,46258,ITC Limited
PROD03510,Dell Shampoo,Beauty,Shampoo,2503,Amazon Seller
PROD03511,OnePlus Smart Watch,Electronics,Smart Watch,91878,Vijay Sales
PROD03512,Prestige Laptop,Electronics,Laptop,57198,Tata Consumer
PROD03513,Tata Shampoo,Beauty,Shampoo,3272,Amazon Seller
PROD03514,Reliance Biscuits,Grocery,Biscuits,1288,Amazon Seller
PROD03515,Mi Jeans,Fashion,Jeans,7226,Tata Consumer
PROD03516,Samsung Shoes,Fashion,Shoes,1131,Amazon Seller
PROD03517,OnePlus Women Dress,Fashion,Women Dress,4910,Reliance Retail
PROD03518,Amul Lipstick,Beauty,Lipstick,3622,Reliance Retail
PROD03519,Apple Dumbbell,Sports,Dumbbell,3984,Vijay Sales
PROD03520,Nike Face Wash,Beauty,Face Wash,3674,ITC Limited
PROD03521,Prestige Badminton Racket,Sports,Badminton Racket,2635,Flipkart Seller
PROD03522,HP Dining Table,Home & Kitchen,Dining Table,26801,ITC Limited
PROD03523,Samsung Women Dress,Fashion,Women Dress,497,Amazon Seller
PROD03524,Sony Television,Electronics,Television,56515,Tata Consumer
PROD03525,Apple Dumbbell,Sports,Dumbbell,9118,Tata Consumer
PROD03526,Mi Laptop,Electronics,Laptop,113332,Flipkart Seller
PROD03527,Puma Academic Book,Books,Academic Book,979,Amazon Seller
PROD03528,Aashirvaad Pressure Cooker,Home & Kitchen,Pressure Cooker,1233,Croma
PROD03529,Tata Television,Electronics,Television,34557,ITC Limited
PROD03530,Mi Dumbbell,Sports,Dumbbell,17884,Reliance Retail
PROD03531,Boat Pressure Cooker,Home & Kitchen,Pressure Cooker,16469,Tata Consumer
PROD03532,Bajaj Cooking Oil,Grocery,Cooking Oil,2769,Tata Consumer
PROD03533,Bajaj Lipstick,Beauty,Lipstick,911,Amazon Seller
PROD03534,LG Face Wash,Beauty,Face Wash,1140,ITC Limited
PROD03535,HP Men T-Shirt,Fashion,Men T-Shirt,4505,Flipkart Seller
PROD03536,Puma Novel,Books,Novel,1843,Croma
PROD03537,Godrej Jeans,Fashion,Jeans,788,Vijay Sales
PROD03538,Aashirvaad Smart Watch,Electronics,Smart Watch,12252,DMart
PROD03539,Aashirvaad Dumbbell,Sports,Dumbbell,15239,Godrej Consumer
PROD03540,LG Cooking Oil,Grocery,Cooking Oil,2013,Godrej Consumer
PROD03541,Godrej Spices,,Spices,2696,Amazon Seller
PROD03542,Lenovo Handbag,Fashion,Handbag,2656,Tata Consumer
PROD03543,Godrej Rice,Grocery,Rice,2506,Reliance Retail
PROD03544,Apple Face Wash,Beauty,Face Wash,795,Amazon Seller
PROD03545,Amul Rice,Grocery,Rice,1186,Vijay Sales
PROD03546,Boat Sofa,Home & Kitchen,Sofa,20389,ITC Limited
PROD03547,Adidas Biography,Books,Biography,2074,ITC Limited
PROD03548,Mi Lipstick,Beauty,Lipstick,4689,Godrej Consumer
PROD03549,HP Novel,Books,Novel,1530,Flipkart Seller
PROD03550,Boat Badminton Racket,Sports,Badminton Racket,17956,ITC Limited
PROD03551,Nike Academic Book,Books,Academic Book,1248,BigBasket
PROD03552,OnePlus Tea Powder,Grocery,Tea Powder,2153,DMart
PROD03553,Puma Dining Table,Home & Kitchen,Dining Table,37594,DMart
PROD03554,Bajaj Dining Table,Home & Kitchen,Dining Table,22454,ITC Limited
PROD03555,Nike Badminton Racket,Sports,Badminton Racket,9147,Godrej Consumer
PROD03556,OnePlus Shampoo,Beauty,Shampoo,1240,BigBasket
PROD03557,Apple Jeans,Fashion,Jeans,4829,Croma
PROD03558,Mi Shoes,Fashion,Shoes,4560,Amazon Seller
PROD03559,Puma Smart Watch,Electronics,Smart Watch,58931,Godrej Consumer
PROD03560,Sony Tea Powder,Grocery,Tea Powder,2702,Tata Consumer
PROD03561,Aashirvaad Pressure Cooker,Home & Kitchen,Pressure Cooker,32241,BigBasket
PROD03562,Apple Children Book,Books,Children Book,1548,Amazon Seller
PROD03563,Prestige LED Lamp,Home & Kitchen,LED Lamp,17050,Flipkart Seller
PROD04882,Tata Lipstick,Beauty,Lipstick,645,DMart
PROD03565,HP Tea Powder,Grocery,Tea Powder,1912,ITC Limited
PROD03566,Lenovo Biography,Books,Biography,2474,Vijay Sales
PROD03567,Reliance Jeans,Fashion,Jeans,3803,Tata Consumer
PROD03568,HP Academic Book,Books,Academic Book,1940,Vijay Sales
PROD03569,LG Mixer Grinder,Home & Kitchen,Mixer Grinder,12368,Flipkart Seller
PROD03570,Reliance Mixer Grinder,Home & Kitchen,Mixer Grinder,5105,BigBasket
PROD03571,Apple Television,Electronics,Television,75363,Amazon Seller
PROD03572,Godrej Rice,Grocery,Rice,889,Reliance Retail
PROD03573,Tata Cricket Bat,Sports,Cricket Bat,4151,Croma
PROD03574,Adidas Biography,Books,Biography,1910,DMart
PROD03575,OnePlus Women Dress,Fashion,Women Dress,5245,Godrej Consumer
PROD03576,Apple Tea Powder,Grocery,Tea Powder,1498,DMart
PROD03577,Apple Men T-Shirt,Fashion,Men T-Shirt,5085,Croma
PROD03578,Sony Cooking Oil,Grocery,Cooking Oil,1619,DMart
PROD03579,Sony Academic Book,Books,Academic Book,523,Godrej Consumer
PROD03580,HP Dumbbell,Sports,Dumbbell,4581,Flipkart Seller
PROD03581,Puma Shoes,Fashion,Shoes,2282,Tata Consumer
PROD03582,Sony Novel,Books,Novel,1052,BigBasket
PROD03583,Puma Mobile,Electronics,Mobile,85869,Vijay Sales
PROD03584,Dell Children Book,Books,Children Book,1024,DMart
PROD03585,Godrej Mobile,Electronics,Mobile,121426,Tata Consumer
PROD03586,OnePlus Shoes,Fashion,Shoes,6449,Vijay Sales
PROD03587,Nike Television,Electronics,Television,58773,Tata Consumer
PROD03588,Boat Perfume,Beauty,Perfume,269,Tata Consumer
PROD03589,Dell Children Book,Books,Children Book,991,Croma
PROD03590,OnePlus Men T-Shirt,Fashion,Men T-Shirt,7156,Vijay Sales
PROD03591,Bajaj Shoes,Fashion,Shoes,2085,Croma
PROD03592,Nike Sofa,Home & Kitchen,Sofa,16803,BigBasket
PROD03593,OnePlus Shoes,Fashion,Shoes,7490,Tata Consumer
PROD03594,Puma Television,Electronics,Television,21959,Tata Consumer
PROD03595,Aashirvaad Cricket Bat,Sports,Cricket Bat,19232,Croma
PROD03596,Tata Sofa,Home & Kitchen,Sofa,32675,Vijay Sales
PROD03597,Godrej Badminton Racket,Sports,Badminton Racket,3431,Vijay Sales
PROD03598,Puma Dining Table,Home & Kitchen,Dining Table,18137,Croma
PROD03599,Sony Sofa,Home & Kitchen,Sofa,11545,DMart
PROD03600,Lenovo Spices,Grocery,Spices,2503,ITC Limited
PROD03601,Reliance Cooking Oil,Grocery,Cooking Oil,1612,Croma
PROD03602,Prestige Laptop,Electronics,Laptop,46616,Flipkart Seller
PROD03603,Nike Academic Book,Books,Academic Book,474,ITC Limited
PROD03604,LG Sofa,Home & Kitchen,Sofa,19712,Amazon Seller
PROD03605,Nike Biscuits,Grocery,Biscuits,811,DMart
PROD03606,Sony Perfume,Beauty,Perfume,4364,Flipkart Seller
PROD03607,OnePlus Men T-Shirt,Fashion,Men T-Shirt,727,Godrej Consumer
PROD03608,Adidas Football,Sports,Football,18454,Tata Consumer
PROD03609,Puma Shampoo,Beauty,Shampoo,240,DMart
PROD03610,Prestige Academic Book,Books,Academic Book,565,BigBasket
PROD03611,Apple Cooking Oil,Grocery,Cooking Oil,558,Tata Consumer
PROD03612,Sony Biography,Books,Biography,775,ITC Limited
PROD03613,Tata Women Dress,Fashion,Women Dress,2966,Amazon Seller
PROD03614,Lenovo Tea Powder,Grocery,Tea Powder,134,ITC Limited
PROD03615,Aashirvaad Academic Book,Books,Academic Book,702,Amazon Seller
PROD03616,LG Headphones,Electronics,Headphones,39679,DMart
PROD03617,Amul Spices,Grocery,Spices,2400,BigBasket
PROD03618,Dell Shampoo,Beauty,Shampoo,1534,Flipkart Seller
PROD03619,Sony Football,Sports,Football,21475,Godrej Consumer
PROD03620,Prestige Rice,Grocery,Rice,1595,Amazon Seller
PROD03621,Dell Smart Watch,Electronics,Smart Watch,143646,Tata Consumer
PROD03622,Apple Badminton Racket,Sports,Badminton Racket,18242,Vijay Sales
PROD03623,Lenovo Children Book,Books,Children Book,1599,Godrej Consumer
PROD03624,Nike Children Book,Books,Children Book,2294,Vijay Sales
PROD03625,HP Handbag,Fashion,Handbag,1334,Reliance Retail
PROD04345,Aashirvaad LED Lamp,Home & Kitchen,LED Lamp,49819,ITC Limited
PROD03627,Godrej Television,Electronics,Television,105289,Vijay Sales
PROD03628,Tata Dining Table,Home & Kitchen,Dining Table,21114,Tata Consumer
PROD03629,Bajaj Men T-Shirt,Fashion,Men T-Shirt,3867,Amazon Seller
PROD03630,Adidas Shampoo,Beauty,Shampoo,3346,DMart
PROD03631,Puma Men T-Shirt,Fashion,Men T-Shirt,7702,Tata Consumer
PROD03632,Aashirvaad Sofa,Home & Kitchen,Sofa,31062,Tata Consumer
PROD03633,Dell Pressure Cooker,Home & Kitchen,Pressure Cooker,9046,Vijay Sales
PROD03634,LG Laptop,Electronics,Laptop,31551,BigBasket
PROD03635,Amul Mixer Grinder,Home & Kitchen,Mixer Grinder,30980,Vijay Sales
PROD03636,Prestige Badminton Racket,Sports,Badminton Racket,20103,BigBasket
PROD03637,Apple LED Lamp,Home & Kitchen,LED Lamp,31767,Reliance Retail
PROD03638,Prestige Biscuits,Grocery,Biscuits,1493,Croma
PROD03639,Lenovo Jeans,Fashion,Jeans,1659,Reliance Retail
PROD03640,Apple Laptop,Electronics,Laptop,75676,Reliance Retail
PROD03641,Bajaj Television,Electronics,Television,141600,Croma
PROD03642,Aashirvaad Headphones,Electronics,Headphones,92566,Godrej Consumer
PROD03643,OnePlus Perfume,Beauty,Perfume,2775,BigBasket
PROD03644,Lenovo Mixer Grinder,Home & Kitchen,Mixer Grinder,38879,Flipkart Seller
PROD03645,Godrej Lipstick,Beauty,Lipstick,4310,Reliance Retail
PROD03646,LG Cricket Bat,Sports,Cricket Bat,27524,Vijay Sales
PROD03647,Nike Sofa,Home & Kitchen,Sofa,9934,Amazon Seller
PROD03648,Prestige Cooking Oil,Grocery,Cooking Oil,2576,Vijay Sales
PROD03649,Puma Sofa,Home & Kitchen,Sofa,3245,Reliance Retail
PROD03650,LG Mixer Grinder,Home & Kitchen,Mixer Grinder,13246,Vijay Sales
PROD03651,Godrej Novel,Books,Novel,771,Vijay Sales
PROD03652,Bajaj Biography,Books,Biography,152,Flipkart Seller
PROD03653,Nike Men T-Shirt,Fashion,Men T-Shirt,6257,Tata Consumer
PROD03654,Puma Rice,Grocery,Rice,1968,Amazon Seller
PROD03655,Samsung Badminton Racket,Sports,Badminton Racket,3120,Tata Consumer
PROD03656,OnePlus Tea Powder,Grocery,Tea Powder,1574,Tata Consumer
PROD03657,Apple LED Lamp,Home & Kitchen,LED Lamp,36408,Croma
PROD03658,Lenovo Dumbbell,Sports,Dumbbell,5598,Godrej Consumer
PROD03659,OnePlus Biography,Books,Biography,1154,DMart
PROD03660,Godrej Rice,Grocery,Rice,2029,BigBasket
PROD03661,Adidas LED Lamp,Home & Kitchen,LED Lamp,33194,Vijay Sales
PROD03662,Adidas Television,Electronics,Television,72539,Flipkart Seller
PROD03663,Apple Cooking Oil,Grocery,Cooking Oil,965,DMart
PROD03664,LG Shoes,Fashion,Shoes,7886,Flipkart Seller
PROD03665,Godrej Dumbbell,Sports,Dumbbell,24831,Vijay Sales
PROD03666,Adidas Perfume,Beauty,Perfume,764,DMart
PROD03667,HP Handbag,Fashion,Handbag,7905,Flipkart Seller
PROD03668,Reliance Tea Powder,Grocery,Tea Powder,1834,Vijay Sales
PROD03669,LG Biscuits,Grocery,Biscuits,1746,Tata Consumer
PROD03670,Amul Smart Watch,Electronics,Smart Watch,35992,BigBasket
PROD03671,HP Shoes,Fashion,Shoes,7900,Vijay Sales
PROD03672,Aashirvaad Novel,Books,Novel,1911,DMart
PROD03673,OnePlus Pressure Cooker,Home & Kitchen,Pressure Cooker,11306,Croma
PROD03674,Boat Handbag,Fashion,Handbag,5161,Vijay Sales
PROD03675,Samsung Rice,Grocery,Rice,386,Flipkart Seller
PROD03676,LG Rice,Grocery,Rice,2263,Vijay Sales
PROD03677,LG Face Wash,Beauty,,520,Reliance Retail
PROD03678,Reliance Shampoo,Beauty,Shampoo,1193,BigBasket
PROD03679,Amul Tea Powder,Grocery,Tea Powder,2778,Godrej Consumer
PROD03680,Sony Mobile,Electronics,Mobile,86203,Croma
PROD03681,Mi Mobile,Electronics,Mobile,26586,Reliance Retail
PROD03682,Bajaj Academic Book,Books,Academic Book,846,Vijay Sales
PROD03683,Samsung Biscuits,Grocery,Biscuits,1144,Godrej Consumer
PROD03684,Lenovo LED Lamp,Home & Kitchen,LED Lamp,5197,Godrej Consumer
PROD03685,Prestige Pressure Cooker,Home & Kitchen,Pressure Cooker,30799,Godrej Consumer
PROD03686,Sony Tea Powder,Grocery,Tea Powder,2685,ITC Limited
PROD03687,OnePlus Headphones,Electronics,Headphones,63665,BigBasket
PROD03688,Boat Headphones,Electronics,Headphones,47678,Tata Consumer
PROD03689,Amul Biscuits,Grocery,Biscuits,2134,BigBasket
PROD03690,Godrej Sofa,Home & Kitchen,Sofa,15909,BigBasket
PROD03691,Bajaj Dumbbell,Sports,Dumbbell,8386,Tata Consumer
PROD03692,Reliance Women Dress,Fashion,Women Dress,950,Reliance Retail
PROD03693,LG Academic Book,Books,Academic Book,591,Tata Consumer
PROD03694,Prestige Women Dress,Fashion,Women Dress,2614,
PROD03695,Mi Dumbbell,Sports,Dumbbell,8339,Tata Consumer
PROD03696,Samsung Lipstick,Beauty,Lipstick,4622,Godrej Consumer
PROD03697,HP Pressure Cooker,Home & Kitchen,Pressure Cooker,43503,Reliance Retail
PROD03698,Aashirvaad Pressure Cooker,Home & Kitchen,Pressure Cooker,13049,Croma
PROD03699,Reliance Mobile,Electronics,Mobile,71107,Vijay Sales
PROD03700,Dell Shoes,Fashion,Shoes,5693,Vijay Sales
PROD03701,Dell Tea Powder,Grocery,Tea Powder,594,Croma
PROD03702,Boat Badminton Racket,Sports,Badminton Racket,25125,Godrej Consumer
PROD03703,Tata Cooking Oil,Grocery,Cooking Oil,722,BigBasket
PROD03704,HP Face Wash,Beauty,Face Wash,2840,Amazon Seller
PROD03705,Puma Laptop,Electronics,Laptop,139423,Godrej Consumer
PROD03706,Bajaj Perfume,Beauty,Perfume,1578,Vijay Sales
PROD03707,Amul Mobile,Electronics,Mobile,94905,Godrej Consumer
PROD03708,Tata Dining Table,Home & Kitchen,Dining Table,7354,Tata Consumer
PROD03709,Bajaj Spices,Grocery,Spices,914,Amazon Seller
PROD03710,Nike LED Lamp,Home & Kitchen,LED Lamp,35291,Vijay Sales
PROD03711,Godrej Novel,Books,Novel,311,Tata Consumer
PROD03712,Apple Dumbbell,Sports,Dumbbell,25265,Tata Consumer
PROD03713,Boat Smart Watch,Electronics,Smart Watch,9696,Vijay Sales
PROD03714,HP Academic Book,Books,Academic Book,1859,Tata Consumer
PROD03715,Boat Novel,Books,Novel,1062,Tata Consumer
PROD03716,Reliance Dining Table,Home & Kitchen,Dining Table,15538,Godrej Consumer
PROD03717,Nike Sofa,Home & Kitchen,Sofa,780,ITC Limited
PROD03718,Puma Men T-Shirt,Fashion,Men T-Shirt,7029,Tata Consumer
PROD03719,Tata Shoes,Fashion,Shoes,3822,Reliance Retail
PROD03720,Apple Smart Watch,Electronics,Smart Watch,148273,Vijay Sales
PROD03721,Adidas Television,Electronics,Television,18420,Tata Consumer
PROD03722,Apple Novel,Books,Novel,2412,BigBasket
PROD03723,Puma Rice,Grocery,Rice,1643,ITC Limited
PROD03724,Sony Dumbbell,Sports,Dumbbell,18360,DMart
PROD03725,Prestige Headphones,Electronics,Headphones,91186,DMart
PROD03726,Samsung Face Wash,Beauty,Face Wash,1163,BigBasket
PROD03727,Nike Jeans,Fashion,Jeans,3704,Amazon Seller
PROD03728,Sony Shampoo,Beauty,Shampoo,3060,Flipkart Seller
PROD03729,Adidas Tea Powder,Grocery,Tea Powder,2271,ITC Limited
PROD03730,Prestige Cricket Bat,Sports,Cricket Bat,5597,Flipkart Seller
PROD03731,Puma Rice,Grocery,Rice,320,BigBasket
PROD03732,Dell Men T-Shirt,Fashion,Men T-Shirt,3065,Flipkart Seller
PROD03733,Lenovo Children Book,Books,Children Book,650,Tata Consumer
PROD03734,Prestige Dumbbell,Sports,Dumbbell,12173,Flipkart Seller
PROD03735,Aashirvaad Pressure Cooker,Home & Kitchen,Pressure Cooker,12905,ITC Limited
PROD03736,OnePlus Mixer Grinder,Home & Kitchen,Mixer Grinder,6163,Flipkart Seller
PROD03737,Boat Women Dress,Fashion,Women Dress,1613,ITC Limited
PROD03738,Bajaj Spices,Grocery,Spices,2010,Croma
PROD03739,Aashirvaad Smart Watch,Electronics,Smart Watch,118351,Flipkart Seller
PROD03740,Aashirvaad Spices,Grocery,Spices,919,Amazon Seller
PROD03741,HP Handbag,Fashion,Handbag,6636,Godrej Consumer
PROD03742,Puma Cricket Bat,Sports,Cricket Bat,27845,Tata Consumer
PROD03743,Aashirvaad Children Book,Books,Children Book,1469,Croma
PROD03744,Reliance Men T-Shirt,Fashion,Men T-Shirt,4010,DMart
PROD03745,Amul Television,Electronics,Television,9488,Croma
PROD03746,Godrej Dumbbell,Sports,Dumbbell,25067,Reliance Retail
PROD03747,Prestige Sofa,Home & Kitchen,Sofa,9287,Flipkart Seller
PROD03748,Mi Academic Book,Books,Academic Book,706,Tata Consumer
PROD03749,Samsung Perfume,Beauty,Perfume,366,Croma
PROD03750,Apple Jeans,Fashion,Jeans,7035,Vijay Sales
PROD03751,Samsung Mixer Grinder,Home & Kitchen,Mixer Grinder,4098,BigBasket
PROD03752,Nike Football,Sports,Football,27228,Vijay Sales
PROD03753,Boat Jeans,Fashion,Jeans,7261,Vijay Sales
PROD03754,Amul Television,Electronics,Television,24690,Tata Consumer
PROD03755,Godrej Dining Table,Home & Kitchen,Dining Table,1989,Reliance Retail
PROD03756,Sony Dining Table,Home & Kitchen,Dining Table,47148,Flipkart Seller
PROD03757,Lenovo Cooking Oil,Grocery,Cooking Oil,2519,Godrej Consumer
PROD03758,Amul Rice,Grocery,Rice,514,Flipkart Seller
PROD03759,Boat Dining Table,Home & Kitchen,Dining Table,8608,Amazon Seller
PROD03760,Mi Novel,Books,Novel,472,DMart
PROD03761,Adidas Smart Watch,Electronics,Smart Watch,149233,ITC Limited
PROD03762,Apple Rice,Grocery,Rice,2414,ITC Limited
PROD03763,Adidas LED Lamp,Home & Kitchen,LED Lamp,7082,Vijay Sales
PROD03764,Adidas Rice,Grocery,Rice,1771,Flipkart Seller
PROD03765,Nike Dumbbell,Sports,Dumbbell,24784,Reliance Retail
PROD03766,Samsung Men T-Shirt,Fashion,Men T-Shirt,5119,Reliance Retail
PROD03767,Reliance Headphones,Electronics,Headphones,128004,Croma
PROD03768,Nike Face Wash,Beauty,Face Wash,1400,Godrej Consumer
PROD03769,Prestige Novel,Books,Novel,1518,Amazon Seller
PROD03770,Samsung Handbag,Fashion,Handbag,5467,Reliance Retail
PROD03771,LG Shampoo,Beauty,Shampoo,1487,ITC Limited
PROD03772,Tata Shoes,Fashion,Shoes,5882,ITC Limited
PROD03773,Bajaj LED Lamp,Home & Kitchen,LED Lamp,32786,ITC Limited
PROD03774,Godrej Men T-Shirt,Fashion,Men T-Shirt,2028,Godrej Consumer
PROD03775,Bajaj Badminton Racket,Sports,Badminton Racket,27534,ITC Limited
PROD03776,LG Dining Table,Home & Kitchen,Dining Table,27010,Godrej Consumer
PROD03777,Nike Perfume,Beauty,Perfume,2140,Godrej Consumer
PROD03778,Godrej Rice,Grocery,Rice,1094,Godrej Consumer
PROD03779,Samsung Face Wash,Beauty,Face Wash,3422,Godrej Consumer
PROD03780,LG Jeans,Fashion,Jeans,5023,Amazon Seller
PROD03781,Samsung Spices,Grocery,Spices,2798,DMart
PROD04907,Amul Men T-Shirt,Fashion,Men T-Shirt,6199,Vijay Sales
PROD03783,Aashirvaad Cricket Bat,Sports,Cricket Bat,4856,DMart
PROD03784,Mi Mixer Grinder,Home & Kitchen,Mixer Grinder,684,DMart
PROD03785,Tata Cricket Bat,Sports,Cricket Bat,14044,Flipkart Seller
PROD03786,Dell Pressure Cooker,Home & Kitchen,Pressure Cooker,9962,Amazon Seller
PROD03787,Amul Cricket Bat,Sports,Cricket Bat,11153,Vijay Sales
PROD03788,Dell Perfume,Beauty,Perfume,1751,Amazon Seller
PROD03789,Amul Shoes,Fashion,,1840,DMart
PROD03790,Nike Lipstick,Beauty,Lipstick,3683,Reliance Retail
PROD03791,Godrej Mixer Grinder,Home & Kitchen,Mixer Grinder,-2377,Amazon Seller
PROD03792,Dell Mobile,Electronics,Mobile,142437,BigBasket
PROD03793,Samsung Shoes,Fashion,Shoes,7519,BigBasket
PROD03794,Nike Jeans,Fashion,Jeans,1750,Vijay Sales
PROD03795,HP Rice,Grocery,Rice,2219,Flipkart Seller
PROD03796,Amul Children Book,Books,Children Book,1391,DMart
PROD03797,Nike Shampoo,Beauty,Shampoo,4006,Vijay Sales
PROD03798,HP Pressure Cooker,Home & Kitchen,Pressure Cooker,14954,Tata Consumer
PROD03799,Puma Men T-Shirt,Fashion,Men T-Shirt,5585,Tata Consumer
PROD03800,Apple Shampoo,Beauty,Shampoo,4275,Amazon Seller
PROD03801,Amul Smart Watch,Electronics,Smart Watch,141846,BigBasket
PROD03802,Nike Cricket Bat,Sports,Cricket Bat,28746,ITC Limited
PROD03803,Aashirvaad Tea Powder,Grocery,Tea Powder,133,Flipkart Seller
PROD03804,Puma Academic Book,Books,Academic Book,1308,BigBasket
PROD03805,Apple Cooking Oil,Grocery,Cooking Oil,2563,Godrej Consumer
PROD03806,Sony Spices,Grocery,Spices,2620,Tata Consumer
PROD03807,LG Academic Book,Books,Academic Book,230,Croma
PROD03808,Godrej Spices,Grocery,Spices,2376,Croma
PROD03809,Bajaj Headphones,Electronics,Headphones,54118,Flipkart Seller
PROD03810,Godrej Dumbbell,Sports,Dumbbell,8730,BigBasket
PROD03811,Aashirvaad Novel,Books,Novel,2465,Godrej Consumer
PROD03812,Aashirvaad Mixer Grinder,Home & Kitchen,Mixer Grinder,31423,Godrej Consumer
PROD03813,Boat Women Dress,Fashion,Women Dress,675,Croma
PROD03814,Puma Sofa,Home & Kitchen,Sofa,35397,Croma
PROD01253,Godrej Shampoo,Beauty,Shampoo,4707,Reliance Retail
PROD03816,Samsung Cricket Bat,Sports,Cricket Bat,19019,Amazon Seller
PROD03817,Reliance Shoes,Fashion,Shoes,1979,Tata Consumer
PROD03818,Samsung Face Wash,Beauty,Face Wash,4593,Tata Consumer
PROD03819,Puma Football,Sports,Football,24683,DMart
PROD03820,Samsung Jeans,Fashion,Jeans,599,BigBasket
PROD03821,Godrej Television,Electronics,Television,36530,BigBasket
PROD03822,Bajaj Badminton Racket,Sports,Badminton Racket,3563,Croma
PROD03823,Samsung Handbag,Fashion,Handbag,1066,BigBasket
PROD03824,Apple Spices,Grocery,Spices,2626,DMart
PROD03825,Nike Headphones,Electronics,Headphones,146839,Amazon Seller
PROD03826,HP Cricket Bat,Sports,Cricket Bat,27273,DMart
PROD03827,Boat Biscuits,Grocery,Biscuits,459,Flipkart Seller
PROD03828,Mi Novel,Books,Novel,1287,Reliance Retail
PROD03829,Amul Perfume,Beauty,Perfume,0,ITC Limited
PROD03830,Tata Football,Sports,Football,24712,Flipkart Seller
PROD03831,Nike Cricket Bat,Sports,Cricket Bat,6809,Amazon Seller
PROD03832,Puma Cooking Oil,Grocery,Cooking Oil,235,Amazon Seller
PROD03833,Bajaj Women Dress,Fashion,Women Dress,1386,BigBasket
PROD03834,Dell Face Wash,Beauty,Face Wash,1948,Godrej Consumer
PROD03835,Samsung Men T-Shirt,Fashion,Men T-Shirt,6245,DMart
PROD03836,Godrej Dining Table,Home & Kitchen,Dining Table,10587,Flipkart Seller
PROD03837,HP Cooking Oil,Grocery,Cooking Oil,1598,Reliance Retail
PROD03838,Reliance Jeans,Fashion,Jeans,4666,Amazon Seller
PROD03839,Samsung Badminton Racket,Sports,Badminton Racket,3279,Amazon Seller
PROD03840,LG Men T-Shirt,Fashion,Men T-Shirt,3700,Flipkart Seller
PROD03841,Sony Shampoo,Beauty,Shampoo,2280,ITC Limited
PROD03842,Dell Dumbbell,Sports,Dumbbell,5657,Godrej Consumer
PROD03843,Dell Novel,Books,Novel,1890,Amazon Seller
PROD03844,Nike Children Book,Books,Children Book,1443,BigBasket
PROD03845,Tata Novel,Books,Novel,953,Vijay Sales
PROD03846,Apple Sofa,Home & Kitchen,Sofa,30965,Flipkart Seller
PROD03847,Samsung Spices,Grocery,Spices,2894,Amazon Seller
PROD03848,Apple Laptop,Electronics,Laptop,34665,ITC Limited
PROD03849,Mi Lipstick,Beauty,Lipstick,1207,Reliance Retail
PROD03850,Apple Novel,Books,Novel,1099,Amazon Seller
PROD03851,Lenovo Men T-Shirt,Fashion,Men T-Shirt,7331,Godrej Consumer
PROD03852,Puma Academic Book,Books,Academic Book,2357,ITC Limited
PROD03853,Lenovo Smart Watch,Electronics,Smart Watch,145919,Flipkart Seller
PROD03854,Boat Dining Table,Home & Kitchen,Dining Table,36473,Amazon Seller
PROD03855,Reliance Cooking Oil,Grocery,Cooking Oil,1801,Tata Consumer
PROD03856,LG Cooking Oil,Grocery,Cooking Oil,953,Flipkart Seller
PROD03857,OnePlus Novel,Books,Novel,1961,Flipkart Seller
PROD03858,Boat Face Wash,Beauty,Face Wash,3875,Amazon Seller
PROD03859,Boat Dumbbell,Sports,Dumbbell,1481,Reliance Retail
PROD03860,Tata Rice,Grocery,Rice,2773,Reliance Retail
PROD03861,Prestige Rice,Grocery,Rice,1370,Amazon Seller
PROD03862,Prestige Spices,Grocery,Spices,388,DMart
PROD03863,Dell Face Wash,Beauty,Face Wash,4515,Croma
PROD03864,Tata Television,Electronics,Television,44262,Croma
PROD03865,Samsung Sofa,Home & Kitchen,Sofa,33531,BigBasket
PROD03866,Nike Tea Powder,Grocery,Tea Powder,702,Flipkart Seller
PROD03867,OnePlus Novel,Books,Novel,2361,Tata Consumer
PROD03868,Lenovo Sofa,Home & Kitchen,Sofa,5520,Amazon Seller
PROD03869,Lenovo Jeans,Fashion,Jeans,5392,Reliance Retail
PROD03870,HP Sofa,Home & Kitchen,Sofa,3146,ITC Limited
PROD03871,Tata Lipstick,Beauty,Lipstick,461,Godrej Consumer
PROD03872,Nike Mobile,Electronics,Mobile,69385,Vijay Sales
PROD03873,Prestige Dining Table,Home & Kitchen,Dining Table,24189,ITC Limited
PROD03874,LG LED Lamp,Home & Kitchen,LED Lamp,27054,Vijay Sales
PROD03875,Puma Academic Book,Books,Academic Book,1841,Amazon Seller
PROD03876,Lenovo Tea Powder,Grocery,Tea Powder,983,Croma
PROD03877,Amul Mixer Grinder,Home & Kitchen,Mixer Grinder,20824,Amazon Seller
PROD03878,Aashirvaad Spices,Grocery,Spices,221,ITC Limited
PROD03879,HP Cricket Bat,Sports,Cricket Bat,2237,Vijay Sales
PROD03880,Godrej Women Dress,Fashion,Women Dress,5232,Godrej Consumer
PROD03881,OnePlus Children Book,Books,Children Book,1604,Reliance Retail
PROD03882,Lenovo Spices,Grocery,Spices,806,Amazon Seller
PROD03883,Nike Mobile,Electronics,Mobile,17317,Flipkart Seller
PROD03884,Nike Biscuits,Grocery,Biscuits,2215,Flipkart Seller
PROD03885,Nike Academic Book,Books,Academic Book,1209,Amazon Seller
PROD03886,HP Children Book,Books,Children Book,1169,ITC Limited
PROD03887,Bajaj Shoes,Fashion,Shoes,4628,Flipkart Seller
PROD03888,Puma Perfume,Beauty,Perfume,1368,Flipkart Seller
PROD03889,OnePlus Shoes,Fashion,Shoes,5853,BigBasket
PROD03890,Lenovo Football,Sports,Football,19224,BigBasket
PROD03891,Sony Perfume,Beauty,Perfume,269,DMart
PROD03892,Amul Shampoo,Beauty,Shampoo,4428,Vijay Sales
PROD03893,Adidas Men T-Shirt,Fashion,Men T-Shirt,6675,BigBasket
PROD03894,Reliance Headphones,Electronics,Headphones,107284,BigBasket
PROD03895,Sony Badminton Racket,Sports,Badminton Racket,12122,Croma
PROD03896,Reliance Tea Powder,Grocery,Tea Powder,814,Vijay Sales
PROD03897,Amul Cooking Oil,Grocery,Cooking Oil,1442,ITC Limited
PROD03898,Adidas Football,Sports,Football,6780,Reliance Retail
PROD03899,HP Cricket Bat,Sports,Cricket Bat,12862,BigBasket
PROD03900,Adidas Perfume,Beauty,Perfume,4302,Godrej Consumer
PROD03901,Lenovo Spices,Grocery,Spices,142,DMart
PROD03902,Amul Cricket Bat,Sports,Cricket Bat,8411,ITC Limited
PROD03903,Nike Football,Sports,Football,11364,Amazon Seller
PROD03904,Boat Face Wash,Beauty,Face Wash,407,BigBasket
PROD03905,Adidas Cricket Bat,Sports,Cricket Bat,8325,DMart
PROD03906,Amul Women Dress,Fashion,Women Dress,1891,ITC Limited
PROD03907,Boat LED Lamp,Home & Kitchen,LED Lamp,46957,Flipkart Seller
PROD03908,LG Shampoo,Beauty,Shampoo,937,Flipkart Seller
PROD03909,Dell Television,Electronics,Television,142943,Tata Consumer
PROD03910,Apple Cricket Bat,Sports,Cricket Bat,2083,Godrej Consumer
PROD03911,Mi Women Dress,Fashion,Women Dress,1048,DMart
PROD03912,LG Shampoo,Beauty,Shampoo,3417,Croma
PROD03913,Godrej Men T-Shirt,Fashion,Men T-Shirt,7302,Reliance Retail
PROD03914,Prestige Cricket Bat,Sports,Cricket Bat,25077,Godrej Consumer
PROD03915,HP Spices,Grocery,Spices,1391,Vijay Sales
PROD03916,Lenovo Headphones,Electronics,Headphones,111744,ITC Limited
PROD03917,Tata Cricket Bat,Sports,Cricket Bat,6556,DMart
PROD03918,Tata Rice,Grocery,Rice,2450,Flipkart Seller
PROD03919,Samsung Sofa,Home & Kitchen,Sofa,36527,Amazon Seller
PROD03920,Lenovo Spices,Grocery,Spices,103,DMart
PROD03921,Boat Badminton Racket,Sports,Badminton Racket,15975,Tata Consumer
PROD03922,OnePlus Dining Table,Home & Kitchen,Dining Table,8344,Vijay Sales
PROD03923,Bajaj Television,Electronics,Television,107697,Croma
PROD03924,LG Biography,Books,Biography,387,Flipkart Seller
PROD03925,Prestige LED Lamp,Home & Kitchen,LED Lamp,8572,ITC Limited
PROD03926,Samsung Dumbbell,Sports,Dumbbell,18169,BigBasket
PROD03927,Aashirvaad Women Dress,Fashion,Women Dress,4640,Tata Consumer
PROD03928,Mi Mixer Grinder,Home & Kitchen,Mixer Grinder,9628,Vijay Sales
PROD03929,Sony Women Dress,Fashion,Women Dress,2066,Godrej Consumer
PROD03930,Prestige Novel,Books,Novel,1133,Tata Consumer
PROD03931,Boat Dining Table,Home & Kitchen,Dining Table,27911,Flipkart Seller
PROD03932,Reliance Smart Watch,Electronics,Smart Watch,82056,Amazon Seller
PROD03933,Reliance Children Book,Books,Children Book,1652,Reliance Retail
PROD03934,Puma Tea Powder,Grocery,Tea Powder,2066,Vijay Sales
PROD03935,Reliance Lipstick,Beauty,Lipstick,4354,Flipkart Seller
PROD03936,Godrej Laptop,Electronics,Laptop,9710,Reliance Retail
PROD03937,Lenovo Men T-Shirt,Fashion,Men T-Shirt,7549,DMart
PROD03938,Aashirvaad Sofa,Home & Kitchen,Sofa,40308,Flipkart Seller
PROD03939,Aashirvaad Rice,Grocery,Rice,680,Tata Consumer
PROD03940,Bajaj Smart Watch,Electronics,Smart Watch,31200,Amazon Seller
PROD03941,Nike Cooking Oil,Grocery,Cooking Oil,1444,Croma
PROD03942,Lenovo Headphones,Electronics,Headphones,149255,Amazon Seller
PROD03943,HP Face Wash,Beauty,Face Wash,4075,Vijay Sales
PROD03944,LG Spices,Grocery,Spices,2594,DMart
PROD03945,Adidas Biography,Books,Biography,315,Flipkart Seller
PROD03946,Apple Jeans,Fashion,Jeans,340,ITC Limited
PROD03947,Boat Shampoo,Beauty,Shampoo,2544,DMart
PROD03948,Godrej Shampoo,Beauty,Shampoo,477,DMart
PROD03949,OnePlus Jeans,Fashion,Jeans,6229,Flipkart Seller
PROD03950,Amul Mobile,Electronics,Mobile,123366,Reliance Retail
PROD03951,Lenovo Academic Book,Books,Academic Book,1658,Godrej Consumer
PROD03952,Adidas Academic Book,Books,Academic Book,1320,Godrej Consumer
PROD03953,Dell Men T-Shirt,Fashion,Men T-Shirt,2390,Godrej Consumer
PROD03954,Aashirvaad Cooking Oil,Grocery,Cooking Oil,2498,Godrej Consumer
PROD03955,OnePlus Children Book,Books,Children Book,2495,Vijay Sales
PROD03956,Apple Tea Powder,Grocery,Tea Powder,2678,Godrej Consumer
PROD03957,Dell Spices,Grocery,Spices,417,ITC Limited
PROD03958,Apple Pressure Cooker,Home & Kitchen,Pressure Cooker,24498,Godrej Consumer
PROD03959,LG Shampoo,Beauty,Shampoo,2806,Godrej Consumer
PROD03960,Tata Smart Watch,Electronics,Smart Watch,136186,BigBasket
PROD03961,Sony Novel,Books,Novel,929,Flipkart Seller
PROD03962,Adidas Women Dress,Fashion,Women Dress,6694,Amazon Seller
PROD03963,Aashirvaad Biscuits,Grocery,Biscuits,2359,ITC Limited
PROD03964,OnePlus Headphones,Electronics,Headphones,11019,ITC Limited
PROD03965,Aashirvaad Shampoo,Beauty,Shampoo,1064,Tata Consumer
PROD03966,Tata Biscuits,Grocery,Biscuits,2679,Tata Consumer
PROD03967,Adidas Women Dress,Fashion,Women Dress,4901,DMart
PROD03968,Boat Novel,Books,Novel,1631,DMart
PROD03969,Apple Novel,Books,Novel,221,BigBasket
PROD03970,Amul Rice,Grocery,Rice,1719,Flipkart Seller
PROD03971,OnePlus Handbag,Fashion,Handbag,3856,Croma
PROD03972,LG Television,Electronics,Television,111491,Godrej Consumer
PROD03973,Apple Tea Powder,Grocery,Tea Powder,2821,Amazon Seller
PROD03974,Prestige Perfume,Beauty,Perfume,4610,Vijay Sales
PROD03975,Amul Children Book,,Children Book,1816,Flipkart Seller
PROD03976,Tata Cooking Oil,Grocery,Cooking Oil,2351,Tata Consumer
PROD03977,Samsung Biscuits,Grocery,Biscuits,2802,Amazon Seller
PROD03978,Lenovo Cooking Oil,Grocery,Cooking Oil,1334,Godrej Consumer
PROD03979,Nike Mixer Grinder,Home & Kitchen,Mixer Grinder,13085,BigBasket
PROD03980,Puma Shampoo,Beauty,Shampoo,4913,BigBasket
PROD03981,Nike Spices,Grocery,Spices,2614,Reliance Retail
PROD03982,Sony Rice,Grocery,Rice,2009,DMart
PROD03983,Lenovo Mobile,Electronics,Mobile,118835,Godrej Consumer
PROD03984,Prestige Lipstick,Beauty,Lipstick,551,Flipkart Seller
PROD03985,Lenovo Biscuits,Grocery,Biscuits,877,Flipkart Seller
PROD03986,OnePlus Laptop,Electronics,Laptop,92776,Reliance Retail
PROD03987,Aashirvaad Mobile,Electronics,Mobile,143362,Reliance Retail
PROD03988,Prestige Biography,Books,Biography,1350,Godrej Consumer
PROD03989,Reliance Smart Watch,Electronics,Smart Watch,123787,Vijay Sales
PROD03990,Lenovo Cooking Oil,Grocery,Cooking Oil,852,Godrej Consumer
PROD03991,LG Lipstick,Beauty,Lipstick,512,Croma
PROD03992,Nike Jeans,Fashion,Jeans,437,Tata Consumer
PROD03993,OnePlus Lipstick,Beauty,Lipstick,2406,Vijay Sales
PROD03994,Dell Men T-Shirt,Fashion,Men T-Shirt,7553,Amazon Seller
PROD03995,Godrej Badminton Racket,Sports,Badminton Racket,22500,Amazon Seller
PROD03996,Amul Novel,Books,Novel,229,ITC Limited
PROD03997,HP Rice,Grocery,Rice,2611,Tata Consumer
PROD03998,Sony Face Wash,Beauty,Face Wash,4731,Godrej Consumer
PROD03999,Tata Smart Watch,Electronics,Smart Watch,109144,ITC Limited
PROD04000,Prestige Dumbbell,Sports,Dumbbell,6898,DMart
PROD04001,Puma Shoes,Fashion,Shoes,1030,Amazon Seller
PROD04002,Sony Dining Table,Home & Kitchen,Dining Table,13778,Croma
PROD04003,Dell Face Wash,Beauty,Face Wash,4562,Flipkart Seller
PROD04004,Bajaj Face Wash,Beauty,Face Wash,1445,Flipkart Seller
PROD04005,Sony Television,Electronics,Television,5121,Vijay Sales
PROD04006,Godrej Laptop,Electronics,Laptop,67383,ITC Limited
PROD04007,LG Dumbbell,Sports,Dumbbell,15826,Tata Consumer
PROD04008,Aashirvaad Biography,Books,Biography,646,DMart
PROD04009,Prestige Shoes,Fashion,Shoes,7602,ITC Limited
PROD04010,Nike Dining Table,Home & Kitchen,Dining Table,39333,Reliance Retail
PROD04011,Mi Football,Sports,Football,11084,Reliance Retail
PROD04012,Adidas Shoes,Fashion,Shoes,4480,Reliance Retail
PROD04013,Godrej Rice,Grocery,Rice,1178,BigBasket
PROD04014,Dell Laptop,Electronics,Laptop,58710,BigBasket
PROD04015,Aashirvaad Rice,Grocery,Rice,1976,ITC Limited
PROD04016,Dell Laptop,Electronics,Laptop,135982,ITC Limited
PROD04017,Prestige Women Dress,Fashion,Women Dress,414,Amazon Seller
PROD04018,HP Cricket Bat,Sports,Cricket Bat,29803,Godrej Consumer
PROD04019,Samsung Novel,Books,Novel,942,BigBasket
PROD04020,Sony Children Book,Books,Children Book,2495,ITC Limited
PROD04021,OnePlus Sofa,Home & Kitchen,Sofa,29200,DMart
PROD04022,Puma Biscuits,Grocery,Biscuits,2259,DMart
PROD04023,Sony Television,Electronics,Television,147478,Croma
PROD04024,Boat Face Wash,Beauty,Face Wash,1975,Godrej Consumer
PROD04025,Tata Biscuits,Grocery,Biscuits,2068,Godrej Consumer
PROD04026,Aashirvaad Children Book,Books,Children Book,637,Tata Consumer
PROD04027,Aashirvaad Face Wash,Beauty,Face Wash,4167,DMart
PROD04028,Tata Shampoo,Beauty,Shampoo,3090,Reliance Retail
PROD04029,Prestige Shampoo,Beauty,Shampoo,1500,Amazon Seller
PROD04030,Boat Jeans,Fashion,Jeans,5820,Amazon Seller
PROD04031,Amul Headphones,Electronics,Headphones,8888,Croma
PROD04032,Samsung Children Book,Books,Children Book,1235,Vijay Sales
PROD04033,Prestige Novel,Books,Novel,2291,Amazon Seller
PROD04034,LG Television,Electronics,Television,90823,Godrej Consumer
PROD04035,OnePlus Lipstick,Beauty,Lipstick,423,ITC Limited
PROD04036,Puma Biography,Books,Biography,1911,Godrej Consumer
PROD04037,Apple Biography,Books,Biography,216,Amazon Seller
PROD04038,Boat Men T-Shirt,Fashion,Men T-Shirt,6840,Reliance Retail
PROD04039,Apple Novel,Books,Novel,1924,Godrej Consumer
PROD04040,Lenovo Dumbbell,Sports,Dumbbell,10063,Amazon Seller
PROD04041,Boat LED Lamp,Home & Kitchen,LED Lamp,48696,Godrej Consumer
PROD04042,Prestige Academic Book,Books,Academic Book,1311,Croma
PROD04043,Reliance Lipstick,Beauty,Lipstick,3715,Flipkart Seller
PROD04044,Puma Pressure Cooker,Home & Kitchen,Pressure Cooker,36149,Vijay Sales
PROD04045,HP Lipstick,Beauty,Lipstick,1705,ITC Limited
PROD04046,Tata Cooking Oil,Grocery,Cooking Oil,2571,Tata Consumer
PROD04047,Prestige Sofa,Home & Kitchen,Sofa,40740,Flipkart Seller
PROD04048,HP Badminton Racket,Sports,Badminton Racket,20502,ITC Limited
PROD04049,Apple Lipstick,Beauty,Lipstick,1328,Godrej Consumer
PROD04050,Lenovo Children Book,Books,Children Book,2186,Amazon Seller
PROD04051,Boat Cooking Oil,Grocery,Cooking Oil,2164,Godrej Consumer
PROD04052,Reliance Shoes,Fashion,Shoes,6776,ITC Limited
PROD04053,Tata LED Lamp,Home & Kitchen,LED Lamp,26622,Amazon Seller
PROD04054,Amul Football,Sports,Football,2199,BigBasket
PROD04055,Aashirvaad Smart Watch,Electronics,Smart Watch,104860,Godrej Consumer
PROD04056,Mi Sofa,Home & Kitchen,Sofa,3011,Reliance Retail
PROD04057,Sony Cricket Bat,Sports,Cricket Bat,9661,ITC Limited
PROD04058,Amul Jeans,Fashion,Jeans,2498,BigBasket
PROD04059,Aashirvaad Handbag,Fashion,Handbag,4073,Godrej Consumer
PROD04060,LG Shampoo,Beauty,Shampoo,2991,Godrej Consumer
PROD04061,Puma Pressure Cooker,Home & Kitchen,Pressure Cooker,42046,Amazon Seller
PROD04062,Aashirvaad Dumbbell,Sports,Dumbbell,27707,DMart
PROD04063,Apple Cooking Oil,,Cooking Oil,2395,Flipkart Seller
PROD04064,Sony Sofa,Home & Kitchen,Sofa,17587,Flipkart Seller
PROD04065,Sony Dumbbell,Sports,Dumbbell,17966,Croma
PROD04066,Sony Badminton Racket,Sports,Badminton Racket,11750,Vijay Sales
PROD04067,Sony Handbag,Fashion,Handbag,3606,Godrej Consumer
PROD04068,Boat Women Dress,Fashion,Women Dress,4639,Godrej Consumer
PROD04069,Samsung Tea Powder,Grocery,Tea Powder,965,ITC Limited
PROD04070,Aashirvaad Television,Electronics,Television,101791,Croma
PROD04071,Lenovo Headphones,Electronics,Headphones,73904,Vijay Sales
PROD04072,Boat Spices,Grocery,Spices,114,Godrej Consumer
PROD04073,Adidas Sofa,Home & Kitchen,Sofa,17651,DMart
PROD04074,Adidas Laptop,Electronics,Laptop,36451,ITC Limited
PROD04075,Prestige Spices,Grocery,Spices,513,Tata Consumer
PROD04076,Sony Children Book,Books,Children Book,342,DMart
PROD04077,Mi Biography,Books,Biography,1116,BigBasket
PROD04078,Prestige Rice,Grocery,Rice,1541,DMart
PROD04079,Prestige Perfume,Beauty,Perfume,2764,BigBasket
PROD04080,Boat Face Wash,Beauty,Face Wash,2785,DMart
PROD04081,Sony Laptop,Electronics,Laptop,100973,Godrej Consumer
PROD04082,HP Shoes,Fashion,Shoes,6262,ITC Limited
PROD04083,Godrej Laptop,Electronics,Laptop,122264,Croma
PROD04084,OnePlus Mobile,Electronics,Mobile,74665,Amazon Seller
PROD04085,Adidas Cricket Bat,SPORTS,Cricket Bat,25723,Flipkart Seller
PROD04086,Sony Smart Watch,Electronics,Smart Watch,124703,Vijay Sales
PROD04087,Mi Academic Book,Books,Academic Book,2295,Tata Consumer
PROD04088,OnePlus Academic Book,Books,Academic Book,689,Tata Consumer
PROD04089,Amul Smart Watch,Electronics,Smart Watch,39019,DMart
PROD04090,Lenovo Spices,Grocery,Spices,2334,Croma
PROD04091,LG Shampoo,Beauty,Shampoo,2810,ITC Limited
PROD04092,Godrej Biscuits,Grocery,Biscuits,289,Croma
PROD04093,Lenovo Spices,Grocery,Spices,1751,Tata Consumer
PROD04094,Nike Children Book,Books,Children Book,1373,Amazon Seller
PROD04095,Boat Shoes,Fashion,Shoes,4479,Croma
PROD04096,Apple Dumbbell,Sports,Dumbbell,21215,Croma
PROD04097,Amul Badminton Racket,Sports,Badminton Racket,26603,Croma
PROD04098,Adidas Spices,Grocery,Spices,778,ITC Limited
PROD04099,OnePlus Jeans,Fashion,Jeans,7758,Flipkart Seller
PROD04100,Boat Headphones,Electronics,Headphones,11657,Amazon Seller
PROD04101,Reliance Rice,Grocery,Rice,225,Amazon Seller
PROD04102,Amul Tea Powder,Grocery,Tea Powder,2668,DMart
PROD04103,Prestige Novel,Books,Novel,1118,Amazon Seller
PROD04104,Boat Cricket Bat,Sports,Cricket Bat,28958,Croma
PROD04105,Tata Laptop,Electronics,Laptop,89928,Croma
PROD04106,Lenovo Face Wash,Beauty,Face Wash,1771,Vijay Sales
PROD04107,Samsung Novel,Books,Novel,1312,BigBasket
PROD04108,Lenovo LED Lamp,Home & Kitchen,LED Lamp,40929,Vijay Sales
PROD04109,LG Lipstick,Beauty,Lipstick,4192,DMart
PROD04110,Dell Lipstick,Beauty,Lipstick,2497,Vijay Sales
PROD04111,LG Men T-Shirt,Fashion,Men T-Shirt,3300,ITC Limited
PROD04112,Amul Football,Sports,Football,9934,DMart
PROD04113,Bajaj Television,Electronics,Television,50317,ITC Limited
PROD04114,LG Rice,Grocery,Rice,829,Flipkart Seller
PROD04115,OnePlus Women Dress,Fashion,Women Dress,1473,Reliance Retail
PROD04116,OnePlus Dumbbell,Sports,Dumbbell,3534,Reliance Retail
PROD04117,Prestige Face Wash,Beauty,Face Wash,4356,DMart
PROD04118,HP Perfume,Beauty,Perfume,1411,DMart
PROD04119,Amul Badminton Racket,Sports,Badminton Racket,1293,ITC Limited
PROD04120,Aashirvaad Shoes,Fashion,Shoes,4549,Flipkart Seller
PROD04121,Sony Badminton Racket,Sports,Badminton Racket,26285,Amazon Seller
PROD04122,Dell Sofa,Home & Kitchen,Sofa,21527,BigBasket
PROD04123,Apple Dumbbell,Sports,Dumbbell,21069,BigBasket
PROD04124,Aashirvaad Shampoo,Beauty,Shampoo,1367,Godrej Consumer
PROD04125,LG Smart Watch,Electronics,Smart Watch,28654,ITC Limited
PROD04126,Aashirvaad Biscuits,Grocery,Biscuits,2743,ITC Limited
PROD04127,Aashirvaad Men T-Shirt,Fashion,Men T-Shirt,734,ITC Limited
PROD04128,Dell Cooking Oil,Grocery,Cooking Oil,545,Tata Consumer
PROD04129,Dell Men T-Shirt,Fashion,Men T-Shirt,5931,DMart
PROD04130,Bajaj Shoes,Fashion,Shoes,7884,Godrej Consumer
PROD04131,Tata Football,Sports,Football,11176,Amazon Seller
PROD04132,Mi Women Dress,Fashion,Women Dress,4943,Godrej Consumer
PROD04133,Sony Shoes,Fashion,Shoes,1125,Vijay Sales
PROD04134,Mi Tea Powder,Grocery,Tea Powder,358,BigBasket
PROD04135,Apple Handbag,Fashion,Handbag,1478,DMart
PROD04136,Amul Jeans,Fashion,Jeans,6054,DMart
PROD04137,Apple Spices,Grocery,Spices,882,Croma
PROD04138,Nike Biography,Books,Biography,1861,Flipkart Seller
PROD04139,HP Lipstick,Beauty,Lipstick,1892,Amazon Seller
PROD04140,,Grocery,Biscuits,1062,Reliance Retail
PROD04141,Nike Biography,Books,Biography,1189,Godrej Consumer
PROD04142,OnePlus Biscuits,Grocery,Biscuits,2980,Flipkart Seller
PROD04143,OnePlus Shoes,Fashion,Shoes,7057,Godrej Consumer
PROD04144,Sony Face Wash,Beauty,Face Wash,4777,Amazon Seller
PROD04145,Sony Face Wash,Beauty,Face Wash,554,Croma
PROD04146,Dell Handbag,Fashion,Handbag,6523,ITC Limited
PROD04147,Bajaj Face Wash,Beauty,Face Wash,4116,Croma
PROD00745,Apple Handbag,Fashion,Handbag,7795,ITC Limited
PROD04149,LG Women Dress,Fashion,Women Dress,530,Flipkart Seller
PROD04150,Aashirvaad Jeans,Fashion,Jeans,6273,Reliance Retail
PROD04151,Sony Novel,Books,Novel,304,Reliance Retail
PROD04152,HP LED Lamp,Home & Kitchen,LED Lamp,40252,Tata Consumer
PROD04153,Amul Children Book,Books,Children Book,1012,Croma
PROD04154,Sony Dumbbell,Sports,Dumbbell,8259,ITC Limited
PROD04155,Reliance Face Wash,Beauty,Face Wash,1754,Reliance Retail
PROD04156,Puma Dining Table,Home & Kitchen,Dining Table,25918,Flipkart Seller
PROD04157,Mi Spices,Grocery,Spices,1363,Flipkart Seller
PROD04158,Amul Face Wash,Beauty,Face Wash,1435,DMart
PROD04159,Prestige Spices,Grocery,Spices,143,Amazon Seller
PROD04160,Mi Football,Sports,Football,25052,Croma
PROD04161,Prestige Cricket Bat,Sports,Cricket Bat,10421,DMart
PROD04162,Lenovo Perfume,Beauty,Perfume,1679,Reliance Retail
PROD04163,Tata Novel,Books,Novel,1852,Tata Consumer
PROD04164,Mi Laptop,Electronics,Laptop,136036,Flipkart Seller
PROD04165,LG Academic Book,Books,Academic Book,1779,Reliance Retail
PROD04166,LG Football,Sports,Football,4286,DMart
PROD04167,Dell Men T-Shirt,Fashion,Men T-Shirt,3659,Tata Consumer
PROD04168,Reliance Cooking Oil,Grocery,Cooking Oil,521,Godrej Consumer
PROD04169,Samsung Rice,Grocery,Rice,511,Vijay Sales
PROD04170,LG Face Wash,Beauty,Face Wash,1580,Reliance Retail
PROD00917,HP Biscuits,Grocery,Biscuits,727,Flipkart Seller
PROD04172,Lenovo Dumbbell,Sports,Dumbbell,25402,Tata Consumer
PROD04173,OnePlus Women Dress,Fashion,Women Dress,6417,DMart
PROD04174,Mi Smart Watch,Electronics,Smart Watch,55448,Vijay Sales
PROD04175,Bajaj Perfume,Beauty,Perfume,4492,Reliance Retail
PROD04176,Dell Football,Sports,Football,21819,BigBasket
PROD04177,Samsung Spices,Grocery,Spices,662,BigBasket
PROD04178,Prestige Men T-Shirt,Fashion,Men T-Shirt,2630,Reliance Retail
PROD04179,Aashirvaad Spices,Grocery,Spices,2611,ITC Limited
PROD04180,Tata Jeans,Fashion,Jeans,5022,Croma
PROD04181,OnePlus Women Dress,Fashion,Women Dress,2648,Vijay Sales
PROD04182,Mi Men T-Shirt,Fashion,Men T-Shirt,1886,Croma
PROD04183,Prestige Sofa,Home & Kitchen,Sofa,49135,Reliance Retail
PROD04184,Mi Cooking Oil,Grocery,Cooking Oil,2492,Croma
PROD04185,HP Handbag,Fashion,Handbag,7046,Reliance Retail
PROD04186,Puma Rice,Grocery,Rice,1908,Flipkart Seller
PROD04187,Bajaj Jeans,Fashion,Jeans,3772,Croma
PROD04188,Apple Biography,Books,Biography,1651,Vijay Sales
PROD04189,Bajaj Pressure Cooker,Home & Kitchen,Pressure Cooker,2272,BigBasket
PROD04190,Tata Laptop,Electronics,Laptop,41921,Tata Consumer
PROD04191,Samsung Headphones,Electronics,Headphones,99849,Godrej Consumer
PROD04192,Puma Shoes,Fashion,Shoes,4867,Tata Consumer
PROD04193,Sony Mixer Grinder,Home & Kitchen,Mixer Grinder,39760,Godrej Consumer
PROD04194,Prestige Headphones,Electronics,Headphones,118042,Vijay Sales
PROD04195,Tata Spices,Grocery,Spices,1738,DMart
PROD04196,Adidas Women Dress,Fashion,Women Dress,4650,Flipkart Seller
PROD04197,Nike Dining Table,Home & Kitchen,Dining Table,10893,Reliance Retail
PROD04198,Reliance Jeans,Fashion,Jeans,2345,Reliance Retail
PROD04199,OnePlus Mobile,Electronics,Mobile,100207,Vijay Sales
PROD04200,Amul Lipstick,Beauty,Lipstick,3566,BigBasket
PROD04201,Amul Academic Book,Books,Academic Book,1963,Godrej Consumer
PROD04202,Amul Dumbbell,Sports,Dumbbell,9840,Vijay Sales
PROD04203,Puma Cooking Oil,Grocery,Cooking Oil,1079,Tata Consumer
PROD04204,LG Rice,Grocery,Rice,1078,Tata Consumer
PROD04205,Samsung Face Wash,Beauty,Face Wash,461,ITC Limited
PROD04206,Lenovo Mobile,Electronics,Mobile,37148,Reliance Retail
PROD04207,Godrej Men T-Shirt,Fashion,Men T-Shirt,4837,DMart
PROD04208,Aashirvaad Headphones,Electronics,Headphones,77396,Flipkart Seller
PROD04209,Godrej Shampoo,Beauty,Shampoo,4329,Reliance Retail
PROD04210,Lenovo Academic Book,Books,Academic Book,549,Croma
PROD04211,LG Face Wash,Beauty,Face Wash,4955,Reliance Retail
PROD04212,Boat Rice,Grocery,Rice,2934,Reliance Retail
PROD04213,Bajaj Face Wash,Beauty,Face Wash,4264,Reliance Retail
PROD04214,Samsung Lipstick,Beauty,Lipstick,2119,Reliance Retail
PROD04215,Boat Shampoo,Beauty,Shampoo,752,Reliance Retail
PROD04216,Amul Tea Powder,Grocery,Tea Powder,2223,BigBasket
PROD04217,Bajaj Perfume,Beauty,Perfume,3381,Amazon Seller
PROD04218,Tata Laptop,Electronics,Laptop,9569,Godrej Consumer
PROD04219,Amul Shampoo,Beauty,Shampoo,4455,ITC Limited
PROD04220,Dell Dumbbell,Sports,Dumbbell,14456,Vijay Sales
PROD04221,HP Biography,Books,Biography,271,DMart
PROD04222,Tata Television,Electronics,Television,92493,DMart
PROD04223,OnePlus Football,Sports,Football,13691,Amazon Seller
PROD04224,Nike Biscuits,Grocery,Biscuits,1841,Vijay Sales
PROD04225,Prestige Shampoo,Beauty,Shampoo,2993,Godrej Consumer
PROD04226,Puma Television,Electronics,Television,41234,Tata Consumer
PROD04227,Reliance Mobile,Electronics,Mobile,74731,Vijay Sales
PROD04228,Samsung Lipstick,Beauty,Lipstick,2644,Croma
PROD04229,Prestige Cricket Bat,Sports,Cricket Bat,26553,Flipkart Seller
PROD04230,Mi Headphones,Electronics,Headphones,132311,Tata Consumer
PROD04231,Reliance Smart Watch,Electronics,Smart Watch,10150,BigBasket
PROD04232,Apple Novel,Books,Novel,2411,Flipkart Seller
PROD04233,Nike Spices,Grocery,Spices,2401,Reliance Retail
PROD04234,Prestige Pressure Cooker,Home & Kitchen,Pressure Cooker,21253,Amazon Seller
PROD04235,OnePlus Smart Watch,Electronics,Smart Watch,136553,Reliance Retail
PROD04236,Adidas Spices,Grocery,Spices,2698,Godrej Consumer
PROD04237,Aashirvaad Biscuits,Grocery,Biscuits,2532,ITC Limited
PROD04238,Prestige Shampoo,Beauty,Shampoo,1727,Tata Consumer
PROD04239,Samsung Children Book,Books,Children Book,1848,Vijay Sales
PROD04240,Samsung Biography,Books,Biography,1832,Vijay Sales
PROD04241,Bajaj Laptop,Electronics,Laptop,132128,BigBasket
PROD04242,HP Headphones,Electronics,Headphones,74775,DMart
PROD04243,Boat Women Dress,Fashion,Women Dress,3879,Amazon Seller
PROD04244,Mi Handbag,Fashion,Handbag,5175,BigBasket
PROD04245,OnePlus Academic Book,Books,Academic Book,1977,Reliance Retail
PROD04246,Sony Smart Watch,Electronics,Smart Watch,117928,Amazon Seller
PROD04247,Dell Laptop,Electronics,Laptop,18364,ITC Limited
PROD04248,Samsung Shampoo,Beauty,Shampoo,829,Vijay Sales
PROD04249,Tata Laptop,Electronics,Laptop,73024,Flipkart Seller
PROD04250,Prestige Spices,Grocery,Spices,1013,Croma
PROD04251,LG Badminton Racket,Sports,Badminton Racket,29907,Flipkart Seller
PROD04252,Tata Headphones,Electronics,Headphones,145902,ITC Limited
PROD04253,Lenovo Dumbbell,Sports,Dumbbell,1500,Flipkart Seller
PROD04254,Nike Children Book,Books,Children Book,1395,ITC Limited
PROD04255,Samsung Women Dress,Fashion,Women Dress,3996,Croma
PROD04256,Mi Novel,Books,Novel,1953,ITC Limited
PROD04257,Tata Sofa,Home & Kitchen,Sofa,35830,Amazon Seller
PROD04258,Nike Mobile,Electronics,Mobile,146582,Reliance Retail
PROD04259,Boat Lipstick,Beauty,Lipstick,3977,Flipkart Seller
PROD04260,Bajaj Cooking Oil,Grocery,Cooking Oil,1607,Godrej Consumer
PROD04261,OnePlus Smart Watch,Electronics,Smart Watch,110704,Flipkart Seller
PROD04262,Sony Rice,Grocery,Rice,2142,Tata Consumer
PROD04263,Sony Dumbbell,Sports,Dumbbell,20157,Vijay Sales
PROD04264,Dell Novel,Books,Novel,1756,Godrej Consumer
PROD04265,Reliance Badminton Racket,Sports,Badminton Racket,9253,Reliance Retail
PROD04266,Puma Biography,Books,Biography,632,BigBasket
PROD04267,Mi Rice,Grocery,Rice,1784,Flipkart Seller
PROD04268,Reliance Sofa,Home & Kitchen,Sofa,32898,ITC Limited
PROD04269,Sony Football,Sports,Football,16474,BigBasket
PROD04270,Boat Football,Sports,Football,24186,Vijay Sales
PROD04271,Dell Mixer Grinder,Home & Kitchen,Mixer Grinder,38578,Vijay Sales
PROD04272,Reliance Jeans,Fashion,Jeans,7548,Godrej Consumer
PROD04273,OnePlus Perfume,Beauty,Perfume,3182,Vijay Sales
PROD04274,Nike Novel,Books,Novel,1908,Reliance Retail
PROD04275,Lenovo Sofa,Home & Kitchen,Sofa,20973,Amazon Seller
PROD04276,Tata Headphones,Electronics,Headphones,45094,ITC Limited
PROD04277,Aashirvaad Mixer Grinder,Home & Kitchen,Mixer Grinder,9828,Amazon Seller
PROD04278,Puma LED Lamp,Home & Kitchen,LED Lamp,41808,Vijay Sales
PROD04279,Apple LED Lamp,Home & Kitchen,LED Lamp,8695,Reliance Retail
PROD04280,Nike Novel,Books,Novel,2339,Vijay Sales
PROD04281,OnePlus Novel,Books,Novel,318,Vijay Sales
PROD04282,Aashirvaad Jeans,Fashion,Jeans,4228,Amazon Seller
PROD04283,Dell Spices,Grocery,Spices,2515,Godrej Consumer
PROD04284,Tata Headphones,Electronics,Headphones,21622,Flipkart Seller
PROD04285,Bajaj Mixer Grinder,Home & Kitchen,Mixer Grinder,7902,Godrej Consumer
PROD04286,Amul Cooking Oil,Grocery,Cooking Oil,2758,Godrej Consumer
PROD04287,Bajaj Football,Sports,Football,23920,Vijay Sales
PROD04288,Bajaj Laptop,Electronics,Laptop,129547,Vijay Sales
PROD04289,Sony Smart Watch,Electronics,Smart Watch,70175,Reliance Retail
PROD04290,Apple Dining Table,Home & Kitchen,Dining Table,33991,Flipkart Seller
PROD04291,Tata Perfume,Beauty,Perfume,1456,Croma
PROD04292,HP Dining Table,Home & Kitchen,Dining Table,9979,BigBasket
PROD04293,Samsung Television,Electronics,Television,117438,Croma
PROD04294,Bajaj Cricket Bat,Sports,Cricket Bat,23339,BigBasket
PROD04295,Mi Mixer Grinder,Home & Kitchen,Mixer Grinder,27788,Vijay Sales
PROD04296,HP Rice,Grocery,Rice,2033,Flipkart Seller
PROD04297,LG Spices,Grocery,Spices,2917,BigBasket
PROD04298,Apple Academic Book,Books,Academic Book,2366,Reliance Retail
PROD04299,Dell Biscuits,Grocery,Biscuits,2307,Amazon Seller
PROD04300,Prestige Smart Watch,Electronics,Smart Watch,121090,BigBasket
PROD04301,Puma Face Wash,Beauty,Face Wash,2774,Godrej Consumer
PROD04302,Aashirvaad Shoes,Fashion,Shoes,2471,ITC Limited
PROD04303,Mi Shampoo,Beauty,Shampoo,3342,Godrej Consumer
PROD04304,Adidas Children Book,Books,Children Book,2225,Vijay Sales
PROD04305,Prestige Biography,Books,Biography,1490,Croma
PROD04306,Boat Biography,Books,Biography,351,Flipkart Seller
PROD04307,LG Television,Electronics,Television,52338,Reliance Retail
PROD04308,Amul Biscuits,Grocery,Biscuits,1059,Vijay Sales
PROD04309,Amul Cricket Bat,Sports,Cricket Bat,4215,Flipkart Seller
PROD04310,Godrej Face Wash,Beauty,Face Wash,606,DMart
PROD04311,Apple Spices,Grocery,Spices,2324,Vijay Sales
PROD04312,Boat Shoes,Fashion,Shoes,2336,Vijay Sales
PROD04313,Samsung Football,Sports,Football,17364,Godrej Consumer
PROD04314,Amul Dining Table,Home & Kitchen,Dining Table,39788,Reliance Retail
PROD04315,Tata Lipstick,Beauty,Lipstick,502,Reliance Retail
PROD04316,LG Biography,Books,Biography,1373,ITC Limited
PROD04317,Sony Biography,Books,Biography,342,BigBasket
PROD04318,Nike Lipstick,Beauty,Lipstick,4660,Godrej Consumer
PROD04319,HP Lipstick,Beauty,Lipstick,3462,Reliance Retail
PROD04320,Nike Sofa,Home & Kitchen,Sofa,11105,Reliance Retail
PROD04321,Boat Tea Powder,Grocery,Tea Powder,1785,Croma
PROD04322,Boat Lipstick,Beauty,Lipstick,4503,Reliance Retail
PROD04323,Adidas Children Book, BOOKS ,Children Book,1456,DMart
PROD04324,OnePlus Handbag,Fashion,Handbag,536,Vijay Sales
PROD04325,Amul Women Dress,Fashion,Women Dress,2414,Vijay Sales
PROD04326,Sony Shampoo,Beauty,Shampoo,3530,Croma
PROD04327,Reliance Dumbbell,Sports,Dumbbell,4052,Vijay Sales
PROD04328,OnePlus Dumbbell,Sports,Dumbbell,20430,Croma
PROD04329,Tata Men T-Shirt,Fashion,Men T-Shirt,5991,Vijay Sales
PROD04330,Samsung Women Dress,Fashion,Women Dress,1732,Amazon Seller
PROD04331,Dell Pressure Cooker,Home & Kitchen,Pressure Cooker,28561,Tata Consumer
PROD04332,Adidas Badminton Racket,Sports,Badminton Racket,13647,Amazon Seller
PROD04333,OnePlus Tea Powder,Grocery,Tea Powder,325,Vijay Sales
PROD04334,Prestige Mobile,Electronics,Mobile,51367,BigBasket
PROD04335,Prestige Cricket Bat,Sports,Cricket Bat,12706,ITC Limited
PROD04336,Apple Tea Powder,Grocery,Tea Powder,2167,Vijay Sales
PROD04337,Apple Mobile,Electronics,Mobile,8935,Flipkart Seller
PROD04338,HP Lipstick,Beauty,,4151,ITC Limited
PROD04339,Prestige Women Dress,Fashion,Women Dress,1716,Godrej Consumer
PROD04340,Dell Biography,Books,Biography,205,BigBasket
PROD04341,Godrej Shampoo,Beauty,Shampoo,2255,Amazon Seller
PROD04342,Prestige Badminton Racket,Sports,Badminton Racket,5325,Flipkart Seller
PROD04343,Bajaj Men T-Shirt,Fashion,Men T-Shirt,4631,BigBasket
PROD04344,Boat Shoes,Fashion,Shoes,2167,Vijay Sales
PROD04345,Aashirvaad LED Lamp,Home & Kitchen,LED Lamp,49819,ITC Limited
PROD04346,Apple Headphones,Electronics,Headphones,96843,Amazon Seller
PROD04347,Lenovo Dining Table,Home & Kitchen,Dining Table,11957,BigBasket
PROD04348,Apple Men T-Shirt,Fashion,Men T-Shirt,5991,DMart
PROD04349,Nike Biography,Books,Biography,1632,BigBasket
PROD04350,Godrej Mobile,Electronics,Mobile,71706,BigBasket
PROD04351,Adidas Dumbbell,Sports,Dumbbell,21871,Tata Consumer
PROD04352,Bajaj Pressure Cooker,Home & Kitchen,Pressure Cooker,5526,Flipkart Seller
PROD04353,LG Women Dress,Fashion,Women Dress,7956,Tata Consumer
PROD04354,OnePlus LED Lamp,Home & Kitchen,LED Lamp,48765,Tata Consumer
PROD04355,Dell Cricket Bat,Sports,Cricket Bat,14865,Vijay Sales
PROD04356,Puma Cooking Oil,Grocery,Cooking Oil,2771,BigBasket
PROD04357,HP Football,Sports,Football,6061,Reliance Retail
PROD04358,Apple Handbag,Fashion,Handbag,3408,Amazon Seller
PROD04359,HP Rice,Grocery,Rice,1498,Reliance Retail
PROD04360,Prestige Cricket Bat,Sports,Cricket Bat,20381,Vijay Sales
PROD04361,Nike Men T-Shirt,Fashion,Men T-Shirt,2994,DMart
PROD04362,OnePlus Headphones,Electronics,Headphones,65173,Croma
PROD04363,Nike Football,Sports,Football,20951,DMart
PROD04364,Adidas Pressure Cooker,Home & Kitchen,Pressure Cooker,1274,Reliance Retail
PROD04365,Lenovo Rice,Grocery,Rice,333,Vijay Sales
PROD04366,Lenovo Lipstick,Beauty,Lipstick,2447,ITC Limited
PROD04367,Amul Headphones,Electronics,Headphones,50154,BigBasket
PROD04368,Amul Dining Table,Home & Kitchen,Dining Table,17647,BigBasket
PROD04369,Apple Face Wash,Beauty,Face Wash,1822,ITC Limited
PROD04370,HP Mixer Grinder,Home & Kitchen,Mixer Grinder,40002,Godrej Consumer
PROD04371,Apple Shoes,Fashion,Shoes,1177,Reliance Retail
PROD04372,Puma Dumbbell,Sports,Dumbbell,21591,Godrej Consumer
PROD04373,Apple Laptop,Electronics,Laptop,124666,ITC Limited
PROD04374,Apple Biography,Books,Biography,1731,Godrej Consumer
PROD04375,Mi Children Book,Books,Children Book,2311,ITC Limited
PROD04376,OnePlus Cooking Oil,Grocery,Cooking Oil,299,BigBasket
PROD04377,Mi Sofa,Home & Kitchen,Sofa,46576,Amazon Seller
PROD04378,Samsung Biscuits,Grocery,Biscuits,1173,Tata Consumer
PROD04379,Nike Football,Sports,Football,12848,DMart
PROD04380,OnePlus Mobile,Electronics,Mobile,146674,Vijay Sales
PROD04381,Sony Dumbbell,Sports,Dumbbell,9275,Amazon Seller
PROD04382,Puma Handbag,Fashion,Handbag,5152,Tata Consumer
PROD04383,Puma Handbag,Fashion,Handbag,2251,Godrej Consumer
PROD04384,LG Rice,Grocery,Rice,511,ITC Limited
PROD04385,Aashirvaad Face Wash,Beauty,Face Wash,1387,Godrej Consumer
PROD04386,Lenovo Women Dress,Fashion,Women Dress,7401,ITC Limited
PROD04387,Apple Television,Electronics,Television,60598,Amazon Seller
PROD04388,Reliance Men T-Shirt,Fashion,Men T-Shirt,6986,Flipkart Seller
PROD04389,Puma Laptop,Electronics,Laptop,51066,Reliance Retail
PROD04390,Lenovo Mobile,Electronics,Mobile,106171,Tata Consumer
PROD04391,Samsung Lipstick,Beauty,Lipstick,471,Reliance Retail
PROD04392,Aashirvaad Children Book,Books,Children Book,648,Reliance Retail
PROD04393,Adidas Academic Book,Books,Academic Book,925,Croma
PROD04394,Adidas Face Wash,Beauty,Face Wash,605,DMart
PROD04395,Boat Biography,Books,Biography,1149,Flipkart Seller
PROD04396,HP Academic Book,Books,Academic Book,1281,Vijay Sales
PROD04397,LG Spices,Grocery,Spices,848,Croma
PROD04398,Mi Sofa,Home & Kitchen,Sofa,21235,Flipkart Seller
PROD04399,Bajaj Mobile,Electronics,Mobile,9430,Tata Consumer
PROD04400,Sony Biscuits,Grocery,Biscuits,64,Croma
PROD04401,Boat Tea Powder,Grocery,Tea Powder,2459,Vijay Sales
PROD04402,Boat Face Wash,Beauty,Face Wash,260,Reliance Retail
PROD04403,Aashirvaad Lipstick,Beauty,Lipstick,3557,BigBasket
PROD04404,Tata Mobile,Electronics,Mobile,108019,Croma
PROD04405,Prestige Mixer Grinder,Home & Kitchen,Mixer Grinder,46642,DMart
PROD04406,Dell Mixer Grinder,Home & Kitchen,Mixer Grinder,35997,Croma
PROD04407,OnePlus Headphones,,Headphones,75481,Godrej Consumer
PROD04408,Lenovo Face Wash,Beauty,Face Wash,223,Croma
PROD04409,Bajaj Spices,Grocery,Spices,1810,Vijay Sales
PROD04410,Adidas Novel,Books,Novel,2419,Amazon Seller
PROD04411,Sony Lipstick,Beauty,Lipstick,3281,Godrej Consumer
PROD04412,Lenovo Face Wash,Beauty,Face Wash,2017,ITC Limited
PROD04413,HP Face Wash,Beauty,Face Wash,4434,Tata Consumer
PROD04414,Prestige Spices,Grocery,Spices,1541,Reliance Retail
PROD04415,Godrej LED Lamp,Home & Kitchen,LED Lamp,12336,Croma
PROD04416,Mi Face Wash,Beauty,Face Wash,3823,Vijay Sales
PROD04417,Puma Television,Electronics,Television,38162,Reliance Retail
PROD04418,Godrej Laptop,Electronics,Laptop,98980,Tata Consumer
PROD04419,Mi Spices,Grocery,Spices,0,Amazon Seller
PROD04420,Adidas Face Wash,Beauty,Face Wash,744,ITC Limited
PROD04421,Mi Rice,Grocery,Rice,-3814,Amazon Seller
PROD04422,Amul Headphones,Electronics,Headphones,92979,ITC Limited
PROD04423,Dell Mixer Grinder,Home & Kitchen,Mixer Grinder,32393,Tata Consumer
PROD04424,LG Mixer Grinder,Home & Kitchen,Mixer Grinder,32499,BigBasket
PROD04425,Prestige Shampoo,Beauty,Shampoo,891,ITC Limited
PROD04426,Nike Football,Sports,Football,3511,Godrej Consumer
PROD04427,LG Badminton Racket,Sports,Badminton Racket,14778,BigBasket
PROD04428,LG Women Dress,Fashion,Women Dress,5241,Tata Consumer
PROD04429,Mi LED Lamp,Home & Kitchen,LED Lamp,5379,Tata Consumer
PROD04430,Amul Smart Watch,Electronics,Smart Watch,74835,Amazon Seller
PROD04431,Amul Television,Electronics,Television,81978,Croma
PROD04432,Boat Face Wash,Beauty,Face Wash,3664,ITC Limited
PROD04433,Mi Men T-Shirt,Fashion,Men T-Shirt,1459,Amazon Seller
PROD04434,HP Tea Powder,Grocery,Tea Powder,50,Godrej Consumer
PROD04435,Prestige Mobile,Electronics,Mobile,109673,DMart
PROD04436,Godrej Dumbbell,Sports,Dumbbell,9514,Reliance Retail
PROD04437,Bajaj Shampoo,Beauty,Shampoo,1214,BigBasket
PROD04438,Sony Biscuits,Grocery,Biscuits,2110,Amazon Seller
PROD04439,Nike Biography,Books,Biography,170,Reliance Retail
PROD04440,Lenovo Headphones,Electronics,Headphones,140452,Amazon Seller
PROD04441,Dell Jeans,Fashion,Jeans,2269,Flipkart Seller
PROD04442,Prestige Shoes,Fashion,Shoes,3490,ITC Limited
PROD04443,Tata Tea Powder,Grocery,Tea Powder,2022,Flipkart Seller
PROD04444,Apple Smart Watch,Electronics,Smart Watch,20466,Flipkart Seller
PROD04445,Amul Television,Electronics,Television,5268,Godrej Consumer
PROD04446,Samsung Shoes,Fashion,Shoes,6986,Flipkart Seller
PROD04447,Godrej Pressure Cooker,Home & Kitchen,Pressure Cooker,5799,Reliance Retail
PROD04448,Puma Dumbbell,Sports,Dumbbell,27269,Tata Consumer
PROD04449,LG Television,Electronics,Television,57326,Reliance Retail
PROD04450,Prestige Headphones,,Headphones,117771,Godrej Consumer
PROD04451,Tata Mixer Grinder,Home & Kitchen,Mixer Grinder,32210,BigBasket
PROD04452,Lenovo Cricket Bat,Sports,Cricket Bat,19308,BigBasket
PROD04453,Adidas Biography,Books,Biography,1079,Amazon Seller
PROD04454,Lenovo Spices,Grocery,Spices,1968,Vijay Sales
PROD04455,Godrej Novel,Books,Novel,1561,Amazon Seller
PROD04456,Nike Biography,Books,Biography,2084,Flipkart Seller
PROD04457,OnePlus Face Wash,Beauty,Face Wash,4316,Amazon Seller
PROD04458,Adidas Shampoo,Beauty,Shampoo,4510,Flipkart Seller
PROD04459,Reliance Men T-Shirt,Fashion,Men T-Shirt,2412,Croma
PROD04460,Amul Laptop,Electronics,Laptop,110717,DMart
PROD04461,Prestige Football,Sports,Football,15844,BigBasket
PROD04462,Dell Jeans,Fashion,Jeans,2397,ITC Limited
PROD04463,Boat Cooking Oil,Grocery,Cooking Oil,670,Vijay Sales
PROD04464,Aashirvaad Academic Book,Books,Academic Book,1268,ITC Limited
PROD04465,Godrej Face Wash,Beauty,Face Wash,3768,DMart
PROD04466,Nike Novel,Books,Novel,1377,ITC Limited
PROD04467,Apple Novel,Books,Novel,1393,Amazon Seller
PROD04468,,Home & Kitchen,Pressure Cooker,41828,BigBasket
PROD04469,Apple Shampoo,Beauty,Shampoo,488,Croma
PROD04470,Dell Mixer Grinder,Home & Kitchen,Mixer Grinder,29619,BigBasket
PROD04471,Aashirvaad Cricket Bat,Sports,Cricket Bat,12299,Tata Consumer
PROD04989,Tata Women Dress,Fashion,Women Dress,2019,ITC Limited
PROD04473,Bajaj Shampoo,Beauty,Shampoo,4724,Amazon Seller
PROD04474,OnePlus Cricket Bat,Sports,Cricket Bat,1614,ITC Limited
PROD04475,Samsung Dining Table,Home & Kitchen,Dining Table,3285,Tata Consumer
PROD04476,Tata Dumbbell,Sports,Dumbbell,22326,Godrej Consumer
PROD00521,Samsung Laptop,Electronics,Laptop,26845,Flipkart Seller
PROD04478,Samsung Lipstick,Beauty,Lipstick,256,Amazon Seller
PROD04479,Dell Dining Table,Home & Kitchen,Dining Table,45194,Vijay Sales
PROD04480,Sony Laptop,Electronics,Laptop,11237,Vijay Sales
PROD04481,Puma Dumbbell,Sports,Dumbbell,10826,
PROD04482,Sony Cricket Bat,Sports,Cricket Bat,521,Flipkart Seller
PROD04483,Sony Football,Sports,Football,14843,Croma
PROD04484,Amul Spices,Grocery,Spices,293,Reliance Retail
PROD04485,Reliance Shoes,Fashion,Shoes,946,Croma
PROD04486,Bajaj Smart Watch,Electronics,Smart Watch,52996,Croma
PROD04487,Nike Spices,Grocery,Spices,1852,Godrej Consumer
PROD04488,Dell Mixer Grinder,Home & Kitchen,Mixer Grinder,19015,Reliance Retail
PROD04489,Samsung Biscuits,Grocery,Biscuits,1864,DMart
PROD04490,Dell Cooking Oil,Grocery,Cooking Oil,2486,ITC Limited
PROD04491,Mi Smart Watch,Electronics,Smart Watch,100985,Reliance Retail
PROD04492,Reliance Men T-Shirt,Fashion,Men T-Shirt,379,Vijay Sales
PROD04493,Bajaj LED Lamp,Home & Kitchen,LED Lamp,20427,Reliance Retail
PROD04494,Samsung Handbag,Fashion,Handbag,324,BigBasket
PROD04495,Reliance Pressure Cooker,Home & Kitchen,Pressure Cooker,14558,Vijay Sales
PROD04496,OnePlus Television,Electronics,Television,79504,Flipkart Seller
PROD04497,Adidas Television,Electronics,Television,29587,DMart
PROD04498,OnePlus Dumbbell,Sports,Dumbbell,20704,Amazon Seller
PROD04499,Amul Biography,Books,Biography,1147,Croma
PROD04500,LG Dumbbell,Sports,Dumbbell,1997,Croma
PROD04501,Reliance Face Wash,Beauty,Face Wash,585,Vijay Sales
PROD04502,Tata Face Wash,Beauty,Face Wash,3358,Godrej Consumer
PROD04503,Prestige Face Wash,Beauty,Face Wash,4578,Vijay Sales
PROD04504,HP Badminton Racket,Sports,Badminton Racket,9110,Reliance Retail
PROD04505,HP Cooking Oil,Grocery,Cooking Oil,2101,BigBasket
PROD04506,Bajaj Football,Sports,Football,22199,DMart
PROD04507,Adidas Biography,Books,Biography,1685,DMart
PROD04508,Aashirvaad Mobile,Electronics,Mobile,133654,Tata Consumer
PROD04509,Boat Shampoo,Beauty,Shampoo,2787,Reliance Retail
PROD04510,Amul Women Dress,Fashion,Women Dress,7086,Reliance Retail
PROD04511,Bajaj Headphones,Electronics,Headphones,104479,Croma
PROD04512,Aashirvaad Pressure Cooker,Home & Kitchen,Pressure Cooker,12535,BigBasket
PROD04513,Apple Headphones,Electronics,Headphones,71786,Amazon Seller
PROD04514,Sony Academic Book,Books,Academic Book,2495,Amazon Seller
PROD04515,Adidas Women Dress,Fashion,Women Dress,3011,Flipkart Seller
PROD04516,Reliance Mobile,Electronics,Mobile,15442,Vijay Sales
PROD04517,Amul Rice,Grocery,Rice,1050,Reliance Retail
PROD04518,Lenovo Badminton Racket,Sports,Badminton Racket,8799,DMart
PROD04519,Samsung Laptop,Electronics,Laptop,28169,Vijay Sales
PROD04520,Puma Lipstick,Beauty,Lipstick,1214,Godrej Consumer
PROD04521,Boat Smart Watch,Electronics,Smart Watch,124678,Croma
PROD04522,Apple Spices,Grocery,Spices,2274,Tata Consumer
PROD04523,Sony LED Lamp,Home & Kitchen,LED Lamp,6249,Amazon Seller
PROD04524,Adidas Children Book,Books,,836,Vijay Sales
PROD04525,Puma Laptop,Electronics,Laptop,114859,Amazon Seller
PROD04526,LG Rice,Grocery,Rice,1924,Croma
PROD04527,Sony LED Lamp,Home & Kitchen,LED Lamp,5594,BigBasket
PROD04528,Tata Lipstick,Beauty,Lipstick,4981,Amazon Seller
PROD04529,Samsung Headphones,Electronics,Headphones,28811,Croma
PROD04530,Puma Cooking Oil,Grocery,Cooking Oil,2973,ITC Limited
PROD04531,Bajaj Laptop,Electronics,Laptop,118101,Amazon Seller
PROD04532,Sony Television,Electronics,Television,22701,Croma
PROD04533,Lenovo Academic Book,Books,Academic Book,2496,Tata Consumer
PROD04534,Amul Cricket Bat,Sports,Cricket Bat,19031,Flipkart Seller
PROD04535,Samsung Face Wash,Beauty,Face Wash,4221,Vijay Sales
PROD04536,Amul Handbag,Fashion,Handbag,3022,ITC Limited
PROD04537,Mi Academic Book,Books,Academic Book,1431,Godrej Consumer
PROD04538,HP Badminton Racket,Sports,Badminton Racket,5987,Flipkart Seller
PROD04539,Reliance Face Wash,Beauty,Face Wash,2882,DMart
PROD04540,Prestige Shampoo,Beauty,Shampoo,4585,Vijay Sales
PROD04541,Lenovo Novel,Books,Novel,2114,Amazon Seller
PROD04542,Nike Spices,Grocery,Spices,1408,BigBasket
PROD04543,Samsung Rice,Grocery,Rice,2154,Amazon Seller
PROD04544,Sony Shoes,Fashion,Shoes,309,Reliance Retail
PROD04545,Bajaj Handbag,Fashion,Handbag,5338,BigBasket
PROD04546,Puma Novel,Books,Novel,704,Amazon Seller
PROD04547,Prestige Smart Watch,Electronics,Smart Watch,77725,BigBasket
PROD04548,Bajaj Perfume,Beauty,Perfume,1178,ITC Limited
PROD04549,Prestige Cricket Bat,Sports,Cricket Bat,14310,Croma
PROD04550,Tata Novel,Books,Novel,668,Reliance Retail
PROD04551,Bajaj Men T-Shirt,Fashion,Men T-Shirt,715,BigBasket
PROD04552,Puma Football,Sports,Football,28430,Amazon Seller
PROD04553,HP Shoes,Fashion,Shoes,-3010,Amazon Seller
PROD04554,Puma Cricket Bat,Sports,Cricket Bat,12720,DMart
PROD04555,Lenovo Laptop,Electronics,Laptop,29520,Vijay Sales
PROD04556,Godrej Mixer Grinder,Home & Kitchen,Mixer Grinder,17111,Vijay Sales
PROD04557,Reliance Men T-Shirt,Fashion,Men T-Shirt,3121,Godrej Consumer
PROD04558,Dell Shoes,Fashion,Shoes,4065,Croma
PROD04559,OnePlus Face Wash,Beauty,Face Wash,4501,DMart
PROD04560,Tata Men T-Shirt,Fashion,Men T-Shirt,5639,Amazon Seller
PROD04561,Godrej Academic Book,Books,Academic Book,453,Tata Consumer
PROD04562,OnePlus Sofa,Home & Kitchen,Sofa,3178,Amazon Seller
PROD04563,Samsung Novel,Books,Novel,269,BigBasket
PROD04564,Nike Handbag,Fashion,Handbag,847,Godrej Consumer
PROD04565,Sony Lipstick,Beauty,Lipstick,1335,Godrej Consumer
PROD04566,Samsung Laptop,Electronics,Laptop,115047,Tata Consumer
PROD04567,Reliance Television,Electronics,Television,101178,Vijay Sales
PROD04568,Godrej Biography,Books,Biography,1760,Tata Consumer
PROD04569,Aashirvaad Rice,Grocery,Rice,1007,Vijay Sales
PROD04570,Mi Men T-Shirt,Fashion,Men T-Shirt,4495,Vijay Sales
PROD04571,Reliance Dining Table,Home & Kitchen,Dining Table,20370,Godrej Consumer
PROD04572,Adidas Dining Table,Home & Kitchen,Dining Table,43493,Reliance Retail
PROD04573,Aashirvaad Lipstick,Beauty,Lipstick,1708,BigBasket
PROD04574,Puma Novel,Books,Novel,2474,Vijay Sales
PROD04575,Adidas Mixer Grinder,Home & Kitchen,Mixer Grinder,42916,Godrej Consumer
PROD04576,Dell Shampoo,Beauty,Shampoo,1654,Amazon Seller
PROD04577,Aashirvaad Cooking Oil,Grocery,Cooking Oil,601,Vijay Sales
PROD04578,Prestige Rice,Grocery,Rice,1260,Amazon Seller
PROD04579,Godrej Pressure Cooker,Home & Kitchen,Pressure Cooker,44111,Amazon Seller
PROD04580,Apple Tea Powder,Grocery,Tea Powder,2898,Croma
PROD04581,Samsung Pressure Cooker,Home & Kitchen,Pressure Cooker,45010,ITC Limited
PROD04582,Reliance Spices,Grocery,Spices,2236,Tata Consumer
PROD04583,OnePlus Academic Book,Books,Academic Book,1819,Amazon Seller
PROD04584,Adidas Football,Sports,Football,27391,Flipkart Seller
PROD04585,Nike Badminton Racket,Sports,Badminton Racket,7728,DMart
PROD04586,Puma Biography,Books,Biography,698,BigBasket
PROD04587,Amul Shampoo,Beauty,Shampoo,571,Croma
PROD04588,Puma Novel,Books,Novel,1155,BigBasket
PROD04589,Puma Men T-Shirt,Fashion,Men T-Shirt,935,Flipkart Seller
PROD04590,Lenovo Dumbbell,Sports,Dumbbell,16867,Vijay Sales
PROD04591,Nike Smart Watch,Electronics,Smart Watch,101939,Tata Consumer
PROD04592,Mi Biscuits,Grocery,Biscuits,2815,BigBasket
PROD04593,Dell Perfume,Beauty,Perfume,3388,Godrej Consumer
PROD04594,Boat Dumbbell,Sports,Dumbbell,7032,Croma
PROD04595,Amul Shoes,,Shoes,4922,Tata Consumer
PROD04596,Aashirvaad Tea Powder,Grocery,Tea Powder,1633,Godrej Consumer
PROD04597,Aashirvaad Spices,Grocery,Spices,310,Vijay Sales
PROD04598,LG Jeans,Fashion,Jeans,947,Amazon Seller
PROD04599,Amul Dining Table,Home & Kitchen,Dining Table,1950,ITC Limited
PROD04600,Mi Cricket Bat,Sports,Cricket Bat,11380,Godrej Consumer
PROD04601,Prestige LED Lamp,Home & Kitchen,LED Lamp,22893,Amazon Seller
PROD04602,OnePlus Biscuits,Grocery,Biscuits,634,Croma
PROD04603,Mi Tea Powder,Grocery,Tea Powder,1611,Vijay Sales
PROD04604,Sony Sofa,Home & Kitchen,Sofa,7895,DMart
PROD04605,Nike Headphones,Electronics,Headphones,40837,DMart
PROD04606,Samsung LED Lamp,Home & Kitchen,LED Lamp,17912,Amazon Seller
PROD04607,Adidas Face Wash,Beauty,Face Wash,531,BigBasket
PROD04608,Puma Football,Sports,Football,26473,Amazon Seller
PROD00872,HP Novel,Books,Novel,510,Amazon Seller
PROD04610,Dell Men T-Shirt,Fashion,Men T-Shirt,0,Vijay Sales
PROD04611,Puma Shoes,Fashion,Shoes,1154,Reliance Retail
PROD04612,Samsung Television,Electronics,Television,134940,ITC Limited
PROD04613,Sony Tea Powder,Grocery,Tea Powder,631,Flipkart Seller
PROD04614,Apple Smart Watch,Electronics,Smart Watch,122082,
PROD04615,Boat Biography,Books,Biography,790,DMart
PROD04616,Sony Dining Table,Home & Kitchen,Dining Table,28873,ITC Limited
PROD04617,Nike Biscuits,Grocery,Biscuits,1143,Tata Consumer
PROD04618,HP Mobile,Electronics,Mobile,55854,Amazon Seller
PROD04619,Lenovo Rice,Grocery,Rice,1733,Croma
PROD04620,Puma Football,Sports,Football,15072,Tata Consumer
PROD04621,Mi Shampoo,Beauty,Shampoo,3622,Vijay Sales
PROD04622,Godrej Dumbbell,Sports,Dumbbell,6670,DMart
PROD04623,Samsung Face Wash,Beauty,Face Wash,2382,Reliance Retail
PROD04624,Amul Cricket Bat,Sports,Cricket Bat,27215,Amazon Seller
PROD04625,Apple Biscuits,Grocery,Biscuits,307,Reliance Retail
PROD04626,Lenovo Dining Table,Home & Kitchen,Dining Table,43641,Reliance Retail
PROD04627,LG Mobile,Electronics,Mobile,131837,Amazon Seller
PROD04628,Prestige Football,Sports,Football,10631,Amazon Seller
PROD04629,Bajaj Sofa,Home & Kitchen,Sofa,8358,Vijay Sales
PROD04630,Adidas Television,Electronics,Television,64430,Godrej Consumer
PROD04631,Bajaj Cricket Bat,Sports,Cricket Bat,25504,Vijay Sales
PROD04632,HP Academic Book,Books,Academic Book,823,Reliance Retail
PROD04633,Bajaj Men T-Shirt,Fashion,Men T-Shirt,3397,Godrej Consumer
PROD04634,LG Dining Table,Home & Kitchen,Dining Table,34454,Vijay Sales
PROD04635,OnePlus Men T-Shirt,Fashion,Men T-Shirt,5582,Amazon Seller
PROD04636,Puma Children Book,Books,Children Book,1558,Amazon Seller
PROD04637,OnePlus Dumbbell,Sports,Dumbbell,12042,DMart
PROD04638,Sony Women Dress,Fashion,Women Dress,1535,Tata Consumer
PROD04639,Bajaj Handbag,Fashion,Handbag,7620,ITC Limited
PROD04640,Tata Novel,Books,Novel,1326,Croma
PROD04641,Puma Biscuits,Grocery,Biscuits,1500,DMart
PROD04642,Godrej Women Dress,Fashion,Women Dress,3796,Flipkart Seller
PROD04643,Reliance Biography,Books,Biography,2073,Vijay Sales
PROD04644,Apple Mobile,Electronics,Mobile,125354,Reliance Retail
PROD04645,Aashirvaad Novel,Books,Novel,2189,Flipkart Seller
PROD04646,Sony Spices,Grocery,Spices,868,Vijay Sales
PROD04647,Tata Mobile,Electronics,Mobile,133815,Flipkart Seller
PROD04648,Samsung Shoes,Fashion,Shoes,3201,ITC Limited
PROD04649,Apple Handbag,Fashion,Handbag,5478,Amazon Seller
PROD04650,HP Cricket Bat,Sports,Cricket Bat,22330,Vijay Sales
PROD04651,Apple Dumbbell,Sports,Dumbbell,28665,BigBasket
PROD04652,HP Biscuits,Grocery,Biscuits,870,Croma
PROD04653,LG Perfume,Beauty,Perfume,1289,DMart
PROD04654,LG Women Dress,Fashion,Women Dress,1622,ITC Limited
PROD04655,OnePlus Mobile,Electronics,Mobile,81555,BigBasket
PROD04656,Apple Jeans,Fashion,Jeans,5791,Godrej Consumer
PROD04657,Sony Women Dress,Fashion,Women Dress,6314,Croma
PROD04658,Aashirvaad Face Wash,Beauty,Face Wash,1599,Godrej Consumer
PROD04659,Amul Pressure Cooker,Home & Kitchen,Pressure Cooker,43497,Reliance Retail
PROD04660,HP Shampoo,Beauty,Shampoo,2104,Flipkart Seller
PROD04661,Apple Rice,Grocery,Rice,277,BigBasket
PROD04662,Nike Lipstick,Beauty,Lipstick,956,DMart
PROD04663,Boat Headphones,Electronics,Headphones,65061,ITC Limited
PROD04886,Apple Mixer Grinder,Home & Kitchen,Mixer Grinder,21730,Amazon Seller
PROD04665,Puma Mobile,ELECTRONICS,Mobile,106021,Amazon Seller
PROD04666,Lenovo Face Wash,Beauty,Face Wash,2449,Vijay Sales
PROD04667,HP Handbag,Fashion,Handbag,5680,Croma
PROD04668,Boat Face Wash,Beauty,Face Wash,2367,Tata Consumer
PROD04669,Boat Smart Watch,Electronics,Smart Watch,70910,Godrej Consumer
PROD04670,Prestige Laptop,Electronics,Laptop,101544,Flipkart Seller
PROD04671,Prestige Perfume,Beauty,Perfume,734,Godrej Consumer
PROD04672,Boat Tea Powder,Grocery,Tea Powder,1804,BigBasket
PROD04673,Prestige Television,Electronics,Television,103559,Godrej Consumer
PROD04674,Boat Handbag,Fashion,Handbag,3993,ITC Limited
PROD04675,Sony Perfume,Beauty,Perfume,593,Tata Consumer
PROD04676,LG Rice,Grocery,Rice,124,BigBasket
PROD04677,Sony Shoes,Fashion,Shoes,5761,Reliance Retail
PROD04678,HP Television,Electronics,Television,30190,Amazon Seller
PROD04679,LG Cricket Bat,Sports,Cricket Bat,10575,Flipkart Seller
PROD04680,Puma Handbag,Fashion,Handbag,6459,Vijay Sales
PROD04681,Dell Children Book,Books,Children Book,2328,Godrej Consumer
PROD04682,Aashirvaad Badminton Racket,Sports,Badminton Racket,1690,Godrej Consumer
PROD04683,Bajaj Children Book,Books,Children Book,453,Amazon Seller
PROD04684,HP Lipstick,Beauty,Lipstick,1995,Flipkart Seller
PROD04685,Sony Spices,Grocery,Spices,590,Tata Consumer
PROD04686,Tata Badminton Racket,Sports,Badminton Racket,15585,Croma
PROD04687,Apple Badminton Racket,Sports,Badminton Racket,14274,Croma
PROD04688,Mi Women Dress,Fashion,Women Dress,7673,BigBasket
PROD04689,OnePlus Men T-Shirt,Fashion,Men T-Shirt,1051,Vijay Sales
PROD04690,Bajaj Dining Table,Home & Kitchen,Dining Table,2523,ITC Limited
PROD04691,Sony Dumbbell,Sports,Dumbbell,8140,Flipkart Seller
PROD04692,Sony Men T-Shirt,Fashion,Men T-Shirt,1291,Godrej Consumer
PROD04693,Tata Smart Watch,Electronics,Smart Watch,96515,Tata Consumer
PROD04694,Nike Biscuits,Grocery,Biscuits,1208,Godrej Consumer
PROD04695,Adidas Badminton Racket,Sports,Badminton Racket,16226,Reliance Retail
PROD04696,Tata Cricket Bat,Sports,Cricket Bat,5096,Vijay Sales
PROD04697,Aashirvaad Children Book,Books,Children Book,1404,BigBasket
PROD04698,HP Children Book,Books,Children Book,1792,BigBasket
PROD04699,Mi Children Book,Books,Children Book,1993,BigBasket
PROD04700,Bajaj Headphones,Electronics,Headphones,106097,Croma
PROD04701,Nike Face Wash,Beauty,Face Wash,2808,Reliance Retail
PROD04702,Puma Headphones,Electronics,Headphones,97537,Croma
PROD04703,HP Football,Sports,Football,7026,Reliance Retail
PROD04704,Nike Children Book,Books,Children Book,2464,Vijay Sales
PROD04705,Dell Novel,Books,Novel,1957,Flipkart Seller
PROD04706,Amul Television,Electronics,Television,41006,Godrej Consumer
PROD04707,Puma Badminton Racket,Sports,Badminton Racket,11021,DMart
PROD04708,Mi Smart Watch,Electronics,Smart Watch,127146,Reliance Retail
PROD04709,Amul Jeans,Fashion,Jeans,1202,Amazon Seller
PROD04710,Dell Novel,Books,Novel,1843,DMart
PROD04711,Puma Perfume,Beauty,Perfume,741,Croma
PROD02966,Lenovo Biography,Books,Biography,2442,Godrej Consumer
PROD04713,OnePlus Tea Powder,Grocery,Tea Powder,1661,Croma
PROD04714,Godrej Sofa,Home & Kitchen,Sofa,16753,BigBasket
PROD04715,Adidas Dining Table,Home & Kitchen,Dining Table,49345,DMart
PROD04716,Prestige Dining Table,Home & Kitchen,Dining Table,20511,Godrej Consumer
PROD04717,Mi Headphones,Electronics,Headphones,69117,Godrej Consumer
PROD04718,Nike Jeans,Fashion,Jeans,5037,Tata Consumer
PROD04719,Mi Pressure Cooker,Home & Kitchen,Pressure Cooker,18171,Vijay Sales
PROD04720,Lenovo Mixer Grinder,Home & Kitchen,Mixer Grinder,44803,ITC Limited
PROD04721,Puma Women Dress,Fashion,Women Dress,691,Godrej Consumer
PROD04722,Godrej LED Lamp,Home & Kitchen,LED Lamp,8908,Godrej Consumer
PROD04723,Bajaj Badminton Racket,Sports,Badminton Racket,19361,ITC Limited
PROD04724,Samsung Dumbbell,Sports,Dumbbell,8665,Amazon Seller
PROD04725,Mi Mobile,Electronics,Mobile,121796,Amazon Seller
PROD04726,Samsung Laptop,Electronics,Laptop,130498,Reliance Retail
PROD04727,Adidas Perfume,Beauty,Perfume,4348,Croma
PROD04728,Godrej Jeans,Fashion,Jeans,3335,Croma
PROD04729,LG Shampoo,Beauty,Shampoo,405,DMart
PROD04730,Adidas Mobile,Electronics,Mobile,77912,Godrej Consumer
PROD04731,Aashirvaad Perfume,Beauty,Perfume,625,Amazon Seller
PROD04732,Mi Football,Sports,Football,2289,Reliance Retail
PROD04733,Samsung Jeans,Fashion,Jeans,1417,Flipkart Seller
PROD04734,Boat Shoes,Fashion,Shoes,7332,Vijay Sales
PROD04735,Lenovo Tea Powder,Grocery,Tea Powder,2945,Godrej Consumer
PROD04736,Boat Shampoo,Beauty,Shampoo,4870,Croma
PROD04737,Tata Badminton Racket,Sports,Badminton Racket,18698,Vijay Sales
PROD04738,Mi Rice,Grocery,Rice,2546,DMart
PROD04739,Amul Smart Watch,Electronics,Smart Watch,149847,BigBasket
PROD04740,Boat Jeans,Fashion,Jeans,3548,Vijay Sales
PROD04741,Prestige Men T-Shirt,Fashion,Men T-Shirt,2125,ITC Limited
PROD04742,Reliance Biography,Books,Biography,988,BigBasket
PROD04743,Godrej Women Dress,Fashion,Women Dress,1590,Amazon Seller
PROD04744,Bajaj Laptop,,Laptop,86271,Tata Consumer
PROD04745,Nike Pressure Cooker,Home & Kitchen,Pressure Cooker,27145,DMart
PROD04746,Tata Cricket Bat,Sports,Cricket Bat,10371,DMart
PROD04747,Mi Badminton Racket,Sports,Badminton Racket,14121,ITC Limited
PROD04748,Apple Badminton Racket,Sports,Badminton Racket,27736,Reliance Retail
PROD04749,Boat Television,Electronics,Television,41927,Godrej Consumer
PROD04750,Aashirvaad Tea Powder,Grocery,Tea Powder,2436,Reliance Retail
PROD04751,HP Men T-Shirt,Fashion,Men T-Shirt,3889,BigBasket
PROD04752,Nike Headphones,Electronics,Headphones,54367,Reliance Retail
PROD04753,Boat Pressure Cooker,Home & Kitchen,Pressure Cooker,4330,Amazon Seller
PROD04754,Amul Handbag,Fashion,Handbag,684,Amazon Seller
PROD04755,OnePlus Handbag,Fashion,Handbag,2596,Vijay Sales
PROD04756,Sony Perfume,Beauty,Perfume,3773,Croma
PROD04757,Bajaj Football,Sports,Football,7087,Amazon Seller
PROD04758,OnePlus Novel,Books,Novel,1107,Reliance Retail
PROD04759,LG Men T-Shirt,Fashion,Men T-Shirt,3004,Vijay Sales
PROD04760,Bajaj Academic Book,Books,Academic Book,987,Reliance Retail
PROD04761,Puma Men T-Shirt,Fashion,Men T-Shirt,1916,BigBasket
PROD04762,Dell Lipstick,Beauty,Lipstick,654,Flipkart Seller
PROD04763,Dell Badminton Racket,Sports,Badminton Racket,12466,Reliance Retail
PROD04764,LG Lipstick,Beauty,Lipstick,4018,Godrej Consumer
PROD04765,Boat Biography,Books,Biography,1170,Reliance Retail
PROD04766,Amul Jeans,Fashion,Jeans,2025,Reliance Retail
PROD04767,Puma Laptop,Electronics,Laptop,72715,Tata Consumer
PROD04768,Tata Women Dress,Fashion,Women Dress,2075,BigBasket
PROD04769,Reliance Football,Sports,Football,4663,ITC Limited
PROD04770,Prestige Sofa,Home & Kitchen,Sofa,38610,Reliance Retail
PROD04771,Sony Headphones,Electronics,Headphones,47836,Amazon Seller
PROD04772,Amul Mixer Grinder,Home & Kitchen,Mixer Grinder,4333,Tata Consumer
PROD04773,Nike Biscuits,Grocery,Biscuits,2755,ITC Limited
PROD04774,HP Face Wash,Beauty,Face Wash,4156,Croma
PROD04775,Godrej Tea Powder,Grocery,Tea Powder,483,Godrej Consumer
PROD04776,Sony Spices,Grocery,Spices,1130,Reliance Retail
PROD04777,Apple Perfume,Beauty,Perfume,1962,ITC Limited
PROD04778,LG Biscuits,Grocery,Biscuits,2825,Tata Consumer
PROD04779,Boat Football,Sports,Football,17073,Flipkart Seller
PROD04780,Boat Women Dress,Fashion,Women Dress,5205,Reliance Retail
PROD04781,Boat Spices,Grocery,Spices,1628,Vijay Sales
PROD04782,Adidas Spices,Grocery,Spices,2968,BigBasket
PROD04783,Puma Novel,Books,Novel,2138,DMart
PROD04784,Dell Football,Sports,Football,19289,Flipkart Seller
PROD04785,Samsung Cooking Oil,Grocery,Cooking Oil,582,Flipkart Seller
PROD04786,Samsung Mobile,Electronics,Mobile,144176,Tata Consumer
PROD04787,Puma Academic Book,Books,Academic Book,1569,ITC Limited
PROD04788,Prestige Face Wash,Beauty,Face Wash,3822,Reliance Retail
PROD04789,Adidas Biscuits,Grocery,Biscuits,2890,Reliance Retail
PROD04790,OnePlus Cooking Oil,Grocery,Cooking Oil,668,Croma
PROD04791,OnePlus Television,Electronics,Television,71012,Croma
PROD04792,Boat Handbag,Fashion,Handbag,6322,Flipkart Seller
PROD04793,Sony Face Wash,Beauty,Face Wash,1537,Amazon Seller
PROD04794,Nike Lipstick,Beauty,Lipstick,2146,DMart
PROD04795,Sony Children Book,Books,Children Book,819,Reliance Retail
PROD04796,LG Dining Table,Home & Kitchen,Dining Table,9959,Flipkart Seller
PROD04797,Aashirvaad Shampoo,Beauty,Shampoo,2725,BigBasket
PROD04798,Bajaj Children Book,Books,Children Book,949,Reliance Retail
PROD04799,Bajaj Football,Sports,Football,9999,BigBasket
PROD04800,Tata Sofa,Home & Kitchen,Sofa,20470,ITC Limited
PROD04801,HP Spices,Grocery,Spices,2133,Godrej Consumer
PROD04802,Tata Biography,Books,Biography,1259,Tata Consumer
PROD04803,Tata Laptop,Electronics,Laptop,103091,Godrej Consumer
PROD04804,Lenovo Badminton Racket,Sports,Badminton Racket,22924,Croma
PROD04805,Boat Television,Electronics,Television,54667,Tata Consumer
PROD04806,OnePlus Perfume,Beauty,Perfume,1588,Vijay Sales
PROD04807,Sony Shampoo,Beauty,Shampoo,4996,Croma
PROD04808,Nike Shampoo,Beauty,Shampoo,1615,Tata Consumer
PROD04809,Boat Lipstick,Beauty,Lipstick,1496,Amazon Seller
PROD04810,LG LED Lamp,Home & Kitchen,LED Lamp,1649,Vijay Sales
PROD04811,Amul Headphones,Electronics,Headphones,147275,Flipkart Seller
PROD04812,LG Handbag,Fashion,Handbag,527,Croma
PROD04813,LG Novel,Books,Novel,1320,Flipkart Seller
PROD04814,Godrej Smart Watch,Electronics,Smart Watch,62243,Reliance Retail
PROD04815,Boat Handbag,Fashion,Handbag,2887,Godrej Consumer
PROD04816,Godrej Shampoo,Beauty,Shampoo,2101,Tata Consumer
PROD04817,Godrej Football,Sports,Football,6147,Godrej Consumer
PROD04818,Sony Dumbbell,Sports,Dumbbell,1900,Vijay Sales
PROD04819,Boat Face Wash,Beauty,Face Wash,2223,Godrej Consumer
PROD04820,Apple Academic Book,Books,Academic Book,1541,Flipkart Seller
PROD04821,Samsung Women Dress,Fashion,Women Dress,2127,ITC Limited
PROD04822,Reliance Rice,Grocery,Rice,1166,Godrej Consumer
PROD04823,Sony Novel,Books,Novel,413,Flipkart Seller
PROD04824,Samsung Women Dress,Fashion,Women Dress,7089,Amazon Seller
PROD04825,Amul Rice,Grocery,Rice,1262,ITC Limited
PROD04826,Amul Cricket Bat,Sports,Cricket Bat,18139,Amazon Seller
PROD04827,Apple Biscuits,Grocery,Biscuits,1758,ITC Limited
PROD04828,Adidas Lipstick,Beauty,Lipstick,169,Flipkart Seller
PROD04829,Samsung Spices,Grocery,Spices,2224,Croma
PROD04830,Apple LED Lamp,Home & Kitchen,LED Lamp,4333,Vijay Sales
PROD04831,LG Dining Table,Home & Kitchen,Dining Table,44652,Reliance Retail
PROD04832,Sony Headphones,Electronics,Headphones,136721,Tata Consumer
PROD04833,Puma Lipstick,Beauty,Lipstick,2669,ITC Limited
PROD04834,Aashirvaad Sofa,Home & Kitchen,Sofa,18966,Vijay Sales
PROD04835,Samsung Dumbbell,Sports,Dumbbell,20022,Vijay Sales
PROD04836,Bajaj Football,Sports,Football,10205,Amazon Seller
PROD04837,LG Television,Electronics,Television,119325,Amazon Seller
PROD04838,,Fashion,Men T-Shirt,1799,Reliance Retail
PROD04839,Reliance Mixer Grinder,Home & Kitchen,Mixer Grinder,19133,Amazon Seller
PROD04840,Apple Biography,Books,Biography,1038,Flipkart Seller
PROD04841,Lenovo Sofa,Home & Kitchen,Sofa,37747,Flipkart Seller
PROD04842,OnePlus Headphones,Electronics,Headphones,122050,Amazon Seller
PROD04843,Mi Biscuits,Grocery,Biscuits,2546,Godrej Consumer
PROD04844,Mi Biography,Books,Biography,2307,Flipkart Seller
PROD04845,Lenovo Football,Sports,Football,23382,
PROD04846,Tata Television,Electronics,Television,19945,DMart
PROD04847,Godrej Lipstick,Beauty,Lipstick,271,Amazon Seller
PROD03835,Reliance Cricket Bat,Sports,Cricket Bat,676,Croma
PROD04849,Apple Women Dress,Fashion,Women Dress,3057,DMart
PROD04850,Bajaj Children Book,Books,Children Book,544,Reliance Retail
PROD04851,Boat Mixer Grinder,Home & Kitchen,Mixer Grinder,12261,BigBasket
PROD04852,Puma Handbag,Fashion,Handbag,4804,Reliance Retail
PROD04853,Sony LED Lamp,Home & Kitchen,LED Lamp,27889,Godrej Consumer
PROD04854,OnePlus Handbag,Fashion,Handbag,811,Reliance Retail
PROD04855,Apple Lipstick,Beauty,Lipstick,3640,Amazon Seller
PROD03127,Godrej Biscuits,Grocery,Biscuits,1049,DMart
PROD04857,Bajaj Handbag,Fashion,Handbag,7525,ITC Limited
PROD04858,Bajaj Children Book,Books,Children Book,1028,Tata Consumer
PROD04859,Lenovo Face Wash,Beauty,Face Wash,2854,Flipkart Seller
PROD04860,Sony Badminton Racket,Sports,Badminton Racket,13530,Tata Consumer
PROD04861,Godrej Laptop,Electronics,Laptop,149742,BigBasket
PROD04862,Tata Rice,Grocery,Rice,354,DMart
PROD04863,Sony Handbag,Fashion,Handbag,1947,DMart
PROD04864,Samsung Football,Sports,Football,22553,ITC Limited
PROD04865,Puma Spices,Grocery,Spices,1480,Amazon Seller
PROD04866,Lenovo Face Wash,Beauty,Face Wash,4006,Croma
PROD04867,Aashirvaad Cricket Bat,Sports,Cricket Bat,29848,Tata Consumer
PROD04868,Samsung Lipstick,Beauty,Lipstick,455,Vijay Sales
PROD04869,Mi Tea Powder,Grocery,Tea Powder,734,Reliance Retail
PROD04870,Nike Cricket Bat,Sports,Cricket Bat,8605,Flipkart Seller
PROD04871,Dell Novel,Books,Novel,1971,Vijay Sales
PROD04872,Lenovo Headphones,Electronics,Headphones,34011,Croma
PROD04873,Mi Children Book,Books,Children Book,2334,DMart
PROD04874,Amul Biography,Books,Biography,2187,Amazon Seller
PROD04875,LG Cricket Bat,Sports,Cricket Bat,23486,Vijay Sales
PROD04876,Aashirvaad Perfume,Beauty,Perfume,4473,Vijay Sales
PROD04877,OnePlus Cooking Oil,Grocery,Cooking Oil,1499,Godrej Consumer
PROD04878,LG Rice,Grocery,Rice,1375,Tata Consumer
PROD04879,OnePlus Jeans,Fashion,Jeans,4455,Godrej Consumer
PROD04880,Boat Novel,Books,Novel,1485,DMart
PROD04881,Godrej Biography,Books,Biography,186,Tata Consumer
PROD04882,LG Dumbbell,Sports,Dumbbell,19483,Godrej Consumer
PROD04883,Nike Headphones,Electronics,Headphones,129565,Amazon Seller
PROD04884,Godrej Spices,Grocery,Spices,1782,Godrej Consumer
PROD04885,Dell Mixer Grinder,Home & Kitchen,Mixer Grinder,38123,Godrej Consumer
PROD04886,Tata Lipstick,Beauty,Lipstick,4707,Reliance Retail
PROD04887,Adidas Children Book,Books,Children Book,2189,BigBasket
PROD04888,OnePlus Biography,Books,Biography,2488,BigBasket
PROD04889,Prestige Perfume,Beauty,Perfume,4270,DMart
PROD04890,Lenovo Spices,Grocery,Spices,1288,Flipkart Seller
PROD04891,Puma Lipstick,Beauty,Lipstick,2467,Tata Consumer
PROD04892,Bajaj Biography,Books,Biography,1782,Godrej Consumer
PROD04893,Aashirvaad Academic Book,Books,Academic Book,1349,Godrej Consumer
PROD04894,Nike Academic Book,Books,Academic Book,1337,Croma
PROD04895,Sony Television,Electronics,Television,139943,Vijay Sales
PROD04896,Sony Smart Watch,Electronics,Smart Watch,36003,Reliance Retail
PROD04897,LG Shoes,Fashion,Shoes,4057,Reliance Retail
PROD04898,Adidas Lipstick,Beauty,Lipstick,4629,Godrej Consumer
PROD04899,Apple Mobile,Electronics,Mobile,51960,BigBasket
PROD04900,Amul Biography,Books,Biography,2280,Flipkart Seller
PROD04901,Tata Cooking Oil,Grocery,Cooking Oil,2328,ITC Limited
PROD04902,Reliance Novel,Books,Novel,1501,Tata Consumer
PROD04903,Apple LED Lamp,Home & Kitchen,LED Lamp,16029,Godrej Consumer
PROD04904,Nike Children Book,Books,Children Book,584,ITC Limited
PROD04905,Puma Sofa,Home & Kitchen,Sofa,1454,Amazon Seller
PROD04906,Tata Perfume,Beauty,Perfume,487,Reliance Retail
PROD04907,Amul Men T-Shirt,Fashion,Men T-Shirt,6199,Vijay Sales
PROD04908,Samsung Biscuits,Grocery,Biscuits,2475,Godrej Consumer
PROD04909,Tata Pressure Cooker,Home & Kitchen,Pressure Cooker,23924,Vijay Sales
PROD04910,Apple Mixer Grinder,Home & Kitchen,Mixer Grinder,17608,Godrej Consumer
PROD04911,Apple Shoes,Fashion,Shoes,5747,BigBasket
PROD04912,Mi Lipstick,Beauty,Lipstick,524,ITC Limited
PROD04913,Tata Biscuits,Grocery,Biscuits,2727,Flipkart Seller
PROD04914,Sony Children Book,Books,Children Book,1847,Reliance Retail
PROD04915,Bajaj Mobile,Electronics,Mobile,117126,Croma
PROD04916,Reliance Cricket Bat,Sports,Cricket Bat,8066,BigBasket
PROD04917,Nike Dining Table,Home & Kitchen,Dining Table,9119,Godrej Consumer
PROD04918,Aashirvaad Academic Book,Books,Academic Book,2132,BigBasket
PROD04919,Godrej Dumbbell,Sports,Dumbbell,18805,Vijay Sales
PROD04920,Sony Tea Powder,Grocery,Tea Powder,1282,Reliance Retail
PROD04921,LG Shampoo,Beauty,Shampoo,1057,Croma
PROD04922,OnePlus LED Lamp,Home & Kitchen,LED Lamp,29086,Tata Consumer
PROD04923,Godrej Jeans,Fashion,Jeans,6592,Amazon Seller
PROD04924,Samsung Women Dress,Fashion,Women Dress,5288,Reliance Retail
PROD04925,Bajaj Pressure Cooker,Home & Kitchen,Pressure Cooker,42128,BigBasket
PROD04926,Nike Face Wash,Beauty,Face Wash,4187,BigBasket
PROD04927,Adidas Lipstick,Beauty,Lipstick,4533,BigBasket
PROD04928,Amul Dumbbell,Sports,Dumbbell,20071,DMart
PROD04929,Boat Children Book,Books,Children Book,849,Flipkart Seller
PROD04930,Apple Cooking Oil,Grocery,Cooking Oil,972,Croma
PROD04931,Prestige Headphones,Electronics,Headphones,40960,BigBasket
PROD04932,,Home & Kitchen,Dining Table,7160,Amazon Seller
PROD04933,Tata Cricket Bat,Sports,Cricket Bat,24781,DMart
PROD04934,Sony Shampoo,Beauty,Shampoo,848,Flipkart Seller
PROD04935,Puma Badminton Racket,Sports,Badminton Racket,26019,Amazon Seller
PROD04936,HP Badminton Racket,Sports,Badminton Racket,5646,Vijay Sales
PROD04937,Apple Tea Powder,Grocery,Tea Powder,2681,ITC Limited
PROD04938,OnePlus Football,Sports,Football,11854,ITC Limited
PROD04939,Apple Dining Table,Home & Kitchen,,21781,Amazon Seller
PROD04940,Adidas Handbag,Fashion,Handbag,1695,Croma
PROD04941,Samsung Jeans,Fashion,Jeans,3626,Flipkart Seller
PROD04942,HP Biography,Books,Biography,1658,Godrej Consumer
PROD04943,Prestige Headphones,Electronics,Headphones,19349,Croma
PROD04944,Reliance Television,Electronics,Television,100229,BigBasket
PROD04945,Nike Academic Book,Books,Academic Book,1985,Tata Consumer
PROD04946,HP Dining Table,Home & Kitchen,Dining Table,15594,Croma
PROD04947,Amul Football,Sports,Football,25809,Amazon Seller
PROD04948,Lenovo Sofa,Home & Kitchen,Sofa,48459,BigBasket
PROD04949,Samsung Headphones,Electronics,Headphones,98429,Godrej Consumer
PROD04950,Dell LED Lamp,Home & Kitchen,LED Lamp,13570,BigBasket
PROD04951,Bajaj LED Lamp,Home & Kitchen,LED Lamp,2901,Croma
PROD04952,Lenovo Shoes,Fashion,Shoes,4677,Reliance Retail
PROD04953,Samsung Women Dress,Fashion,Women Dress,4640,DMart
PROD04954,Prestige Face Wash,Beauty,Face Wash,1746,DMart
PROD04955,OnePlus Spices,Grocery,Spices,796,Vijay Sales
PROD04956,HP Television,ELECTRONICS,Television,137652,ITC Limited
PROD04957,Prestige Handbag,Fashion,Handbag,3188,Amazon Seller
PROD04958,Bajaj Lipstick,Beauty,Lipstick,178,BigBasket
PROD04959,Godrej Spices,Grocery,Spices,803,Croma
PROD04960,Boat Cricket Bat,Sports,Cricket Bat,6448,Flipkart Seller
PROD04961,Godrej Perfume,Beauty,Perfume,2776,DMart
PROD04962,HP Pressure Cooker,Home & Kitchen,Pressure Cooker,34045,Reliance Retail
PROD04963,Mi Television,Electronics,Television,33149,Croma
PROD04964,Bajaj Lipstick,Beauty,Lipstick,2496,BigBasket
PROD04965,HP Biscuits,Grocery,Biscuits,408,Tata Consumer
PROD04966,Sony Lipstick,Beauty,Lipstick,4953,Vijay Sales
PROD04967,Adidas Academic Book,Books,Academic Book,1069,DMart
PROD04968,LG Biscuits,Grocery,Biscuits,2457,Godrej Consumer
PROD04969,Aashirvaad Biography,Books,Biography,1911,BigBasket
PROD04970,OnePlus Mixer Grinder,Home & Kitchen,Mixer Grinder,39005,Godrej Consumer
PROD04971,Reliance Academic Book,Books,Academic Book,609,Reliance Retail
PROD04972,HP Biography,Books,Biography,1083,Godrej Consumer
PROD04973,Puma Television,Electronics,Television,94228,Amazon Seller
PROD04974,Apple Mobile,Electronics,Mobile,112373,ITC Limited
PROD04975,Sony Dining Table,Home & Kitchen,Dining Table,43134,BigBasket
PROD04976,Lenovo Perfume,Beauty,Perfume,4332,BigBasket
PROD04977,Mi Children Book,Books,Children Book,1668,Tata Consumer
PROD04978,Amul Handbag,Fashion,Handbag,7049,Tata Consumer
PROD04979,Amul LED Lamp,Home & Kitchen,LED Lamp,49929,ITC Limited
PROD04980,Samsung Handbag,Fashion,Handbag,-2007,Godrej Consumer
PROD04981,LG Laptop,Electronics,Laptop,23732,Tata Consumer
PROD04982,Apple Badminton Racket,Sports,Badminton Racket,20462,Flipkart Seller
PROD04983,Adidas Cooking Oil,Grocery,Cooking Oil,2216,ITC Limited
PROD04984,Dell Handbag,Fashion,Handbag,7662,Flipkart Seller
PROD04985,Boat Face Wash,Beauty,Face Wash,4856,ITC Limited
PROD04986,Boat Dining Table,Home & Kitchen,Dining Table,6980,BigBasket
PROD04987,Godrej Cooking Oil,Grocery,Cooking Oil,2083,Amazon Seller
PROD04988,Lenovo Children Book,Books,Children Book,579,Flipkart Seller
PROD04989,Tata Women Dress,Fashion,Women Dress,2019,ITC Limited
PROD04990,Godrej Biography,Books,Biography,2346,Flipkart Seller
PROD04991,Mi Rice,Grocery,Rice,1056,Godrej Consumer
PROD04992,Nike Face Wash,Beauty,Face Wash,2857,Godrej Consumer
PROD04993,OnePlus Mobile,Electronics,Mobile,48758,Flipkart Seller
PROD04994,Mi Lipstick,Beauty,Lipstick,484,Croma
PROD04995,Apple Pressure Cooker,Home & Kitchen,Pressure Cooker,28367,Vijay Sales
PROD04996,Puma Novel,Books,Novel,1680,Flipkart Seller
PROD04997,Lenovo Dumbbell,Sports,Dumbbell,18144,Reliance Retail
PROD04998,Tata Biscuits,Grocery,Biscuits,2789,Croma
PROD04999,Aashirvaad Women Dress,Fashion,Women Dress,463,Flipkart Seller
PROD05000,Puma Television,Electronics,Television,25924,Reliance Retail
PROD05001,LG Handbag,Fashion,Handbag,7286,Godrej Consumer
PROD05002,LG Perfume,Beauty,Perfume,2681,Croma
PROD05003,Godrej Laptop,Electronics,Laptop,16078,Godrej Consumer
PROD05004,Boat Television,Electronics,Television,145250,Flipkart Seller
PROD05005,Samsung Spices,Grocery,Spices,224,BigBasket
PROD05006,LG Mixer Grinder,Home & Kitchen,Mixer Grinder,20117,DMart
PROD05007,Bajaj Badminton Racket,Sports,Badminton Racket,13622,Flipkart Seller
PROD05008,HP LED Lamp,Home & Kitchen,LED Lamp,13976,Vijay Sales
PROD05009,LG Biscuits,Grocery,Biscuits,1851,Flipkart Seller
PROD05010,Lenovo Jeans,Fashion,Jeans,6203,Godrej Consumer
PROD05011,Bajaj Shampoo,Beauty,Shampoo,2993,DMart
PROD05012,Reliance Spices,Grocery,Spices,2934,Reliance Retail
PROD05013,Apple Dumbbell,Sports,Dumbbell,11043,Vijay Sales
PROD05014,Adidas Smart Watch,Electronics,Smart Watch,123059,DMart
PROD05015,Aashirvaad Smart Watch,Electronics,Smart Watch,103454,DMart
PROD05016,Mi Children Book,Books,Children Book,911,Croma
PROD05017,Samsung Mixer Grinder,Home & Kitchen,Mixer Grinder,25392,BigBasket
PROD05018,OnePlus Shoes,Fashion,Shoes,648,Amazon Seller
PROD05019,Puma Spices,Grocery,Spices,1981,Tata Consumer
PROD05020,Tata Shoes,Fashion,Shoes,7306,Amazon Seller
PROD05021,Aashirvaad Children Book,Books,Children Book,1828,Reliance Retail
PROD05022,Adidas Pressure Cooker,Home & Kitchen,Pressure Cooker,12105,ITC Limited
PROD05023,Nike Headphones,Electronics,Headphones,72220,Flipkart Seller
PROD05024,Prestige Biscuits,Grocery,Biscuits,193,Flipkart Seller
PROD05025,Boat Children Book,Books,Children Book,988,Croma
PROD05026,Godrej Biography,Books,Biography,1237,Reliance Retail
PROD05027,Reliance Mixer Grinder,Home & Kitchen,Mixer Grinder,12880,ITC Limited
PROD05028,LG Academic Book,Books,Academic Book,2158,DMart
PROD05029,LG Smart Watch,Electronics,Smart Watch,132560,Vijay Sales
PROD05030,LG Shoes,Fashion,Shoes,7948,ITC Limited
PROD05031,Nike Rice,Grocery,Rice,2645,BigBasket
PROD05032,Dell Dumbbell,Sports,Dumbbell,4303,ITC Limited
PROD05033,Puma Spices,Grocery,Spices,2474,Croma
PROD05034,Tata Cooking Oil,Grocery,Cooking Oil,2406,Vijay Sales
PROD05035,Godrej Academic Book,Books,Academic Book,2178,Vijay Sales
PROD05036,Tata LED Lamp,Home & Kitchen,LED Lamp,37833,Amazon Seller
PROD05037,Apple Handbag,Fashion,Handbag,6554,BigBasket
PROD05038,Nike Children Book,Books,Children Book,1460,Croma
PROD05039,Boat Laptop,Electronics,Laptop,145938,Tata Consumer
PROD05040,Samsung Shoes,Fashion,Shoes,4015,BigBasket
PROD05041,Godrej Men T-Shirt,Fashion,Men T-Shirt,6903,ITC Limited
PROD05042,Samsung Academic Book,Books,Academic Book,1721,BigBasket
PROD05043,Bajaj Rice,Grocery,Rice,1299,DMart
PROD05044,Lenovo Academic Book,Books,Academic Book,2171,DMart
PROD05045,Dell Children Book,Books,Children Book,1621,ITC Limited
PROD05046,Bajaj Women Dress,Fashion,Women Dress,3615,BigBasket
PROD05047,Dell Biscuits,Grocery,Biscuits,107,BigBasket
PROD05048,Tata Laptop,Electronics,Laptop,8265,Godrej Consumer
PROD05049,Bajaj Smart Watch,Electronics,Smart Watch,139388,Vijay Sales
PROD05050,Apple Laptop,Electronics,Laptop,38480,Vijay Sales
PROD05051,Nike Jeans,Fashion,Jeans,6751,Amazon Seller
PROD05052,Prestige Smart Watch,Electronics,Smart Watch,49665,DMart
PROD05053,Reliance Television,Electronics,Television,98349,Tata Consumer
PROD05054,Tata Shampoo,Beauty,Shampoo,2299,BigBasket
PROD05055,Reliance Mobile,Electronics,Mobile,134695,Godrej Consumer
PROD05056,Samsung Tea Powder,Grocery,Tea Powder,2364,DMart
PROD05057,Amul Jeans,Fashion,Jeans,6696,DMart
PROD05058,Prestige Spices,Grocery,Spices,293,Godrej Consumer
PROD05059,Samsung Perfume,Beauty,Perfume,1283,Amazon Seller
PROD05060,Apple Tea Powder,Grocery,Tea Powder,1957,Reliance Retail
PROD05061,LG Children Book,Books,Children Book,1746,BigBasket
PROD05062,Godrej Spices,Grocery,Spices,888,Amazon Seller
PROD05063,Prestige Jeans,Fashion,Jeans,4363,BigBasket
PROD05064,Sony Cooking Oil,Grocery,Cooking Oil,1236,Reliance Retail
PROD05065,Sony Pressure Cooker,Home & Kitchen,Pressure Cooker,27973,Flipkart Seller
PROD05066,OnePlus Television,Electronics,Television,18531,Reliance Retail
PROD05067,Aashirvaad Jeans,Fashion,Jeans,4607,Vijay Sales
PROD05068,Bajaj Headphones,Electronics,Headphones,18175,Tata Consumer
PROD05069,Apple Laptop,Electronics,Laptop,109688,Tata Consumer
PROD05070,Reliance Football,Sports,Football,5462,Reliance Retail
PROD05071,Boat Television,Electronics,Television,66982,Vijay Sales
PROD05072,LG Biscuits,,Biscuits,337,Godrej Consumer
PROD05073,Godrej Pressure Cooker,Home & Kitchen,Pressure Cooker,36132,Godrej Consumer
PROD05074,Boat Mobile,Electronics,Mobile,126856,Tata Consumer
PROD05075,Tata Biography,Books,Biography,395,Flipkart Seller
PROD05076,LG Shampoo,Beauty,Shampoo,2832,Godrej Consumer
PROD05077,Dell Mobile,Electronics,Mobile,61672,Godrej Consumer
PROD05078,Bajaj Face Wash,Beauty,Face Wash,383,Tata Consumer
PROD05079,Prestige Women Dress,Fashion,Women Dress,1194,DMart
PROD05080,Mi Children Book,Books,Children Book,318,ITC Limited
PROD05081,Aashirvaad Face Wash,Beauty,Face Wash,4160,Amazon Seller
PROD05082,Tata Men T-Shirt,Fashion,Men T-Shirt,6888,BigBasket
PROD05083,Godrej Dining Table,Home & Kitchen,Dining Table,7831,Tata Consumer
PROD05084,Sony Television,Electronics,Television,148434,Flipkart Seller
PROD05085,Dell Face Wash,Beauty,Face Wash,2203,BigBasket
PROD05086,Reliance Shoes,Fashion,Shoes,1485,DMart
PROD05087,Adidas Tea Powder,Grocery,Tea Powder,589,Amazon Seller
PROD05088,Prestige Pressure Cooker,Home & Kitchen,Pressure Cooker,42963,Vijay Sales
PROD05089,Boat Laptop,Electronics,Laptop,52470,DMart
PROD05090,Prestige Biography,Books,Biography,731,Reliance Retail
PROD05091,Adidas Biography,Books,Biography,1977,Tata Consumer
PROD05092,OnePlus Shoes,Fashion,Shoes,485,DMart
PROD05093,Godrej Football,Sports,Football,21522,Croma
PROD05094,Puma Mixer Grinder,Home & Kitchen,Mixer Grinder,9055,Tata Consumer
PROD05095,Dell Face Wash,Beauty,Face Wash,2558,ITC Limited
PROD05096,Nike Laptop,Electronics,Laptop,95425,Croma
PROD05097,Samsung Biography,Books,Biography,1715,Reliance Retail
PROD05098,Samsung Men T-Shirt,Fashion,Men T-Shirt,5010,Flipkart Seller
PROD05099,Mi LED Lamp,Home & Kitchen,LED Lamp,6458,Amazon Seller
PROD05100,Apple Biscuits,Grocery,Biscuits,1707,BigBasket
PROD05101,Nike Badminton Racket,Sports,Badminton Racket,-684,ITC Limited
PROD05102,LG Lipstick,Beauty,Lipstick,1852,Tata Consumer
PROD05103,Tata Face Wash,Beauty,Face Wash,4197,ITC Limited
PROD05104,Dell Dining Table,Home & Kitchen,Dining Table,17461,Reliance Retail
PROD05105,Dell Novel,Books,Novel,2433,Flipkart Seller
PROD05106,Mi Academic Book,Books,Academic Book,283,Tata Consumer
PROD05107,Mi LED Lamp,Home & Kitchen,LED Lamp,9060,Flipkart Seller
PROD05108,Reliance Perfume,Beauty,Perfume,512,Vijay Sales
PROD05109,Aashirvaad Novel,Books,Novel,673,DMart
PROD05110,Puma Tea Powder,Grocery,Tea Powder,1191,ITC Limited
PROD05111,Godrej LED Lamp,Home & Kitchen,LED Lamp,18222,Tata Consumer
PROD05112,Sony Television,Electronics,Television,35741,DMart
PROD05113,Boat Children Book,Books,Children Book,1273,Vijay Sales
PROD05114,Tata Women Dress,Fashion,Women Dress,1677,Flipkart Seller
PROD05115,HP Women Dress,Fashion,Women Dress,5922,Amazon Seller
PROD05116,Amul Rice,Grocery,Rice,1396,Reliance Retail
PROD05117,Tata Women Dress,Fashion,Women Dress,799,Reliance Retail
PROD05118,Lenovo Television,Electronics,Television,103802,DMart
PROD05119,Aashirvaad Tea Powder,Grocery,Tea Powder,1907,DMart
PROD05120,OnePlus Academic Book,Books,Academic Book,169,Reliance Retail
PROD05121,Samsung Academic Book,Books,Academic Book,1182,Flipkart Seller
PROD05122,Tata Face Wash,Beauty,Face Wash,4848,Flipkart Seller
PROD05123,Puma Shampoo,Beauty,Shampoo,1237,Tata Consumer
PROD05124,Mi Shoes,Fashion,Shoes,5815,ITC Limited
PROD05125,Dell Spices,Grocery,Spices,2984,Godrej Consumer
PROD05126,Tata Headphones,Electronics,Headphones,147023,Croma
PROD05127,Prestige LED Lamp,Home & Kitchen,LED Lamp,36388,Vijay Sales
PROD05128,Aashirvaad Perfume,Beauty,Perfume,2106,Reliance Retail
PROD05129,OnePlus Mobile,Electronics,Mobile,140017,BigBasket
PROD05130,Puma Football,Sports,Football,14739,Flipkart Seller
PROD05131,Dell Laptop,Electronics,Laptop,26622,Flipkart Seller
PROD05132,Boat Academic Book,Books,Academic Book,528,Godrej Consumer
PROD05133,Nike Biography,Books,Biography,1500,ITC Limited
PROD05134,Adidas Handbag,Fashion,Handbag,1529,Reliance Retail
PROD05135,Tata Jeans,Fashion,Jeans,860,Croma
PROD05136,Puma Jeans,Fashion,Jeans,2575,Vijay Sales
PROD05137,Dell Face Wash,Beauty,Face Wash,2734,Vijay Sales
PROD05138,Adidas Biography,Books,Biography,1269,Vijay Sales
PROD05139,LG Lipstick,Beauty,Lipstick,539,Flipkart Seller
PROD05140,LG Television,Electronics,Television,74991,Reliance Retail
PROD05141,Apple Cooking Oil,Grocery,Cooking Oil,425,ITC Limited
PROD05142,Puma Women Dress,Fashion,Women Dress,4505,Tata Consumer
PROD05143,Tata Biography,Books,Biography,761,Vijay Sales
PROD05144,Lenovo Men T-Shirt,Fashion,Men T-Shirt,3139,ITC Limited
PROD05145,Nike Headphones,Electronics,Headphones,90134,Amazon Seller
PROD05146,Amul Shampoo,Beauty,Shampoo,1678,Vijay Sales
PROD05147,Puma Pressure Cooker,Home & Kitchen,Pressure Cooker,23073,Tata Consumer
PROD05148,Adidas Mobile,Electronics,Mobile,27856,Amazon Seller
PROD05149,Apple Academic Book,Books,Academic Book,721,ITC Limited
PROD05150,Samsung Dumbbell,Sports,Dumbbell,18488,Flipkart Seller
PROD05151,Prestige Badminton Racket,Sports,Badminton Racket,21089,Amazon Seller
PROD05152,Amul Tea Powder,Grocery,Tea Powder,2362,Reliance Retail
PROD05153,Samsung Sofa,Home & Kitchen,Sofa,2577,Reliance Retail
PROD05154,Puma Shampoo,Beauty,Shampoo,553,BigBasket
PROD05155,Tata Lipstick,Beauty,Lipstick,540,Flipkart Seller
PROD05156,Puma Handbag,Fashion,Handbag,4579,Amazon Seller
PROD05157,Tata Face Wash,Beauty,Face Wash,835,Amazon Seller
PROD05158,Mi Women Dress,Fashion,Women Dress,6321,Vijay Sales
PROD05159,Prestige Smart Watch,Electronics,Smart Watch,37792,Reliance Retail
PROD05160,Apple Dumbbell,Sports,Dumbbell,23939,Croma
PROD05161,Godrej Headphones,Electronics,Headphones,119091,Croma
PROD05162,Adidas Jeans,Fashion,Jeans,3427,Reliance Retail
PROD05163,LG Pressure Cooker,Home & Kitchen,Pressure Cooker,29323,Vijay Sales
PROD05164,Aashirvaad Jeans,Fashion,Jeans,7060,Reliance Retail
PROD05165,Prestige Television,Electronics,Television,92266,DMart
PROD05166,HP Smart Watch,Electronics,Smart Watch,58728,BigBasket
PROD05167,Nike Shampoo,Beauty,Shampoo,2024,Croma
PROD05168,Prestige Children Book,Books,Children Book,2161,Vijay Sales
PROD05169,Sony Novel,Books,Novel,1451,Flipkart Seller
PROD05170,Dell Football,Sports,Football,22394,Amazon Seller
PROD05171,Tata Lipstick,Beauty,Lipstick,4272,Vijay Sales
PROD05172,Aashirvaad Biscuits,Grocery,Biscuits,1488,Vijay Sales
PROD05173,Nike Women Dress,Fashion,Women Dress,927,Godrej Consumer
PROD05174,Apple Lipstick,Beauty,Lipstick,3720,ITC Limited
PROD05175,OnePlus Tea Powder,Grocery,Tea Powder,1251,Tata Consumer
PROD05176,Sony Face Wash,Beauty,Face Wash,4836,Reliance Retail
PROD05177,Amul Football,Sports,Football,992,Reliance Retail
PROD05178,Lenovo Face Wash,Beauty,Face Wash,2584,ITC Limited
PROD05179,Adidas Children Book,Books,Children Book,746,Amazon Seller
PROD05180,Nike Jeans,Fashion,Jeans,6949,DMart
PROD05181,Adidas Mixer Grinder,Home & Kitchen,Mixer Grinder,48082,Vijay Sales
PROD05182,Apple Badminton Racket,Sports,Badminton Racket,5492,Flipkart Seller
PROD05183,Boat Men T-Shirt,Fashion,Men T-Shirt,6776,Vijay Sales
PROD05184,OnePlus Tea Powder,Grocery,Tea Powder,-2287,Amazon Seller
PROD05185,Mi Dining Table,Home & Kitchen,Dining Table,11776,Reliance Retail
PROD05186,Adidas Perfume,Beauty,Perfume,820,Flipkart Seller
PROD05187,HP Television,Electronics,Television,56266,ITC Limited
PROD05188,Lenovo Academic Book,Books,Academic Book,751,Tata Consumer
PROD05189,Godrej Men T-Shirt,Fashion,Men T-Shirt,2212,BigBasket
PROD05190,Mi Jeans,Fashion,Jeans,6763,BigBasket
PROD05191,Prestige Novel,Books,Novel,2313,ITC Limited
PROD05192,Godrej LED Lamp,Home & Kitchen,LED Lamp,35682,Reliance Retail
PROD05193,Nike Lipstick,Beauty,Lipstick,249,Croma
PROD05194,Samsung Rice,Grocery,Rice,229,Amazon Seller
PROD05195,Amul Laptop,Electronics,Laptop,86527,DMart
PROD05196,Prestige Dumbbell,Sports,Dumbbell,26784,Amazon Seller
PROD05197,Samsung Men T-Shirt,Fashion,Men T-Shirt,6101,Vijay Sales
PROD05198,OnePlus Smart Watch,Electronics,Smart Watch,143383,Vijay Sales
PROD05199,HP Laptop,Electronics,Laptop,42297,Flipkart Seller
PROD05200,Reliance Badminton Racket,Sports,Badminton Racket,2415,DMart
PROD05201,Bajaj Men T-Shirt,Fashion,Men T-Shirt,1160,Godrej Consumer
PROD05202,Prestige Face Wash,Beauty,Face Wash,832,BigBasket
PROD05203,Bajaj Mobile,Electronics,Mobile,83070,Tata Consumer
PROD05204,Puma Rice,Grocery,Rice,488,Tata Consumer
PROD05205,Mi Cricket Bat,Sports,Cricket Bat,27456,Tata Consumer
PROD05206,Godrej Spices,Grocery,Spices,236,Flipkart Seller
PROD05207,LG Badminton Racket,Sports,Badminton Racket,25422,Croma
PROD05208,Lenovo Cricket Bat,Sports,Cricket Bat,8966,Flipkart Seller
PROD05209,Dell Biography,Books,Biography,2295,Croma
PROD05210,Tata Tea Powder,Grocery,Tea Powder,2625,Flipkart Seller
PROD05211,Dell Laptop,Electronics,Laptop,94319,DMart
PROD05212,Sony LED Lamp,Home & Kitchen,LED Lamp,46779,Flipkart Seller
PROD05213,Sony Headphones,Electronics,Headphones,143539,Tata Consumer
PROD05214,HP Academic Book,Books,Academic Book,713,Tata Consumer
PROD05215,Puma Academic Book,Books,Academic Book,2066,Flipkart Seller
PROD05216,Godrej Face Wash,Beauty,Face Wash,325,ITC Limited
PROD05217,OnePlus Cricket Bat,Sports,Cricket Bat,15900,Amazon Seller
PROD05218,OnePlus Women Dress,Fashion,Women Dress,7501,Godrej Consumer
PROD05219,Nike Badminton Racket,Sports,Badminton Racket,16265,Tata Consumer
PROD05220,Apple Rice,Grocery,Rice,860,Tata Consumer
PROD05221,Reliance Pressure Cooker,Home & Kitchen,Pressure Cooker,29821,Vijay Sales
PROD05222,Tata Academic Book,Books,Academic Book,895,BigBasket
PROD05223,Apple Academic Book,Books,Academic Book,1650,Croma
PROD05224,Tata Face Wash,Beauty,Face Wash,1490,BigBasket
PROD05225,Bajaj Dumbbell,Sports,Dumbbell,26662,Amazon Seller
PROD05226,Sony Shoes,Fashion,Shoes,1629,Flipkart Seller
PROD05227,Aashirvaad Face Wash,Beauty,Face Wash,3232,ITC Limited
PROD05228,Nike Sofa,Home & Kitchen,Sofa,26610,Tata Consumer
PROD05229,Dell Headphones,Electronics,Headphones,98456,Flipkart Seller
PROD05230,Puma Face Wash,Beauty,Face Wash,4835,Croma
PROD05231,Prestige Football,Sports,Football,11046,Reliance Retail
PROD05232,Godrej Cricket Bat,Sports,Cricket Bat,29815,BigBasket
PROD05233,Aashirvaad Cooking Oil,Grocery,Cooking Oil,347,Reliance Retail
PROD05234,Bajaj Face Wash,Beauty,Face Wash,1718,Croma
PROD05235,Nike Television,Electronics,Television,46036,BigBasket
PROD05236,Samsung Cooking Oil,Grocery,Cooking Oil,2589,ITC Limited
PROD05237,Mi Cooking Oil,Grocery,Cooking Oil,610,BigBasket
PROD05238,Lenovo Biography,Books,Biography,420,DMart
PROD05239,,Electronics,Mobile,33085,Vijay Sales
PROD05240,Tata Academic Book,Books,Academic Book,1445,DMart
PROD05241,Samsung Laptop,Electronics,Laptop,101547,Flipkart Seller
PROD05242,Amul Lipstick,Beauty,Lipstick,4606,Vijay Sales
PROD05243,Aashirvaad Dumbbell,Sports,Dumbbell,23860,DMart
PROD05244,Boat Handbag,Fashion,Handbag,2206,BigBasket
PROD05245,Prestige Academic Book,Books,Academic Book,162,Croma
PROD05246,Nike Mobile,Electronics,Mobile,135723,Vijay Sales
PROD05247,HP Pressure Cooker,Home & Kitchen,Pressure Cooker,33632,Godrej Consumer
PROD05248,Samsung Biscuits,Grocery,Biscuits,1360,Tata Consumer
PROD05249,Boat Handbag,Fashion,Handbag,2929,Flipkart Seller
PROD05250,Prestige Handbag,Fashion,Handbag,7720,Tata Consumer
PROD05251,Samsung Perfume,Beauty,Perfume,1197,DMart
PROD05252,Mi Biography,Books,Biography,2188,ITC Limited
PROD05253,Amul Smart Watch,Electronics,Smart Watch,73051,Amazon Seller
PROD05254,OnePlus Face Wash,Beauty,Face Wash,3883,Amazon Seller
PROD05255,Tata Shoes,Fashion,Shoes,1557,BigBasket
PROD05256,Godrej Tea Powder,Grocery,Tea Powder,1564,BigBasket
PROD05257,Dell Lipstick,Beauty,Lipstick,1257,Reliance Retail
PROD05258,Dell Mixer Grinder,Home & Kitchen,Mixer Grinder,7168,Reliance Retail
PROD05259,Reliance Shampoo,Beauty,Shampoo,4196,Tata Consumer
PROD05260,Aashirvaad Smart Watch,Electronics,Smart Watch,74094,Tata Consumer
PROD05261,HP Novel,Books,Novel,400,DMart
PROD05262,Boat Headphones,Electronics,Headphones,85450,DMart
PROD05263,Sony Academic Book,Books,Academic Book,1961,BigBasket
PROD05264,Adidas Rice,Grocery,Rice,2111,Croma
PROD05265,Sony Badminton Racket,Sports,Badminton Racket,13060,Reliance Retail
PROD05266,Sony Handbag,Fashion,Handbag,3022,BigBasket
PROD05267,Lenovo Biscuits,Grocery,Biscuits,1699,Amazon Seller
PROD05268,Apple Shampoo,Beauty,Shampoo,4328,BigBasket
PROD05269,Godrej Headphones,Electronics,Headphones,117357,BigBasket
PROD05270,Dell Men T-Shirt,Fashion,Men T-Shirt,5646,Vijay Sales
PROD05271,LG Football,Sports,Football,16170,Flipkart Seller
PROD05272,Boat Cooking Oil,Grocery,Cooking Oil,902,ITC Limited
PROD05273,Godrej Lipstick,Beauty,Lipstick,1233,Croma
PROD05274,Bajaj Novel,Books,Novel,2316,Vijay Sales
PROD05275,OnePlus Badminton Racket,Sports,Badminton Racket,2207,Vijay Sales
PROD05276,Nike Cricket Bat,Sports,Cricket Bat,17441,ITC Limited
PROD05277,Sony Shampoo,Beauty,Shampoo,571,Croma
PROD05278,Puma Tea Powder,Grocery,Tea Powder,1113,Reliance Retail
PROD05279,Lenovo Mixer Grinder,Home & Kitchen,Mixer Grinder,40082,Amazon Seller
PROD05280,Mi Shampoo,Beauty,Shampoo,3525,Flipkart Seller
PROD05281,Dell LED Lamp,Home & Kitchen,LED Lamp,28619,BigBasket
PROD05282,Boat Rice,Grocery,Rice,835,Croma
PROD05283,Reliance Lipstick,Beauty,Lipstick,3980,ITC Limited
PROD05284,HP Children Book,Books,Children Book,1538,Croma
PROD05285,Godrej Pressure Cooker,Home & Kitchen,Pressure Cooker,5544,Godrej Consumer
PROD05286,Puma Cricket Bat,Sports,Cricket Bat,27735,ITC Limited
PROD05287,Sony Pressure Cooker,Home & Kitchen,Pressure Cooker,31751,DMart
PROD05288,LG Biscuits,Grocery,Biscuits,1915,DMart
PROD05289,Sony Men T-Shirt,Fashion,Men T-Shirt,1737,Amazon Seller
PROD05290,Samsung Face Wash,Beauty,Face Wash,714,Tata Consumer
PROD05291,HP Tea Powder,Grocery,Tea Powder,1794,Godrej Consumer
PROD05292,Samsung Headphones,Electronics,Headphones,115869,Amazon Seller
PROD05293,Sony Smart Watch,Electronics,Smart Watch,147395,Croma
PROD05294,Nike Smart Watch,Electronics,Smart Watch,149831,Vijay Sales
PROD05295,Reliance Novel,Books,Novel,1685,Amazon Seller
PROD05296,Mi Headphones,Electronics,Headphones,7061,DMart
PROD05297,Sony Novel,Books,Novel,271,Amazon Seller
PROD05298,Mi Badminton Racket,Sports,Badminton Racket,0,ITC Limited
PROD05299,Nike Mobile,Electronics,Mobile,53335,Vijay Sales
PROD05300,Prestige Sofa,Home & Kitchen,Sofa,4468,Vijay Sales
PROD05301,Prestige Academic Book,Books,Academic Book,1995,Tata Consumer
PROD05302,Bajaj Rice,Grocery,Rice,379,Vijay Sales
PROD05303,Reliance Shoes,Fashion,Shoes,7575,Croma
PROD05304,Reliance Cricket Bat,Sports,Cricket Bat,10042,Godrej Consumer
PROD05305,Sony Women Dress,Fashion,Women Dress,3685,Tata Consumer
PROD05306,Nike Jeans,Fashion,Jeans,3386,Godrej Consumer
PROD05307,Dell Men T-Shirt,Fashion,Men T-Shirt,1609,Godrej Consumer
PROD05308,Godrej Sofa,Home & Kitchen,Sofa,16337,ITC Limited
PROD05309,Puma Television,Electronics,Television,13522,Vijay Sales
PROD05310,Nike Tea Powder,Grocery,Tea Powder,299,Amazon Seller
PROD05311,OnePlus LED Lamp, HOME & KITCHEN ,LED Lamp,36547,Croma
PROD05312,Puma Television,Electronics,Television,63947,Amazon Seller
PROD05313,HP Shampoo,Beauty,Shampoo,1576,ITC Limited
PROD05314,Sony Rice,Grocery,Rice,2395,Flipkart Seller
PROD05315,Puma Biscuits,Grocery,Biscuits,1475,Reliance Retail
PROD05316,Godrej LED Lamp,Home & Kitchen,LED Lamp,4399,Amazon Seller
PROD05317,Godrej Biscuits,Grocery,Biscuits,1903,Vijay Sales
PROD05318,Sony Dumbbell,Sports,Dumbbell,15364,Amazon Seller
PROD05319,Amul Biography,Books,Biography,991,Godrej Consumer
PROD05320,OnePlus Perfume,Beauty,Perfume,4903,Croma
PROD05321,Tata Headphones,Electronics,Headphones,137557,ITC Limited
PROD05322,Tata Perfume,Beauty,Perfume,3529,Tata Consumer
PROD05323,Tata Sofa,Home & Kitchen,Sofa,11617,Reliance Retail
PROD05324,Samsung Academic Book,Books,Academic Book,2464,Amazon Seller
PROD05325,Sony Academic Book,Books,Academic Book,912,Flipkart Seller
PROD05326,Puma Dining Table,Home & Kitchen,Dining Table,41112,Reliance Retail
PROD05327,Apple Dining Table,Home & Kitchen,Dining Table,38014,Reliance Retail
PROD05328,Sony Novel,Books,Novel,792,Croma
PROD05329,Bajaj Women Dress,Fashion,Women Dress,1719,Reliance Retail
PROD05330,Amul Women Dress,Fashion,Women Dress,850,Reliance Retail
PROD05331,Boat Jeans,Fashion,Jeans,3118,Reliance Retail
PROD05332,Puma Television,Electronics,Television,93511,BigBasket
PROD05333,Puma Mixer Grinder,Home & Kitchen,Mixer Grinder,27030,Godrej Consumer
PROD05334,Bajaj Biography,Books,Biography,943,DMart
PROD05335,Adidas Women Dress,Fashion,Women Dress,7261,DMart
PROD05336,Mi Shampoo,Beauty,Shampoo,3595,Amazon Seller
PROD05337,Tata Television,Electronics,Television,95916,Godrej Consumer
PROD05338,Samsung Football,Sports,Football,4639,BigBasket
PROD05339,Prestige Tea Powder,Grocery,Tea Powder,712,Godrej Consumer
PROD00899,Boat Headphones,Electronics,Headphones,107975,Croma
PROD05341,OnePlus Spices,Grocery,Spices,2568,Amazon Seller
PROD01253,Sony Academic Book,Books,Academic Book,964,ITC Limited
PROD05343,Prestige Shampoo,Beauty,Shampoo,4041,
PROD05344,Amul LED Lamp,Home & Kitchen,LED Lamp,18709,Amazon Seller
PROD05345,Aashirvaad Mobile,Electronics,Mobile,52776,Godrej Consumer
PROD05346,Prestige Tea Powder,Grocery,Tea Powder,2369,DMart
PROD05347,OnePlus Perfume,Beauty,Perfume,901,Godrej Consumer
PROD05348,Aashirvaad Women Dress,Fashion,Women Dress,3956,Flipkart Seller
PROD05349,Samsung Football,Sports,Football,16281,Croma
PROD05350,LG Shoes,Fashion,Shoes,3769,BigBasket
PROD05351,LG Perfume,Beauty,Perfume,4267,Vijay Sales
PROD05352,Samsung Sofa,Home & Kitchen,Sofa,9797,Reliance Retail
PROD05353,Samsung Children Book,Books,Children Book,1987,DMart
PROD05354,Mi Mobile,Electronics,Mobile,46507,ITC Limited
PROD05355,LG Dining Table,Home & Kitchen,Dining Table,18226,Reliance Retail
PROD05356,Samsung Women Dress,Fashion,Women Dress,814,Croma
PROD05357,Boat Football,Sports,Football,12120,Reliance Retail
PROD05358,Nike Mixer Grinder,Home & Kitchen,Mixer Grinder,14254,Amazon Seller
PROD05359,Samsung Television,Electronics,Television,83515,DMart
PROD05360,Lenovo Cricket Bat,Sports,Cricket Bat,28397,Tata Consumer
PROD05361,LG Lipstick,Beauty,Lipstick,2237,Tata Consumer
PROD05362,Amul Novel,Books,Novel,1179,Amazon Seller
PROD05363,Lenovo Men T-Shirt,Fashion,Men T-Shirt,4766,DMart
PROD05364,Boat Dumbbell,Sports,Dumbbell,23451,ITC Limited
PROD05365,Mi Rice,Grocery,Rice,788,Reliance Retail
PROD05366,HP LED Lamp,Home & Kitchen,LED Lamp,32785,Reliance Retail
PROD05367,Aashirvaad Lipstick,Beauty,Lipstick,4806,DMart
PROD05368,Sony Women Dress,Fashion,Women Dress,5124,Godrej Consumer
PROD05369,Amul Children Book,Books,Children Book,540,Croma
PROD05370,Reliance Spices,Grocery,Spices,729,Croma
PROD05371,Godrej Perfume,Beauty,Perfume,2352,Reliance Retail
PROD05372,Lenovo Biography,Books,Biography,1621,ITC Limited
PROD05373,Apple Novel,Books,Novel,853,Croma
PROD05374,HP Badminton Racket,Sports,Badminton Racket,4922,Vijay Sales
PROD05375,Tata Cooking Oil,Grocery,Cooking Oil,2130,BigBasket
PROD05376,LG Lipstick,Beauty,Lipstick,4888,Amazon Seller
PROD05377,Bajaj Dining Table,Home & Kitchen,Dining Table,42288,Croma
PROD05378,Prestige Dumbbell,Sports,Dumbbell,26246,Godrej Consumer
PROD05379,Apple Shampoo,Beauty,Shampoo,1402,Amazon Seller
PROD05380,Tata Jeans,Fashion,Jeans,6484,Flipkart Seller
PROD05381,Amul Novel,Books,Novel,1811,Amazon Seller
PROD05382,Dell Tea Powder,Grocery,Tea Powder,754,ITC Limited
PROD05383,Mi Shampoo,Beauty,Shampoo,2163,Amazon Seller
PROD05384,Prestige Cricket Bat,Sports,Cricket Bat,28388,Amazon Seller
PROD05385,Puma Cooking Oil,Grocery,Cooking Oil,1170,Flipkart Seller
PROD05386,Mi LED Lamp,Home & Kitchen,LED Lamp,11969,Godrej Consumer
PROD05387,OnePlus Mobile,Electronics,Mobile,114446,Vijay Sales
PROD05388,Reliance Shoes,Fashion,Shoes,1400,Vijay Sales
PROD05389,Nike Face Wash,Beauty,Face Wash,2907,Reliance Retail
PROD05390,Godrej Biography,Books,Biography,945,Amazon Seller
PROD05391,Adidas Headphones,Electronics,Headphones,15312,Reliance Retail
PROD05392,OnePlus Football,Sports,Football,2953,Reliance Retail
PROD05393,Mi Cricket Bat,Sports,Cricket Bat,7696,DMart
PROD05394,Apple Pressure Cooker,Home & Kitchen,Pressure Cooker,41079,Amazon Seller
PROD05395,Adidas Women Dress,Fashion,Women Dress,7151,Tata Consumer
PROD05396,Mi Mobile,Electronics,Mobile,63246,Vijay Sales
PROD05397,Reliance Rice,Grocery,Rice,1769,Reliance Retail
PROD05398,Dell Novel,Books,Novel,2140,Reliance Retail
PROD05399,Nike Sofa,Home & Kitchen,Sofa,26729,Flipkart Seller
PROD05400,Reliance Badminton Racket,Sports,Badminton Racket,16032,Vijay Sales
PROD05401,Aashirvaad Cooking Oil,Grocery,Cooking Oil,1202,DMart
PROD05402,Tata Dumbbell,Sports,Dumbbell,982,Godrej Consumer
PROD05403,Dell Pressure Cooker,Home & Kitchen,Pressure Cooker,11868,DMart
PROD05404,Prestige Sofa,Home & Kitchen,Sofa,29643,Vijay Sales
PROD05405,Puma Football,Sports,Football,22562,Flipkart Seller
PROD05406,Godrej Women Dress,Fashion,Women Dress,1239,Reliance Retail
PROD05407,Adidas Dumbbell,Sports,Dumbbell,23848,Flipkart Seller
PROD05408,LG Perfume,Beauty,Perfume,1738,Flipkart Seller
PROD05409,Nike Perfume,Beauty,Perfume,2456,Flipkart Seller
PROD05410,Dell Football,Sports,Football,6354,Tata Consumer
PROD05411,Lenovo Lipstick,Beauty,Lipstick,3065,Tata Consumer
PROD05412,Godrej Face Wash,Beauty,Face Wash,1807,BigBasket
PROD05413,Sony Biography,Books,Biography,334,BigBasket
PROD05414,HP Face Wash,Beauty,Face Wash,2785,Croma
PROD05415,Apple Television,Electronics,Television,120705,Reliance Retail
PROD05416,OnePlus Headphones,Electronics,Headphones,54489,Amazon Seller
PROD05417,Reliance Pressure Cooker,Home & Kitchen,Pressure Cooker,11555,BigBasket
PROD05418,Dell Novel,Books,Novel,1410,BigBasket
PROD05419,Prestige Tea Powder,Grocery,Tea Powder,2082,Amazon Seller
PROD05420,Amul Jeans,Fashion,Jeans,3809,Croma
PROD05421,Lenovo Cooking Oil,Grocery,Cooking Oil,1642,Godrej Consumer
PROD05422,Mi Sofa,Home & Kitchen,Sofa,1206,Amazon Seller
PROD05423,Apple Dining Table,Home & Kitchen,Dining Table,24730,DMart
PROD05424,Godrej Shampoo,Beauty,Shampoo,4682,Godrej Consumer
PROD05425,Dell Smart Watch,Electronics,Smart Watch,50339,DMart
PROD05426,Nike Children Book,Books,Children Book,408,Reliance Retail
PROD05427,Boat Television,Electronics,Television,64542,ITC Limited
PROD05428,Boat Tea Powder,Grocery,Tea Powder,2023,BigBasket
PROD05429,Aashirvaad Men T-Shirt,Fashion,Men T-Shirt,6248,BigBasket
PROD05430,Mi Jeans,Fashion,Jeans,5243,Reliance Retail
PROD05431,Mi Rice,Grocery,Rice,952,Tata Consumer
PROD05432,Nike Academic Book,Books,Academic Book,1900,Reliance Retail
PROD05433,Godrej Sofa,Home & Kitchen,Sofa,48802,Flipkart Seller
PROD05434,Dell Pressure Cooker,Home & Kitchen,Pressure Cooker,33608,ITC Limited
PROD05435,Bajaj Dining Table,Home & Kitchen,Dining Table,30452,Reliance Retail
PROD05436,Prestige Lipstick,Beauty,Lipstick,4541,Tata Consumer
PROD05437,Godrej Tea Powder,Grocery,Tea Powder,1100,Vijay Sales
PROD05438,LG Biscuits,Grocery,Biscuits,2832,Vijay Sales
PROD05439,Aashirvaad Cooking Oil,Grocery,Cooking Oil,2316,Flipkart Seller
PROD05440,Prestige Dining Table,Home & Kitchen,Dining Table,34543,Croma
PROD05441,OnePlus Spices,Grocery,Spices,2389,Reliance Retail
PROD05442,Dell Laptop,Electronics,Laptop,129617,Amazon Seller
PROD05443,Tata Academic Book,Books,Academic Book,2267,BigBasket
PROD04043,Dell Mixer Grinder,Home & Kitchen,Mixer Grinder,43086,ITC Limited
PROD05445,Adidas Face Wash,Beauty,Face Wash,2034,Croma
PROD05446,Reliance Lipstick,Beauty,Lipstick,2864,Reliance Retail
PROD05447,Dell Women Dress,Fashion,Women Dress,2487,Vijay Sales
PROD05448,Bajaj Novel,Books,Novel,260,Vijay Sales
PROD05449,Bajaj Lipstick,Beauty,Lipstick,282,Vijay Sales
PROD05450,Apple Face Wash,Beauty,Face Wash,1211,Amazon Seller
PROD05451,Godrej Football,Sports,Football,13945,Tata Consumer
PROD05452,Prestige Biography,Books,Biography,216,ITC Limited
PROD05453,Boat Lipstick,Beauty,,1886,ITC Limited
PROD05454,OnePlus Tea Powder,Grocery,Tea Powder,241,Vijay Sales
PROD05455,Mi Shampoo,Beauty,Shampoo,3497,DMart
PROD05456,Lenovo Pressure Cooker,Home & Kitchen,Pressure Cooker,45955,Godrej Consumer
PROD05457,HP Spices,Grocery,Spices,1687,Reliance Retail
PROD05458,Boat Dumbbell,Sports,Dumbbell,28292,Reliance Retail
PROD05459,Mi Tea Powder,Grocery,Tea Powder,615,Amazon Seller
PROD05460,Dell Rice,Grocery,Rice,290,BigBasket
PROD05461,Prestige Badminton Racket,Sports,Badminton Racket,18360,Vijay Sales
PROD05462,Tata Badminton Racket,Sports,Badminton Racket,13840,Vijay Sales
PROD05463,Reliance Women Dress,Fashion,Women Dress,6546,Flipkart Seller
PROD05464,Mi Shampoo,Beauty,Shampoo,221,Tata Consumer
PROD05465,Mi Handbag,Fashion,Handbag,1752,ITC Limited
PROD05466,Prestige Spices,Grocery,Spices,2806,Godrej Consumer
PROD05467,Sony Spices,Grocery,Spices,2059,Flipkart Seller
PROD05468,Godrej Novel,Books,Novel,1472,DMart
PROD05469,Dell Cooking Oil,Grocery,Cooking Oil,420,Tata Consumer
PROD05470,Apple Cricket Bat,Sports,Cricket Bat,14357,BigBasket
PROD05471,Sony Biography,Books,Biography,1809,Godrej Consumer
PROD05472,Tata Pressure Cooker,Home & Kitchen,Pressure Cooker,14016,Godrej Consumer
PROD05473,Prestige Novel,Books,Novel,1122,Croma
PROD05474,Tata LED Lamp,Home & Kitchen,LED Lamp,7902,BigBasket
PROD05475,OnePlus LED Lamp,Home & Kitchen,LED Lamp,27929,Tata Consumer
PROD05476,OnePlus Headphones,Electronics,Headphones,52089,Flipkart Seller
PROD05477,Apple Biography,Books,Biography,1948,DMart
PROD05478,Nike Smart Watch,Electronics,Smart Watch,144067,Amazon Seller
PROD05479,Apple Pressure Cooker,Home & Kitchen,Pressure Cooker,34095,BigBasket
PROD05480,Reliance Football,Sports,Football,23351,Amazon Seller
PROD05481,Dell Rice,Grocery,Rice,2256,Flipkart Seller
PROD05482,Lenovo Lipstick,Beauty,Lipstick,145,Vijay Sales
PROD05483,Nike Badminton Racket,Sports,Badminton Racket,22235,DMart
PROD05484,Boat Cricket Bat,Sports,Cricket Bat,29435,ITC Limited
PROD05485,Samsung Academic Book,Books,Academic Book,1704,BigBasket
PROD05486,LG Spices,Grocery,Spices,2728,ITC Limited
PROD05487,Tata Smart Watch,Electronics,Smart Watch,57353,Tata Consumer
PROD05488,Samsung Rice,Grocery,Rice,1999,Reliance Retail
PROD05489,Godrej Novel,Books,Novel,1372,Reliance Retail
PROD05490,Bajaj Face Wash,Beauty,Face Wash,354,ITC Limited
PROD05491,Lenovo Cricket Bat,Sports,Cricket Bat,21491,Flipkart Seller
PROD05492,Aashirvaad Shampoo,Beauty,Shampoo,1330,ITC Limited
PROD05493,Godrej Handbag,Fashion,Handbag,4807,Amazon Seller
PROD05494,Adidas Dumbbell,Sports,Dumbbell,28105,ITC Limited
PROD05495,Tata Mixer Grinder,Home & Kitchen,Mixer Grinder,30492,Amazon Seller
PROD05496,Mi Biography,Books,Biography,903,Tata Consumer
PROD05497,Prestige Dumbbell,Sports,Dumbbell,2966,Vijay Sales
PROD05498,Godrej Academic Book,Books,Academic Book,610,Godrej Consumer
PROD05499,Sony Face Wash,Beauty,Face Wash,3968,Vijay Sales
PROD05500,Tata Shampoo,Beauty,Shampoo,4666,Reliance Retail
PROD05501,Tata Novel,Books,Novel,1133,Godrej Consumer
PROD05502,Reliance Headphones,Electronics,Headphones,50935,Vijay Sales
PROD05503,Nike Jeans,Fashion,Jeans,2506,DMart
PROD05504,Aashirvaad LED Lamp,Home & Kitchen,LED Lamp,41801,Amazon Seller
PROD05505,Boat Dumbbell,Sports,Dumbbell,17602,Tata Consumer
PROD05506,Sony Mobile,Electronics,Mobile,7871,BigBasket
PROD05507,Adidas Cooking Oil,Grocery,Cooking Oil,714,Croma
PROD05508,OnePlus Shoes,Fashion,Shoes,452,Godrej Consumer
PROD05509,Puma Laptop,Electronics,Laptop,125200,Croma
PROD05510,Sony Men T-Shirt,Fashion,Men T-Shirt,4816,BigBasket
PROD05511,Aashirvaad Children Book,Books,Children Book,390,DMart
PROD05512,Dell Children Book,Books,Children Book,153,Amazon Seller
PROD05513,Puma Tea Powder,Grocery,Tea Powder,1587,Croma
PROD05514,Reliance Jeans,Fashion,Jeans,3183,Croma
PROD05515,Nike Shoes,,Shoes,4406,Flipkart Seller
PROD05516,Amul Badminton Racket,Sports,Badminton Racket,26022,BigBasket
PROD05517,Puma Cricket Bat,Sports,Cricket Bat,29129,Vijay Sales
PROD05518,Lenovo Tea Powder,Grocery,Tea Powder,2289,Amazon Seller
PROD05519,Mi Smart Watch,Electronics,Smart Watch,123428,Tata Consumer
PROD05520,Amul Handbag,Fashion,Handbag,2564,Vijay Sales
PROD05521,Bajaj Shampoo,Beauty,Shampoo,1141,DMart
PROD05522,Aashirvaad Face Wash,Beauty,Face Wash,3403,Tata Consumer
PROD05523,Adidas Children Book,Books,Children Book,451,Amazon Seller
PROD05524,Adidas LED Lamp,Home & Kitchen,LED Lamp,37655,Tata Consumer
PROD05525,LG Cooking Oil,Grocery,Cooking Oil,256,BigBasket
PROD05526,Lenovo Handbag,Fashion,Handbag,3469,Amazon Seller
PROD05527,Mi Shoes,Fashion,Shoes,5378,Amazon Seller
PROD05528,Godrej Headphones,Electronics,Headphones,109373,Flipkart Seller
PROD05529,Sony Lipstick,Beauty,Lipstick,1649,Croma
PROD05530,Mi Shampoo,Beauty,Shampoo,4590,DMart
PROD05531,Apple Jeans,Fashion,Jeans,6319,Tata Consumer
PROD05532,Apple Biscuits,Grocery,Biscuits,2158,Tata Consumer
PROD05533,Dell Badminton Racket,Sports,Badminton Racket,20518,Amazon Seller
PROD05534,Tata Sofa,Home & Kitchen,Sofa,20233,Flipkart Seller
PROD05535,Lenovo Jeans,Fashion,Jeans,1714,Reliance Retail
PROD05536,OnePlus Biography,Books,Biography,1161,Flipkart Seller
PROD05537,OnePlus Pressure Cooker,Home & Kitchen,Pressure Cooker,35095,DMart
PROD05538,Prestige Spices,Grocery,Spices,683,Amazon Seller
PROD05539,Tata Face Wash,Beauty,Face Wash,136,Flipkart Seller
PROD05540,Reliance Dining Table,Home & Kitchen,Dining Table,43253,Tata Consumer
PROD05541,OnePlus Shampoo,Beauty,Shampoo,651,BigBasket
PROD05542,Reliance Football,Sports,Football,29031,BigBasket
PROD05543,Bajaj Cricket Bat,Sports,Cricket Bat,10347,Flipkart Seller
PROD05544,,Electronics,Laptop,134946,Croma
PROD05545,HP Handbag,Fashion,Handbag,1384,Reliance Retail
PROD05546,Boat Children Book,Books,Children Book,1721,BigBasket
PROD05547,Adidas Women Dress,Fashion,Women Dress,7743,Reliance Retail
PROD05548,LG LED Lamp,Home & Kitchen,LED Lamp,4144,ITC Limited
PROD05549,Boat Women Dress,Fashion,Women Dress,7112,DMart
PROD05550,HP Television,Electronics,Television,116837,Vijay Sales
PROD05551,OnePlus Academic Book,Books,Academic Book,1219,ITC Limited
PROD05552,LG Children Book,Books,Children Book,2478,ITC Limited
PROD05553,Amul Rice,Grocery,Rice,1697,ITC Limited
PROD05554,Prestige Men T-Shirt,Fashion,Men T-Shirt,4181,Croma
PROD05555,Dell Men T-Shirt,Fashion,Men T-Shirt,5343,Vijay Sales
PROD05556,Lenovo Face Wash,Beauty,Face Wash,3627,Godrej Consumer
PROD05557,LG Sofa,Home & Kitchen,Sofa,43205,BigBasket
PROD05558,Adidas Rice,Grocery,Rice,1065,BigBasket
PROD05559,Samsung Perfume,Beauty,Perfume,1438,Croma
PROD05560,Bajaj Men T-Shirt,Fashion,Men T-Shirt,4249,Godrej Consumer
PROD05561,Samsung Sofa,Home & Kitchen,Sofa,1334,Reliance Retail
PROD05562,HP Lipstick,Beauty,Lipstick,1709,Amazon Seller
PROD05563,Amul Headphones,Electronics,Headphones,21281,DMart
PROD05564,Mi Face Wash,Beauty,Face Wash,1569,Reliance Retail
PROD05565,OnePlus Jeans,Fashion,Jeans,6396,Godrej Consumer
PROD05566,Mi Academic Book,Books,Academic Book,962,ITC Limited
PROD05567,Bajaj Shampoo,Beauty,Shampoo,3865,Reliance Retail
PROD05568,Sony Jeans,Fashion,Jeans,6938,BigBasket
PROD05569,Nike Tea Powder,Grocery,Tea Powder,1887,BigBasket
PROD05570,Nike Academic Book,Books,Academic Book,2170,Vijay Sales
PROD05571,Apple Headphones,Electronics,Headphones,114047,Amazon Seller
PROD05572,Boat Cooking Oil,Grocery,Cooking Oil,319,Reliance Retail
PROD05573,Godrej Badminton Racket,Sports,Badminton Racket,11030,Flipkart Seller
PROD05574,Prestige Spices,Grocery,Spices,1980,Reliance Retail
PROD05575,Prestige Dumbbell,Sports,Dumbbell,16337,DMart
PROD05576,Apple Football,Sports,Football,19934,Croma
PROD05577,Amul Smart Watch,Electronics,Smart Watch,105539,DMart
PROD05578,OnePlus Mixer Grinder,Home & Kitchen,Mixer Grinder,5308,ITC Limited
PROD05579,Lenovo Tea Powder,Grocery,Tea Powder,55,Croma
PROD05580,Prestige LED Lamp,Home & Kitchen,LED Lamp,48270,Flipkart Seller
PROD05581,Nike Sofa,Home & Kitchen,Sofa,18276,Godrej Consumer
PROD05582,Puma Perfume,Beauty,Perfume,1058,Vijay Sales
PROD05583,HP Headphones,Electronics,Headphones,5705,Reliance Retail
PROD05584,Mi Mixer Grinder,Home & Kitchen,Mixer Grinder,16610,Reliance Retail
PROD05585,Boat Dumbbell,Sports,Dumbbell,29754,BigBasket
PROD05586,Nike Television,Electronics,Television,9816,DMart
PROD05587,Sony Novel,Books,Novel,483,ITC Limited
PROD05588,Mi Laptop,Electronics,Laptop,105301,Vijay Sales
PROD05589,Reliance Cooking Oil,Grocery,Cooking Oil,1027,ITC Limited
PROD05590,Apple LED Lamp,Home & Kitchen,LED Lamp,26671,BigBasket
PROD05591,Dell Cricket Bat,Sports,Cricket Bat,18003,ITC Limited
PROD05592,Aashirvaad Laptop,Electronics,Laptop,89330,Amazon Seller
PROD05593,Prestige Biography,Books,Biography,1715,BigBasket
PROD05594,OnePlus Badminton Racket,Sports,Badminton Racket,7271,DMart
PROD05595,Boat Football,Sports,Football,24120,Vijay Sales
PROD05596,Reliance Women Dress,Fashion,Women Dress,7939,DMart
PROD05597,Adidas Children Book,Books,Children Book,1229,Reliance Retail
PROD05598,Godrej Academic Book,Books,Academic Book,2146,Reliance Retail
PROD05599,Reliance Children Book,Books,Children Book,838,Reliance Retail
PROD05600,OnePlus Cricket Bat,Sports,Cricket Bat,23414,Godrej Consumer
PROD05601,Adidas Television,Electronics,Television,63289,Flipkart Seller
PROD05602,LG Laptop,Electronics,Laptop,107183,Vijay Sales
PROD05603,Boat Mobile,Electronics,Mobile,145801,BigBasket
PROD05604,Apple Biography,Books,Biography,342,Croma
PROD05605,Puma Shoes,Fashion,Shoes,1827,Flipkart Seller
PROD05606,Aashirvaad Television,Electronics,Television,13479,BigBasket
PROD05607,LG Shampoo,Beauty,Shampoo,248,Croma
PROD05608,HP Handbag,Fashion,Handbag,5855,Reliance Retail
PROD05609,Nike Lipstick,Beauty,Lipstick,3076,BigBasket
PROD05610,Reliance Sofa,Home & Kitchen,Sofa,35353,Amazon Seller
PROD05611,Prestige Football,Sports,Football,15042,Flipkart Seller
PROD05612,Prestige Sofa,Home & Kitchen,Sofa,40974,Godrej Consumer
PROD05613,Mi Pressure Cooker,Home & Kitchen,Pressure Cooker,18345,Vijay Sales
PROD05614,Aashirvaad Biscuits,Grocery,Biscuits,1721,Amazon Seller
PROD05615,Sony Biscuits,Grocery,Biscuits,1066,Croma
PROD05616,Tata Badminton Racket,Sports,Badminton Racket,12404,DMart
PROD05617,Aashirvaad Laptop,Electronics,Laptop,24312,ITC Limited
PROD05618,LG Mixer Grinder,Home & Kitchen,Mixer Grinder,25008,Tata Consumer
PROD05619,Dell Spices,Grocery,Spices,74,DMart
PROD05620,Reliance Lipstick,Beauty,Lipstick,2808,Reliance Retail
PROD05621,Reliance Shampoo,Beauty,Shampoo,3345,Vijay Sales
PROD05622,Tata Shoes,Fashion,Shoes,3338,Reliance Retail
PROD05623,Prestige Handbag,Fashion,Handbag,5600,Vijay Sales
PROD05624,OnePlus Mixer Grinder,Home & Kitchen,Mixer Grinder,36218,Godrej Consumer
PROD05625,Bajaj Mobile,Electronics,Mobile,16482,Godrej Consumer
PROD05626,Reliance Laptop,Electronics,Laptop,67195,Reliance Retail
PROD05627,LG Jeans,Fashion,Jeans,490,Godrej Consumer
PROD05628,Sony Dining Table,Home & Kitchen,Dining Table,45625,DMart
PROD05629,Amul Biscuits, GROCERY ,Biscuits,2378,Tata Consumer
PROD05630,Puma Dumbbell,Sports,Dumbbell,28597,Flipkart Seller
PROD05631,Aashirvaad Novel,Books,Novel,320,Reliance Retail
PROD05632,Reliance Children Book,Books,Children Book,694,Tata Consumer
PROD05633,Adidas Sofa,Home & Kitchen,Sofa,43857,Croma
PROD05634,Mi Dining Table,Home & Kitchen,,9482,Reliance Retail
PROD05635,Apple Dining Table,Home & Kitchen,Dining Table,40147,BigBasket
PROD05636,Boat Dumbbell,Sports,Dumbbell,7877,ITC Limited
PROD05637,Apple Mobile,Electronics,Mobile,9270,ITC Limited
PROD05638,OnePlus Television,Electronics,Television,107049,Croma
PROD05639,Lenovo Dumbbell,Sports,Dumbbell,7425,BigBasket
PROD05640,Boat Tea Powder,Grocery,Tea Powder,1680,Vijay Sales
PROD05641,OnePlus Women Dress,Fashion,Women Dress,6806,Croma
PROD05642,HP Men T-Shirt,Fashion,Men T-Shirt,5350,Tata Consumer
PROD05643,Godrej Smart Watch,Electronics,Smart Watch,104584,Reliance Retail
PROD05644,Samsung Shoes,Fashion,Shoes,6942,Vijay Sales
PROD05645,Adidas Cooking Oil,Grocery,Cooking Oil,2269,Vijay Sales
PROD05646,Tata Headphones,Electronics,Headphones,82681,Tata Consumer
PROD05647,Godrej Cooking Oil,Grocery,Cooking Oil,1713,Reliance Retail
PROD05648,Amul Women Dress,Fashion,Women Dress,6851,Flipkart Seller
PROD05649,Amul LED Lamp,Home & Kitchen,LED Lamp,2280,Flipkart Seller
PROD05650,Tata Pressure Cooker,Home & Kitchen,Pressure Cooker,4946,Tata Consumer
PROD05651,Godrej Men T-Shirt,Fashion,Men T-Shirt,4371,Flipkart Seller
PROD05652,Reliance Sofa,Home & Kitchen,Sofa,23231,ITC Limited
PROD05653,Amul Face Wash,Beauty,Face Wash,1156,Amazon Seller
PROD05654,Prestige Dining Table,Home & Kitchen,Dining Table,14209,DMart
PROD05655,Adidas Biography,Books,Biography,1961,Godrej Consumer
PROD05656,Aashirvaad Mixer Grinder,Home & Kitchen,Mixer Grinder,17815,Croma
PROD05657,Boat Men T-Shirt,Fashion,Men T-Shirt,5988,Tata Consumer
PROD05658,Boat Academic Book,Books,Academic Book,2035,Flipkart Seller
PROD05659,Lenovo Academic Book,Books,Academic Book,2327,Vijay Sales
PROD05660,Aashirvaad Perfume,Beauty,Perfume,4857,DMart
PROD05661,Aashirvaad Perfume,Beauty,Perfume,1108,ITC Limited
PROD05662,Boat Women Dress,Fashion,Women Dress,6144,Godrej Consumer
PROD05663,Apple Perfume,Beauty,Perfume,3868,Vijay Sales
PROD05664,Amul Academic Book,Books,Academic Book,2069,Reliance Retail
PROD05665,Puma Cooking Oil,Grocery,Cooking Oil,2892,Tata Consumer
PROD05666,Prestige Biscuits,Grocery,Biscuits,0,BigBasket
PROD05667,Samsung Men T-Shirt,Fashion,Men T-Shirt,4917,Amazon Seller
PROD02445,Mi Academic Book,Books,Academic Book,1755,BigBasket
PROD05669,Bajaj Shampoo,Beauty,Shampoo,1653,Amazon Seller
PROD05670,Bajaj Badminton Racket,Sports,Badminton Racket,26260,Amazon Seller
PROD05671,Aashirvaad Handbag,Fashion,Handbag,2668,BigBasket
PROD05672,Apple Laptop,Electronics,Laptop,39962,Croma
PROD05673,Aashirvaad Women Dress,Fashion,Women Dress,7957,Tata Consumer
PROD05674,Nike Shampoo,Beauty,Shampoo,1454,Tata Consumer
PROD05675,OnePlus Shampoo,Beauty,Shampoo,1406,DMart
PROD05676,LG Dumbbell,Sports,Dumbbell,2031,Amazon Seller
PROD05677,Tata Women Dress,Fashion,Women Dress,5012,Flipkart Seller
PROD05678,Prestige Mixer Grinder,Home & Kitchen,Mixer Grinder,28240,Godrej Consumer
PROD05679,Sony Women Dress,Fashion,Women Dress,4529,BigBasket
PROD04159,Prestige Spices,Grocery,Spices,143,Amazon Seller
PROD05681,OnePlus Cricket Bat,Sports,Cricket Bat,19865,ITC Limited
PROD05682,Tata Handbag,Fashion,Handbag,6851,Tata Consumer
PROD05683,Prestige Dining Table,Home & Kitchen,Dining Table,22012,BigBasket
PROD05684,LG Dumbbell,Sports,Dumbbell,29883,Vijay Sales
PROD05685,Boat Headphones,Electronics,Headphones,119404,Godrej Consumer
PROD05686,Bajaj Cricket Bat,Sports,Cricket Bat,18558,DMart
PROD05687,Tata Mobile,Electronics,Mobile,108113,BigBasket
PROD05688,LG Women Dress,Fashion,Women Dress,1809,Vijay Sales
PROD05689,LG Football,Sports,Football,16646,Tata Consumer
PROD05690,Bajaj Lipstick,Beauty,Lipstick,1769,Flipkart Seller
PROD05691,Aashirvaad Face Wash,Beauty,Face Wash,3391,BigBasket
PROD05692,Tata Badminton Racket,Sports,Badminton Racket,26801,Tata Consumer
PROD05693,Apple Laptop,Electronics,Laptop,99766,Reliance Retail
PROD05694,Reliance Shoes,Fashion,Shoes,3044,Godrej Consumer
PROD05695,OnePlus Pressure Cooker,Home & Kitchen,Pressure Cooker,0,BigBasket
PROD05696,Prestige Jeans,Fashion,Jeans,6263,Reliance Retail
PROD05697,Adidas Badminton Racket,Sports,Badminton Racket,24352,Reliance Retail
PROD05698,Nike Shoes,Fashion,Shoes,451,Vijay Sales
PROD05699,Lenovo Perfume,Beauty,Perfume,1468,Vijay Sales
PROD05700,LG Lipstick,Beauty,Lipstick,3141,Godrej Consumer
PROD05701,Sony Headphones,Electronics,Headphones,8615,Reliance Retail
PROD05702,Bajaj Shoes,Fashion,Shoes,6893,ITC Limited
PROD05703,Aashirvaad Dumbbell,Sports,Dumbbell,29435,BigBasket
PROD05704,Adidas Face Wash,Beauty,Face Wash,4799,Tata Consumer
PROD05705,OnePlus Dining Table,Home & Kitchen,Dining Table,32330,Godrej Consumer
PROD05706,Lenovo Men T-Shirt,Fashion,Men T-Shirt,7880,DMart
PROD05707,Mi Children Book,Books,Children Book,2368,BigBasket
PROD05708,Prestige Spices,Grocery,Spices,1105,Godrej Consumer
PROD05709,Reliance Badminton Racket,Sports,Badminton Racket,19809,Godrej Consumer
PROD05710,Tata Dining Table,Home & Kitchen,Dining Table,18987,Godrej Consumer
PROD05711,LG Football,Sports,Football,27485,Vijay Sales
PROD05712,Adidas Biscuits,Grocery,Biscuits,936,Amazon Seller
PROD05713,Mi Women Dress,Fashion,Women Dress,2407,Vijay Sales
PROD05714,Samsung Laptop,Electronics,Laptop,46143,ITC Limited
PROD05715,Samsung Academic Book,Books,Academic Book,1499,Godrej Consumer
PROD05716,Boat LED Lamp,Home & Kitchen,LED Lamp,15440,BigBasket
PROD05717,Prestige Mobile,Electronics,Mobile,52828,Tata Consumer
PROD05718,LG Shampoo,Beauty,Shampoo,1681,Godrej Consumer
PROD05719,HP Biography,Books,Biography,1379,Amazon Seller
PROD05720,Boat Cooking Oil,Grocery,Cooking Oil,1678,Tata Consumer
PROD05721,Prestige Badminton Racket,Sports,Badminton Racket,28262,ITC Limited
PROD05722,Lenovo Spices,Grocery,Spices,628,Amazon Seller
PROD05723,Lenovo Shoes,Fashion,Shoes,5567,ITC Limited
PROD05724,Reliance Badminton Racket,Sports,Badminton Racket,11307,ITC Limited
PROD05725,Prestige Tea Powder,Grocery,Tea Powder,1638,ITC Limited
PROD05726,Prestige Headphones,Electronics,Headphones,57410,BigBasket
PROD05727,Aashirvaad Biography,Books,Biography,1403,Tata Consumer
PROD05728,Aashirvaad Dumbbell,Sports,Dumbbell,1302,Croma
PROD05729,Dell Children Book,Books,Children Book,1253,Godrej Consumer
PROD05730,Bajaj Biscuits,Grocery,Biscuits,2828,ITC Limited
PROD05731,OnePlus Men T-Shirt,Fashion,Men T-Shirt,7329,Tata Consumer
PROD05732,Aashirvaad Women Dress,Fashion,Women Dress,6886,Flipkart Seller
PROD05733,Reliance Television,Electronics,Television,41885,Vijay Sales
PROD05734,Aashirvaad Headphones,Electronics,Headphones,39710,Reliance Retail
PROD05735,Boat Headphones,Electronics,Headphones,98409,Croma
PROD05736,Lenovo Badminton Racket,Sports,Badminton Racket,13815,BigBasket
PROD05737,Lenovo Sofa,Home & Kitchen,Sofa,26622,Croma
PROD05738,HP Dining Table,Home & Kitchen,Dining Table,23572,Flipkart Seller
PROD05739,HP Jeans,Fashion,Jeans,3830,BigBasket
PROD05740,Reliance Mobile,Electronics,Mobile,106296,
PROD05741,Lenovo Perfume,Beauty,Perfume,3499,ITC Limited
PROD05742,Adidas Cooking Oil,Grocery,Cooking Oil,2848,Reliance Retail
PROD05743,Godrej Mixer Grinder,Home & Kitchen,Mixer Grinder,25575,Croma
PROD05744,Samsung Dining Table,Home & Kitchen,Dining Table,10586,Amazon Seller
PROD05745,Nike Dining Table,Home & Kitchen,Dining Table,5003,ITC Limited
PROD05746,Adidas Children Book,Books,Children Book,170,Amazon Seller
PROD05747,Bajaj Cooking Oil,Grocery,Cooking Oil,2217,Vijay Sales
PROD05748,Tata Children Book,Books,Children Book,2249,DMart
PROD05749,HP Tea Powder,Grocery,Tea Powder,221,Flipkart Seller
PROD05750,Puma Face Wash,Beauty,Face Wash,3444,DMart
PROD05751,Adidas Television,Electronics,Television,75197,Amazon Seller
PROD05752,Godrej Handbag,Fashion,Handbag,797,Amazon Seller
PROD05753,Reliance Smart Watch,Electronics,Smart Watch,146703,Godrej Consumer
PROD05754,Tata Football,Sports,Football,20446,BigBasket
PROD05755,Bajaj Cricket Bat,Sports,Cricket Bat,9318,Godrej Consumer
PROD05756,Godrej Television,Electronics,Television,22357,Godrej Consumer
PROD05757,Mi Lipstick,Beauty,Lipstick,4089,Amazon Seller
PROD05758,Boat Tea Powder,Grocery,Tea Powder,676,ITC Limited
PROD05759,Bajaj Mixer Grinder,Home & Kitchen,Mixer Grinder,24261,Vijay Sales
PROD05760,Lenovo Biography,Books,Biography,203,BigBasket
PROD05761,Dell Mixer Grinder,Home & Kitchen,Mixer Grinder,13911,Croma
PROD05762,HP Biscuits,Grocery,Biscuits,1275,ITC Limited
PROD05763,Boat Television,Electronics,Television,135617,DMart
PROD05764,Tata Biography,Books,Biography,1529,Godrej Consumer
PROD05765,Reliance Spices,Grocery,Spices,624,Vijay Sales
PROD05766,OnePlus Laptop,Electronics,Laptop,70791,
PROD05767,Puma Men T-Shirt,Fashion,Men T-Shirt,1037,Croma
PROD05768,Boat Novel,Books,Novel,2282,BigBasket
PROD05769,Dell Academic Book,Books,Academic Book,933,BigBasket
PROD05770,Puma Men T-Shirt,Fashion,Men T-Shirt,1089,Godrej Consumer
PROD05771,Dell Badminton Racket,Sports,Badminton Racket,15939,BigBasket
PROD05772,Dell Children Book,Books,Children Book,1635,Godrej Consumer
PROD05773,Adidas Mixer Grinder,Home & Kitchen,Mixer Grinder,4870,ITC Limited
PROD05774,Lenovo Perfume,Beauty,Perfume,1402,DMart
PROD05775,Lenovo Television,Electronics,Television,38852,Godrej Consumer
PROD05776,Aashirvaad LED Lamp,Home & Kitchen,LED Lamp,46134,ITC Limited
PROD05777,Samsung Tea Powder,Grocery,Tea Powder,2386,Vijay Sales
PROD05778,Puma Women Dress,Fashion,Women Dress,1678,Vijay Sales
PROD05779,Apple Smart Watch,Electronics,Smart Watch,103761,Godrej Consumer
PROD05780,Sony Tea Powder,Grocery,Tea Powder,1931,Vijay Sales
PROD05781,Adidas Biscuits,Grocery,Biscuits,2164,DMart
PROD05782,Bajaj Headphones,Electronics,Headphones,5652,Vijay Sales
PROD05783,Mi Shampoo,Beauty,Shampoo,1850,Flipkart Seller
PROD05784,Lenovo Mixer Grinder,Home & Kitchen,Mixer Grinder,6419,Tata Consumer
PROD05785,Adidas Novel,Books,Novel,750,Vijay Sales
PROD05786,Boat Tea Powder,Grocery,Tea Powder,2356,BigBasket
PROD05787,Godrej Face Wash,Beauty,Face Wash,1351,DMart
PROD05788,LG Shoes,Fashion,Shoes,2102,Tata Consumer
PROD05789,OnePlus Headphones,Electronics,,136750,Godrej Consumer
PROD05790,Sony Laptop,Electronics,Laptop,64768,Tata Consumer
PROD05791,Reliance Cricket Bat,Sports,Cricket Bat,23713,Vijay Sales
PROD05792,Apple Dining Table,Home & Kitchen,Dining Table,41636,Tata Consumer
PROD05793,Nike Television,Electronics,Television,127163,Tata Consumer
PROD05794,Nike Biography,Books,Biography,439,Tata Consumer
PROD05795,Boat Lipstick,Beauty,Lipstick,2671,DMart
PROD05796,Apple Academic Book,Books,Academic Book,2365,Godrej Consumer
PROD05797,Dell Cricket Bat,Sports,Cricket Bat,25041,DMart
PROD05798,Amul Face Wash,Beauty,Face Wash,4877,Flipkart Seller
PROD05799,OnePlus Sofa,Home & Kitchen,Sofa,4306,ITC Limited
PROD05800,Amul Biography,Books,Biography,2238,Godrej Consumer
PROD05801,Sony Biscuits,Grocery,Biscuits,1708,ITC Limited
PROD05802,Nike Handbag,Fashion,Handbag,4809,ITC Limited
PROD05803,Bajaj Lipstick,Beauty,Lipstick,4401,Reliance Retail
PROD05804,Tata Cooking Oil,Grocery,Cooking Oil,2856,Tata Consumer
PROD05805,LG Face Wash,Beauty,Face Wash,2048,Godrej Consumer
PROD05806,Sony Face Wash,Beauty,Face Wash,1038,Godrej Consumer
PROD05807,Prestige Smart Watch,Electronics,Smart Watch,148440,ITC Limited
PROD05808,Mi Laptop,Electronics,Laptop,146563,ITC Limited
PROD05809,Samsung Badminton Racket,Sports,Badminton Racket,17236,Amazon Seller
PROD05810,HP Rice,Grocery,Rice,78,Vijay Sales
PROD05811,Samsung Face Wash,Beauty,Face Wash,485,Tata Consumer
PROD05812,Puma Novel,Books,Novel,2120,Amazon Seller
PROD05813,Aashirvaad Novel,Books,Novel,2416,Godrej Consumer
PROD05814,Nike Women Dress,Fashion,Women Dress,7716,ITC Limited
PROD05815,Adidas Badminton Racket,Sports,Badminton Racket,20405,Tata Consumer
PROD05816,Boat Laptop,Electronics,Laptop,16596,Vijay Sales
PROD05817,Dell Perfume,Beauty,Perfume,4286,Godrej Consumer
PROD05818,Bajaj Shampoo,Beauty,Shampoo,2871,Croma
PROD05819,Tata Badminton Racket,Sports,Badminton Racket,26726,Tata Consumer
PROD05820,Samsung Shampoo,Beauty,Shampoo,1499,DMart
PROD05821,Boat Smart Watch,Electronics,Smart Watch,94198,Reliance Retail
PROD05822,Dell Dumbbell,Sports,Dumbbell,22655,Reliance Retail
PROD05823,Prestige Pressure Cooker,Home & Kitchen,Pressure Cooker,34893,Tata Consumer
PROD05824,Lenovo Novel,Books,Novel,1271,BigBasket
PROD05825,Adidas Mixer Grinder,Home & Kitchen,Mixer Grinder,24593,ITC Limited
PROD05826,Samsung Novel,Books,Novel,462,BigBasket
PROD05827,HP Smart Watch,Electronics,Smart Watch,18475,Flipkart Seller
PROD05828,Puma Cooking Oil,Grocery,Cooking Oil,2704,Croma
PROD05829,Bajaj Rice,Grocery,Rice,1690,ITC Limited
PROD05830,Boat Face Wash,Beauty,Face Wash,3323,ITC Limited
PROD05831,Reliance Academic Book,Books,Academic Book,1943,Tata Consumer
PROD05832,Apple Children Book,Books,Children Book,368,Amazon Seller
PROD05833,Nike Jeans,Fashion,Jeans,3225,Vijay Sales
PROD05834,Nike Biography,Books,Biography,1837,Tata Consumer
PROD05835,Tata Biography,Books,Biography,1099,Vijay Sales
PROD05836,Adidas Badminton Racket,Sports,Badminton Racket,27186,Reliance Retail
PROD05837,Bajaj Headphones,Electronics,Headphones,40314,Godrej Consumer
PROD05838,Bajaj Sofa,Home & Kitchen,Sofa,33176,ITC Limited
PROD05839,Samsung Football,Sports,Football,12134,Godrej Consumer
PROD05840,Dell Perfume,Beauty,Perfume,1412,Godrej Consumer
PROD05841,Dell Football,Sports,Football,8152,Flipkart Seller
PROD05842,Apple Children Book,Books,Children Book,1003,Reliance Retail
PROD05843,Prestige Handbag,Fashion,Handbag,3015,ITC Limited
PROD05844,Sony Dining Table,Home & Kitchen,Dining Table,15361,DMart
PROD05845,Prestige Jeans,Fashion,Jeans,3379,Croma
PROD05846,Amul Television,Electronics,Television,71660,ITC Limited
PROD05847,Godrej Handbag,Fashion,Handbag,6829,Vijay Sales
PROD05848,Bajaj Headphones,Electronics,Headphones,83614,BigBasket
PROD05849,HP Biscuits,Grocery,Biscuits,2954,BigBasket
PROD05850,Samsung Shampoo,Beauty,Shampoo,2929,Godrej Consumer
PROD05851,Adidas LED Lamp,Home & Kitchen,LED Lamp,43118,Flipkart Seller
PROD05852,Nike Badminton Racket,Sports,Badminton Racket,24772,Godrej Consumer
PROD05853,Prestige Headphones,Electronics,Headphones,120855,Reliance Retail
PROD05854,Sony Mixer Grinder,Home & Kitchen,Mixer Grinder,11351,Flipkart Seller
PROD05855,Aashirvaad Academic Book,Books,Academic Book,2462,ITC Limited
PROD05856,Samsung Smart Watch,Electronics,Smart Watch,64749,BigBasket
PROD05857,HP Tea Powder,Grocery,Tea Powder,1633,Reliance Retail
PROD05858,Apple Dumbbell,Sports,Dumbbell,7164,Tata Consumer
PROD05859,Adidas Biscuits,Grocery,Biscuits,155,Amazon Seller
PROD05860,Apple Novel,Books,Novel,1809,BigBasket
PROD05861,Bajaj Football,Sports,Football,25752,Reliance Retail
PROD05862,Godrej Cooking Oil,Grocery,Cooking Oil,2648,Croma
PROD05863,Mi Cricket Bat,Sports,Cricket Bat,24289,Godrej Consumer
PROD05864,Samsung Shampoo,Beauty,Shampoo,4669,DMart
PROD05865,Dell Lipstick,Beauty,Lipstick,3865,Flipkart Seller
PROD05866,Godrej Children Book,Books,Children Book,1845,Vijay Sales
PROD05867,LG Mobile,Electronics,Mobile,87168,Vijay Sales
PROD05868,Sony Jeans,Fashion,Jeans,6946,Reliance Retail
PROD05869,LG Women Dress,Fashion,Women Dress,5870,DMart
PROD05870,Mi LED Lamp,Home & Kitchen,LED Lamp,36165,Reliance Retail
PROD05871,Dell Laptop,Electronics,Laptop,115985,ITC Limited
PROD05872,HP Shoes,Fashion,Shoes,3233,Godrej Consumer
PROD05873,Samsung Cricket Bat,Sports,Cricket Bat,16043,Tata Consumer
PROD05874,Boat Academic Book,Books,Academic Book,763,BigBasket
PROD05875,Samsung Sofa,Home & Kitchen,Sofa,18479,BigBasket
PROD05876,Sony Television,Electronics,Television,60388,DMart
PROD05877,Prestige Tea Powder,Grocery,Tea Powder,1925,BigBasket
PROD05878,Amul Biscuits,Grocery,Biscuits,1828,BigBasket
PROD05879,Reliance Shoes,Fashion,Shoes,1201,ITC Limited
PROD05880,HP Shampoo,Beauty,Shampoo,1150,Vijay Sales
PROD05881,Mi Men T-Shirt,Fashion,Men T-Shirt,5088,Croma
PROD05882,OnePlus Badminton Racket,Sports,Badminton Racket,21265,Croma
PROD05883,Sony LED Lamp,Home & Kitchen,LED Lamp,42401,Amazon Seller
PROD05884,Aashirvaad Lipstick,Beauty,Lipstick,2252,Flipkart Seller
PROD05885,Reliance LED Lamp,Home & Kitchen,LED Lamp,2225,DMart
PROD05886,Boat Spices,Grocery,Spices,60,
PROD05887,Boat Dumbbell,Sports,Dumbbell,2582,DMart
PROD05888,Adidas Tea Powder,Grocery,Tea Powder,2848,BigBasket
PROD05889,HP Children Book,Books,Children Book,726,Amazon Seller
PROD05890,Mi Novel,Books,Novel,153,BigBasket
PROD05891,Puma Shampoo,Beauty,Shampoo,641,BigBasket
PROD05892,Aashirvaad Dining Table,Home & Kitchen,Dining Table,48420,Flipkart Seller
PROD05893,Adidas Sofa,Home & Kitchen,Sofa,38527,DMart
PROD05894,Prestige Jeans,Fashion,Jeans,1237,BigBasket
PROD05895,Lenovo Badminton Racket,Sports,Badminton Racket,17442,Tata Consumer
PROD05896,Bajaj Biography,Books,Biography,410,Amazon Seller
PROD05897,Adidas Rice,Grocery,Rice,107,Godrej Consumer
PROD05898,Puma Dining Table,Home & Kitchen,Dining Table,29389,Tata Consumer
PROD05899,Godrej Badminton Racket,Sports,Badminton Racket,3605,ITC Limited
PROD05900,Lenovo Men T-Shirt,Fashion,Men T-Shirt,6889,Croma
PROD05901,Reliance Academic Book,Books,Academic Book,559,ITC Limited
PROD05902,Prestige Shampoo,Beauty,Shampoo,2656,DMart
PROD05903,Boat Academic Book,Books,Academic Book,527,Flipkart Seller
PROD05904,Godrej Pressure Cooker,Home & Kitchen,Pressure Cooker,32047,ITC Limited
PROD05905,Samsung Shampoo,Beauty,Shampoo,221,Tata Consumer
PROD05906,Prestige Spices,Grocery,Spices,2297,Tata Consumer
PROD05907,OnePlus Mobile,Electronics,Mobile,111270,ITC Limited
PROD05908,Adidas Sofa,Home & Kitchen,Sofa,8945,Croma
PROD05909,Reliance Biscuits,Grocery,Biscuits,1715,ITC Limited
PROD05910,LG Cricket Bat,Sports,Cricket Bat,28802,Vijay Sales
PROD05911,Bajaj Spices,Grocery,Spices,1051,Flipkart Seller
PROD05912,Sony Dining Table,Home & Kitchen,Dining Table,46816,DMart
PROD05913,Reliance Headphones,Electronics,Headphones,18839,Amazon Seller
PROD05914,Sony Men T-Shirt,Fashion,Men T-Shirt,4414,Vijay Sales
PROD05915,Boat Tea Powder,Grocery,Tea Powder,2898,Reliance Retail
PROD05916,LG Dumbbell,Sports,Dumbbell,6011,BigBasket
PROD05917,Samsung Cricket Bat,Sports,Cricket Bat,9978,Amazon Seller
PROD05918,Godrej Headphones,Electronics,Headphones,130933,Reliance Retail
PROD05919,Prestige Smart Watch,Electronics,Smart Watch,72133,Croma
PROD05920,Tata Football,Sports,Football,3627,Vijay Sales
PROD05921,Bajaj Shampoo,Beauty,Shampoo,4354,Amazon Seller
PROD05922,LG Women Dress,Fashion,Women Dress,2576,Reliance Retail
PROD05923,Puma Smart Watch,Electronics,Smart Watch,39207,Amazon Seller
PROD05924,Reliance Football,Sports,Football,12704,Vijay Sales
PROD05925,Samsung Men T-Shirt,Fashion,Men T-Shirt,5733,Godrej Consumer
PROD05926,Prestige Rice,Grocery,Rice,516,DMart
PROD05927,Adidas LED Lamp,Home & Kitchen,LED Lamp,14201,DMart
PROD05928,Bajaj Academic Book,Books,Academic Book,1083,Amazon Seller
PROD05929,Lenovo Pressure Cooker,Home & Kitchen,Pressure Cooker,25327,Flipkart Seller
PROD05930,Sony Cooking Oil,Grocery,Cooking Oil,1046,Godrej Consumer
PROD05931,Godrej Dining Table,Home & Kitchen,Dining Table,45016,BigBasket
PROD05932,Bajaj Pressure Cooker,Home & Kitchen,Pressure Cooker,20441,Amazon Seller
PROD05933,Adidas Children Book,Books,Children Book,1370,Godrej Consumer
PROD05934,Tata Lipstick,Beauty,Lipstick,1519,BigBasket
PROD05935,Godrej Children Book,Books,Children Book,941,BigBasket
PROD05936,Mi Men T-Shirt,Fashion,Men T-Shirt,3221,DMart
PROD05937,HP Lipstick,Beauty,Lipstick,2086,BigBasket
PROD05938,Sony Dumbbell,Sports,Dumbbell,20876,Tata Consumer
PROD05939,Amul Cooking Oil,Grocery,Cooking Oil,1707,Flipkart Seller
PROD05940,Aashirvaad Pressure Cooker,Home & Kitchen,Pressure Cooker,26995,Croma
PROD05941,Mi Tea Powder,Grocery,Tea Powder,321,BigBasket
PROD05942,Sony Lipstick,Beauty,Lipstick,3128,DMart
PROD05943,Reliance Spices,Grocery,Spices,2587,Vijay Sales
PROD05944,Samsung Perfume,Beauty,Perfume,2283,Tata Consumer
PROD05945,Puma Tea Powder,Grocery,Tea Powder,1070,Vijay Sales
PROD05946,Amul Spices,Grocery,Spices,702,BigBasket
PROD05947,Aashirvaad Perfume,Beauty,Perfume,3657,Croma
PROD05948,Boat Football,Sports,Football,7328,ITC Limited
PROD05949,LG Children Book,Books,Children Book,2408,Croma
PROD05950,LG Football,Sports,Football,9990,DMart
PROD05951,HP Badminton Racket,Sports,Badminton Racket,19911,Amazon Seller
PROD05952,Boat Mixer Grinder,Home & Kitchen,Mixer Grinder,31617,Flipkart Seller
PROD05953,Godrej Shoes,Fashion,Shoes,1909,ITC Limited
PROD05954,Nike Jeans,Fashion,Jeans,2040,BigBasket
PROD05955,Lenovo Perfume,Beauty,Perfume,3615,DMart
PROD05956,Godrej Cricket Bat,sports,Cricket Bat,26216,Flipkart Seller
PROD05957,Adidas Shampoo,Beauty,Shampoo,4732,Tata Consumer
PROD05958,OnePlus Novel,Books,Novel,2387,Flipkart Seller
PROD05959,Amul Face Wash,Beauty,Face Wash,1939,ITC Limited
PROD05960,Aashirvaad Mobile,Electronics,Mobile,140074,DMart
PROD05961,Prestige Badminton Racket,Sports,Badminton Racket,1457,DMart
PROD01797,Bajaj Headphones,Electronics,Headphones,129252,Amazon Seller
PROD05963,HP Face Wash,Beauty,Face Wash,1460,Reliance Retail
PROD05964,Apple Smart Watch,Electronics,Smart Watch,116047,Tata Consumer
PROD05965,Apple Academic Book,Books,Academic Book,723,Vijay Sales
PROD05966,Mi Dumbbell,Sports,Dumbbell,7315,Flipkart Seller
PROD05967,Adidas Men T-Shirt,Fashion,Men T-Shirt,3562,DMart
PROD05968,Dell Biography,Books,Biography,1775,Amazon Seller
PROD05969,LG Dining Table,Home & Kitchen,Dining Table,49564,Godrej Consumer
PROD05970,Aashirvaad Cooking Oil,Grocery,Cooking Oil,2927,BigBasket
PROD05971,Bajaj Sofa,Home & Kitchen,Sofa,13034,Godrej Consumer
PROD05972,LG Headphones,Electronics,Headphones,83793,Reliance Retail
PROD05973,Mi Shoes,Fashion,Shoes,2448,ITC Limited
PROD05974,Samsung Rice,Grocery,Rice,793,Vijay Sales
PROD05975,Adidas Badminton Racket,Sports,Badminton Racket,19084,Tata Consumer
PROD05976,Godrej Television,Electronics,Television,123357,Reliance Retail
PROD05977,Bajaj Shampoo,Beauty,Shampoo,2792,DMart
PROD05978,Reliance Academic Book,Books,Academic Book,579,Vijay Sales
PROD05979,Amul Laptop,Electronics,Laptop,12219,Flipkart Seller
PROD05980,Mi Shampoo,Beauty,,2329,Godrej Consumer
PROD05981,Bajaj Mobile,Electronics,Mobile,64355,DMart
PROD05982,Bajaj Dining Table,Home & Kitchen,Dining Table,31710,Vijay Sales
PROD05983,Bajaj Biscuits,Grocery,Biscuits,2858,BigBasket
PROD05984,Adidas Academic Book,Books,Academic Book,336,Godrej Consumer
PROD05985,Prestige Biography,Books,Biography,404,Flipkart Seller
PROD05986,HP Biscuits,Grocery,Biscuits,2509,DMart
PROD05987,Nike Mobile,Electronics,Mobile,147712,Flipkart Seller
PROD05988,Tata Headphones,Electronics,Headphones,79167,Godrej Consumer
PROD05989,Tata Cricket Bat,Sports,Cricket Bat,2058,BigBasket
PROD05990,Reliance Football,Sports,Football,5432,ITC Limited
PROD05991,Godrej Children Book,Books,Children Book,637,Vijay Sales
PROD05992,Prestige Academic Book,Books,Academic Book,312,DMart
PROD05993,Samsung Pressure Cooker,Home & Kitchen,Pressure Cooker,13644,BigBasket
PROD05994,Adidas Biography,Books,Biography,2417,BigBasket
PROD05995,Bajaj Men T-Shirt,Fashion,Men T-Shirt,2915,DMart
PROD04003,Dell Face Wash,Beauty,Face Wash,4562,Flipkart Seller
PROD05997,HP Cricket Bat,Sports,Cricket Bat,27937,Godrej Consumer
PROD05998,Apple Laptop,Electronics,Laptop,105180,Reliance Retail
PROD05999,HP Smart Watch,Electronics,Smart Watch,30921,Flipkart Seller
PROD06000,Samsung Biscuits,Grocery,Biscuits,882,Amazon Seller
